schema_name,table_name,column_name,primary_change,change_type,detail,prod_data_type,prod_length,prod_max_length_bytes,prod_precision,prod_scale,prod_is_nullable,systest_data_type,systest_length,systest_max_length_bytes,systest_precision,systest_scale,systest_is_nullable
dbo,a_accountdefaults,eaudittimestamp,DATA_TYPE_CHANGED,DATA_TYPE_CHANGED|PRECISION_INCREASED|SCALE_INCREASED,datetime -> datetime2(7),datetime,NULL,8.0,23.0,3.0,0.0,datetime2(7),NULL,8.0,27.0,7.0,0.0
dbo,a_accountdefaults,eauditusername,LENGTH_INCREASED,LENGTH_INCREASED,varchar(30) -> varchar(100),varchar(30),30.0,30.0,0.0,0.0,0.0,varchar(100),100.0,100.0,0.0,0.0,0.0
dbo,a_alndomain,eaudittimestamp,DATA_TYPE_CHANGED,DATA_TYPE_CHANGED|PRECISION_INCREASED|SCALE_INCREASED,datetime -> datetime2(7),datetime,NULL,8.0,23.0,3.0,0.0,datetime2(7),NULL,8.0,27.0,7.0,0.0
dbo,a_alndomain,eauditusername,LENGTH_INCREASED,LENGTH_INCREASED,varchar(30) -> varchar(100),varchar(30),30.0,30.0,0.0,0.0,0.0,varchar(100),100.0,100.0,0.0,0.0,0.0
dbo,a_applicationauth,eaudittimestamp,DATA_TYPE_CHANGED,DATA_TYPE_CHANGED|PRECISION_INCREASED|SCALE_INCREASED,datetime -> datetime2(7),datetime,NULL,8.0,23.0,3.0,0.0,datetime2(7),NULL,8.0,27.0,7.0,0.0
dbo,a_applicationauth,eauditusername,LENGTH_INCREASED,LENGTH_INCREASED,varchar(30) -> varchar(100),varchar(30),30.0,30.0,0.0,0.0,0.0,varchar(100),100.0,100.0,0.0,0.0,0.0
dbo,a_asset,adjustedlifedate,COLUMN_ADDED,COLUMN_ADDED,new datetime2(7),,,,,,,datetime2(7),NULL,8.0,27.0,7.0,1.0
dbo,a_asset,ahcainspformnum,COLUMN_ADDED,COLUMN_ADDED,new varchar(12),,,,,,,varchar(12),12.0,12.0,0.0,0.0,1.0
dbo,a_asset,ahcainspstatus,COLUMN_ADDED,COLUMN_ADDED,new varchar(20),,,,,,,varchar(20),20.0,20.0,0.0,0.0,1.0
dbo,a_asset,ahcajpnum,COLUMN_ADDED,COLUMN_ADDED,new varchar(20),,,,,,,varchar(20),20.0,20.0,0.0,0.0,1.0
dbo,a_asset,ahcalastcompdate,COLUMN_ADDED,COLUMN_ADDED,new datetime2(7),,,,,,,datetime2(7),NULL,8.0,27.0,7.0,1.0
dbo,a_asset,ahcapmnextduedate,COLUMN_ADDED,COLUMN_ADDED,new datetime2(7),,,,,,,datetime2(7),NULL,8.0,27.0,7.0,1.0
dbo,a_asset,ahcapmnum,COLUMN_ADDED,COLUMN_ADDED,new varchar(25),,,,,,,varchar(25),25.0,25.0,0.0,0.0,1.0
dbo,a_asset,ahcaresultnum,COLUMN_ADDED,COLUMN_ADDED,new varchar(12),,,,,,,varchar(12),12.0,12.0,0.0,0.0,1.0
dbo,a_asset,ahcarevision,COLUMN_ADDED,COLUMN_ADDED,new int,,,,,,,int,NULL,4.0,10.0,0.0,1.0
dbo,a_asset,ahcawonum,COLUMN_ADDED,COLUMN_ADDED,new varchar(25),,,,,,,varchar(25),25.0,25.0,0.0,0.0,1.0
dbo,a_asset,ahcaworktype,COLUMN_ADDED,COLUMN_ADDED,new varchar(5),,,,,,,varchar(5),5.0,5.0,0.0,0.0,1.0
dbo,a_asset,ahcawostatus,COLUMN_ADDED,COLUMN_ADDED,new varchar(16),,,,,,,varchar(16),16.0,16.0,0.0,0.0,1.0
dbo,a_asset,inhibitalertgen,COLUMN_ADDED,COLUMN_ADDED,new smallint,,,,,,,smallint,NULL,2.0,5.0,0.0,1.0
dbo,a_asset,lastahscoredate,COLUMN_ADDED,COLUMN_ADDED,new datetime2(7),,,,,,,datetime2(7),NULL,8.0,27.0,7.0,1.0
dbo,a_asset,methodname,COLUMN_ADDED,COLUMN_ADDED,new varchar(250),,,,,,,varchar(250),250.0,250.0,0.0,0.0,1.0
dbo,a_asset,mrefassettype,COLUMN_ADDED,COLUMN_ADDED,new varchar(50),,,,,,,varchar(50),50.0,50.0,0.0,0.0,1.0
dbo,a_asset,mrefid,COLUMN_ADDED,COLUMN_ADDED,new varchar(1000),,,,,,,varchar(1000),1000.0,1000.0,0.0,0.0,1.0
dbo,a_asset,mrefrecordid,COLUMN_ADDED,COLUMN_ADDED,new varchar(50),,,,,,,varchar(50),50.0,50.0,0.0,0.0,1.0
dbo,a_asset,pluscbypassaccuracyvalidation,COLUMN_ADDED,COLUMN_ADDED,new smallint,,,,,,,smallint,NULL,2.0,5.0,0.0,1.0
dbo,a_asset,pluscfullrgeeu,COLUMN_ADDED,COLUMN_ADDED,new varchar(15),,,,,,,varchar(15),15.0,15.0,0.0,0.0,1.0
dbo,a_asset,pluscfullrgefrom,COLUMN_ADDED,COLUMN_ADDED,new varchar(15),,,,,,,varchar(15),15.0,15.0,0.0,0.0,1.0
dbo,a_asset,pluscfullrgeto,COLUMN_ADDED,COLUMN_ADDED,new varchar(15),,,,,,,varchar(15),15.0,15.0,0.0,0.0,1.0
dbo,a_asset,geometry,COLUMN_DROPPED,COLUMN_DROPPED,was image,image,NULL,16.0,0.0,0.0,1.0,,,,,,
dbo,a_asset,plussgeojson,COLUMN_DROPPED,COLUMN_DROPPED,was text,text,NULL,16.0,0.0,0.0,1.0,,,,,,
dbo,a_asset,assethealth,DATA_TYPE_CHANGED,DATA_TYPE_CHANGED|PRECISION_INCREASED|SCALE_INCREASED,"int -> decimal(12,2)",int,NULL,4.0,10.0,0.0,1.0,"decimal(12,2)",NULL,9.0,12.0,2.0,1.0
dbo,a_asset,changedate,DATA_TYPE_CHANGED,DATA_TYPE_CHANGED|PRECISION_INCREASED|SCALE_INCREASED,datetime -> datetime2(7),datetime,NULL,8.0,23.0,3.0,1.0,datetime2(7),NULL,8.0,27.0,7.0,1.0
dbo,a_asset,eaudittimestamp,DATA_TYPE_CHANGED,DATA_TYPE_CHANGED|PRECISION_INCREASED|SCALE_INCREASED,datetime -> datetime2(7),datetime,NULL,8.0,23.0,3.0,0.0,datetime2(7),NULL,8.0,27.0,7.0,0.0
dbo,a_asset,eq23,DATA_TYPE_CHANGED,DATA_TYPE_CHANGED|PRECISION_INCREASED|SCALE_INCREASED,datetime -> datetime2(7),datetime,NULL,8.0,23.0,3.0,1.0,datetime2(7),NULL,8.0,27.0,7.0,1.0
dbo,a_asset,eq6,DATA_TYPE_CHANGED,DATA_TYPE_CHANGED|PRECISION_INCREASED|SCALE_INCREASED,datetime -> datetime2(7),datetime,NULL,8.0,23.0,3.0,1.0,datetime2(7),NULL,8.0,27.0,7.0,1.0
dbo,a_asset,estendoflife,DATA_TYPE_CHANGED,DATA_TYPE_CHANGED|PRECISION_INCREASED|SCALE_INCREASED,datetime -> datetime2(7),datetime,NULL,8.0,23.0,3.0,1.0,datetime2(7),NULL,8.0,27.0,7.0,1.0
dbo,a_asset,expectedlifedate,DATA_TYPE_CHANGED,DATA_TYPE_CHANGED|PRECISION_INCREASED|SCALE_INCREASED,datetime -> datetime2(7),datetime,NULL,8.0,23.0,3.0,1.0,datetime2(7),NULL,8.0,27.0,7.0,1.0
dbo,a_asset,installdate,DATA_TYPE_CHANGED,DATA_TYPE_CHANGED|PRECISION_INCREASED|SCALE_INCREASED,datetime -> datetime2(7),datetime,NULL,8.0,23.0,3.0,1.0,datetime2(7),NULL,8.0,27.0,7.0,1.0
dbo,a_asset,lastauditdate,DATA_TYPE_CHANGED,DATA_TYPE_CHANGED|PRECISION_INCREASED|SCALE_INCREASED,datetime -> datetime2(7),datetime,NULL,8.0,23.0,3.0,1.0,datetime2(7),NULL,8.0,27.0,7.0,1.0
dbo,a_asset,pluscduedate,DATA_TYPE_CHANGED,DATA_TYPE_CHANGED|PRECISION_INCREASED|SCALE_INCREASED,datetime -> datetime2(7),datetime,NULL,8.0,23.0,3.0,1.0,datetime2(7),NULL,8.0,27.0,7.0,1.0
dbo,a_asset,pmnextfaildt,DATA_TYPE_CHANGED,DATA_TYPE_CHANGED|PRECISION_INCREASED|SCALE_INCREASED,datetime -> datetime2(7),datetime,NULL,8.0,23.0,3.0,1.0,datetime2(7),NULL,8.0,27.0,7.0,1.0
dbo,a_asset,statusdate,DATA_TYPE_CHANGED,DATA_TYPE_CHANGED|PRECISION_INCREASED|SCALE_INCREASED,datetime -> datetime2(7),datetime,NULL,8.0,23.0,3.0,1.0,datetime2(7),NULL,8.0,27.0,7.0,1.0
dbo,a_asset,warrantyexpdate,DATA_TYPE_CHANGED,DATA_TYPE_CHANGED|PRECISION_INCREASED|SCALE_INCREASED,datetime -> datetime2(7),datetime,NULL,8.0,23.0,3.0,1.0,datetime2(7),NULL,8.0,27.0,7.0,1.0
dbo,a_asset,z_commissioned,DATA_TYPE_CHANGED,DATA_TYPE_CHANGED|PRECISION_INCREASED|SCALE_INCREASED,datetime -> datetime2(7),datetime,NULL,8.0,23.0,3.0,1.0,datetime2(7),NULL,8.0,27.0,7.0,1.0
dbo,a_asset,z_conditiondate,DATA_TYPE_CHANGED,DATA_TYPE_CHANGED|PRECISION_INCREASED|SCALE_INCREASED,datetime -> datetime2(7),datetime,NULL,8.0,23.0,3.0,1.0,datetime2(7),NULL,8.0,27.0,7.0,1.0
dbo,a_asset,z_decomdate,DATA_TYPE_CHANGED,DATA_TYPE_CHANGED|PRECISION_INCREASED|SCALE_INCREASED,datetime -> datetime2(7),datetime,NULL,8.0,23.0,3.0,1.0,datetime2(7),NULL,8.0,27.0,7.0,1.0
dbo,a_asset,z_manufacturedate,DATA_TYPE_CHANGED,DATA_TYPE_CHANGED|PRECISION_INCREASED|SCALE_INCREASED,datetime -> datetime2(7),datetime,NULL,8.0,23.0,3.0,1.0,datetime2(7),NULL,8.0,27.0,7.0,1.0
dbo,a_asset,z_sourcesysts,DATA_TYPE_CHANGED,DATA_TYPE_CHANGED|PRECISION_INCREASED|SCALE_INCREASED,datetime -> datetime2(7),datetime,NULL,8.0,23.0,3.0,1.0,datetime2(7),NULL,8.0,27.0,7.0,1.0
dbo,a_asset,assettype,LENGTH_INCREASED,LENGTH_INCREASED,varchar(25) -> varchar(50),varchar(25),25.0,25.0,0.0,0.0,1.0,varchar(50),50.0,50.0,0.0,0.0,1.0
dbo,a_asset,changeby,LENGTH_INCREASED,LENGTH_INCREASED,varchar(30) -> varchar(100),varchar(30),30.0,30.0,0.0,0.0,1.0,varchar(100),100.0,100.0,0.0,0.0,1.0
dbo,a_asset,classstructureid,LENGTH_INCREASED,LENGTH_INCREASED,varchar(20) -> varchar(25),varchar(20),20.0,20.0,0.0,0.0,1.0,varchar(25),25.0,25.0,0.0,0.0,1.0
dbo,a_asset,eauditusername,LENGTH_INCREASED,LENGTH_INCREASED,varchar(30) -> varchar(100),varchar(30),30.0,30.0,0.0,0.0,0.0,varchar(100),100.0,100.0,0.0,0.0,0.0
dbo,a_asset,lastauditby,LENGTH_INCREASED,LENGTH_INCREASED,varchar(30) -> varchar(100),varchar(30),30.0,30.0,0.0,0.0,1.0,varchar(100),100.0,100.0,0.0,0.0,1.0
dbo,a_asset,saddresscode,LENGTH_INCREASED,LENGTH_INCREASED,varchar(12) -> varchar(25),varchar(12),12.0,12.0,0.0,0.0,1.0,varchar(25),25.0,25.0,0.0,0.0,1.0
dbo,a_assignment,actualenddate,COLUMN_ADDED,COLUMN_ADDED,new datetime2(7),,,,,,,datetime2(7),NULL,8.0,27.0,7.0,1.0
dbo,a_assignment,actualstartdate,COLUMN_ADDED,COLUMN_ADDED,new datetime2(7),,,,,,,datetime2(7),NULL,8.0,27.0,7.0,1.0
dbo,a_assignment,anywhererefid,COLUMN_ADDED,COLUMN_ADDED,new bigint,,,,,,,bigint,NULL,8.0,19.0,0.0,1.0
dbo,a_assignment,dispatchstatus,COLUMN_ADDED,COLUMN_ADDED,new varchar(12),,,,,,,varchar(12),12.0,12.0,0.0,0.0,1.0
dbo,a_assignment,dispstatusdate,COLUMN_ADDED,COLUMN_ADDED,new datetime2(7),,,,,,,datetime2(7),NULL,8.0,27.0,7.0,1.0
dbo,a_assignment,qualmet,COLUMN_ADDED,COLUMN_ADDED,new varchar(12),,,,,,,varchar(12),12.0,12.0,0.0,0.0,1.0
dbo,a_assignment,splanreviewdate,COLUMN_ADDED,COLUMN_ADDED,new datetime2(7),,,,,,,datetime2(7),NULL,8.0,27.0,7.0,1.0
dbo,a_assignment,wplaboruid,COLUMN_ADDED,COLUMN_ADDED,new bigint,,,,,,,bigint,NULL,8.0,19.0,0.0,1.0
dbo,a_assignment,changedate,DATA_TYPE_CHANGED,DATA_TYPE_CHANGED|PRECISION_INCREASED|SCALE_INCREASED,datetime -> datetime2(7),datetime,NULL,8.0,23.0,3.0,1.0,datetime2(7),NULL,8.0,27.0,7.0,1.0
dbo,a_assignment,eaudittimestamp,DATA_TYPE_CHANGED,DATA_TYPE_CHANGED|PRECISION_INCREASED|SCALE_INCREASED,datetime -> datetime2(7),datetime,NULL,8.0,23.0,3.0,0.0,datetime2(7),NULL,8.0,27.0,7.0,0.0
dbo,a_assignment,finishdate,DATA_TYPE_CHANGED,DATA_TYPE_CHANGED|PRECISION_INCREASED|SCALE_INCREASED,datetime -> datetime2(7),datetime,NULL,8.0,23.0,3.0,1.0,datetime2(7),NULL,8.0,27.0,7.0,1.0
dbo,a_assignment,scheduledate,DATA_TYPE_CHANGED,DATA_TYPE_CHANGED|PRECISION_INCREASED|SCALE_INCREASED,datetime -> datetime2(7),datetime,NULL,8.0,23.0,3.0,1.0,datetime2(7),NULL,8.0,27.0,7.0,1.0
dbo,a_assignment,startdate,DATA_TYPE_CHANGED,DATA_TYPE_CHANGED|PRECISION_INCREASED|SCALE_INCREASED,datetime -> datetime2(7),datetime,NULL,8.0,23.0,3.0,1.0,datetime2(7),NULL,8.0,27.0,7.0,1.0
dbo,a_assignment,workdate,DATA_TYPE_CHANGED,DATA_TYPE_CHANGED|PRECISION_INCREASED|SCALE_INCREASED,datetime -> datetime2(7),datetime,NULL,8.0,23.0,3.0,1.0,datetime2(7),NULL,8.0,27.0,7.0,1.0
dbo,a_assignment,changeby,LENGTH_INCREASED,LENGTH_INCREASED,varchar(30) -> varchar(100),varchar(30),30.0,30.0,0.0,0.0,1.0,varchar(100),100.0,100.0,0.0,0.0,1.0
dbo,a_assignment,eauditusername,LENGTH_INCREASED,LENGTH_INCREASED,varchar(30) -> varchar(100),varchar(30),30.0,30.0,0.0,0.0,0.0,varchar(100),100.0,100.0,0.0,0.0,0.0
dbo,a_assignment,wonum,LENGTH_INCREASED,LENGTH_INCREASED,varchar(10) -> varchar(25),varchar(10),10.0,10.0,0.0,0.0,1.0,varchar(25),25.0,25.0,0.0,0.0,1.0
dbo,a_autoscript,aitool,COLUMN_ADDED,COLUMN_ADDED,new smallint,,,,,,,smallint,NULL,2.0,5.0,0.0,1.0
dbo,a_autoscript,responseschema,COLUMN_ADDED,COLUMN_ADDED,new varchar(4000),,,,,,,varchar(4000),4000.0,4000.0,0.0,0.0,1.0
dbo,a_autoscript,binaryscriptsource,DATA_TYPE_CHANGED,DATA_TYPE_CHANGED,image -> varbinary(max),image,NULL,16.0,0.0,0.0,1.0,varbinary(max),NULL,-1.0,0.0,0.0,1.0
dbo,a_autoscript,changedate,DATA_TYPE_CHANGED,DATA_TYPE_CHANGED|PRECISION_INCREASED|SCALE_INCREASED,datetime -> datetime2(7),datetime,NULL,8.0,23.0,3.0,1.0,datetime2(7),NULL,8.0,27.0,7.0,1.0
dbo,a_autoscript,createddate,DATA_TYPE_CHANGED,DATA_TYPE_CHANGED|PRECISION_INCREASED|SCALE_INCREASED,datetime -> datetime2(7),datetime,NULL,8.0,23.0,3.0,1.0,datetime2(7),NULL,8.0,27.0,7.0,1.0
dbo,a_autoscript,eaudittimestamp,DATA_TYPE_CHANGED,DATA_TYPE_CHANGED|PRECISION_INCREASED|SCALE_INCREASED,datetime -> datetime2(7),datetime,NULL,8.0,23.0,3.0,0.0,datetime2(7),NULL,8.0,27.0,7.0,0.0
dbo,a_autoscript,source,DATA_TYPE_CHANGED,DATA_TYPE_CHANGED,text -> varchar(max),text,NULL,16.0,0.0,0.0,1.0,varchar(max),NULL,-1.0,0.0,0.0,1.0
dbo,a_autoscript,statusdate,DATA_TYPE_CHANGED,DATA_TYPE_CHANGED|PRECISION_INCREASED|SCALE_INCREASED,datetime -> datetime2(7),datetime,NULL,8.0,23.0,3.0,1.0,datetime2(7),NULL,8.0,27.0,7.0,1.0
dbo,a_autoscript,changeby,LENGTH_INCREASED,LENGTH_INCREASED,varchar(30) -> varchar(100),varchar(30),30.0,30.0,0.0,0.0,1.0,varchar(100),100.0,100.0,0.0,0.0,1.0
dbo,a_autoscript,createdby,LENGTH_INCREASED,LENGTH_INCREASED,varchar(62) -> varchar(82),varchar(62),62.0,62.0,0.0,0.0,1.0,varchar(82),82.0,82.0,0.0,0.0,1.0
dbo,a_autoscript,createdbyid,LENGTH_INCREASED,LENGTH_INCREASED,varchar(30) -> varchar(100),varchar(30),30.0,30.0,0.0,0.0,1.0,varchar(100),100.0,100.0,0.0,0.0,1.0
dbo,a_autoscript,createdbyname,LENGTH_INCREASED,LENGTH_INCREASED,varchar(62) -> varchar(82),varchar(62),62.0,62.0,0.0,0.0,1.0,varchar(82),82.0,82.0,0.0,0.0,1.0
dbo,a_autoscript,eauditusername,LENGTH_INCREASED,LENGTH_INCREASED,varchar(30) -> varchar(100),varchar(30),30.0,30.0,0.0,0.0,0.0,varchar(100),100.0,100.0,0.0,0.0,0.0
dbo,a_autoscript,owner,LENGTH_INCREASED,LENGTH_INCREASED,varchar(62) -> varchar(82),varchar(62),62.0,62.0,0.0,0.0,1.0,varchar(82),82.0,82.0,0.0,0.0,1.0
dbo,a_autoscript,ownerid,LENGTH_INCREASED,LENGTH_INCREASED,varchar(30) -> varchar(100),varchar(30),30.0,30.0,0.0,0.0,1.0,varchar(100),100.0,100.0,0.0,0.0,1.0
dbo,a_autoscript,ownername,LENGTH_INCREASED,LENGTH_INCREASED,varchar(62) -> varchar(82),varchar(62),62.0,62.0,0.0,0.0,1.0,varchar(82),82.0,82.0,0.0,0.0,1.0
dbo,a_companyaccdef,eaudittimestamp,DATA_TYPE_CHANGED,DATA_TYPE_CHANGED|PRECISION_INCREASED|SCALE_INCREASED,datetime -> datetime2(7),datetime,NULL,8.0,23.0,3.0,0.0,datetime2(7),NULL,8.0,27.0,7.0,0.0
dbo,a_companyaccdef,eauditusername,LENGTH_INCREASED,LENGTH_INCREASED,varchar(30) -> varchar(100),varchar(30),30.0,30.0,0.0,0.0,0.0,varchar(100),100.0,100.0,0.0,0.0,0.0
dbo,a_condition,eaudittimestamp,DATA_TYPE_CHANGED,DATA_TYPE_CHANGED|PRECISION_INCREASED|SCALE_INCREASED,datetime -> datetime2(7),datetime,NULL,8.0,23.0,3.0,0.0,datetime2(7),NULL,8.0,27.0,7.0,0.0
dbo,a_condition,eauditusername,LENGTH_INCREASED,LENGTH_INCREASED,varchar(30) -> varchar(100),varchar(30),30.0,30.0,0.0,0.0,0.0,varchar(100),100.0,100.0,0.0,0.0,0.0
dbo,a_craft,eaudittimestamp,DATA_TYPE_CHANGED,DATA_TYPE_CHANGED|PRECISION_INCREASED|SCALE_INCREASED,datetime -> datetime2(7),datetime,NULL,8.0,23.0,3.0,0.0,datetime2(7),NULL,8.0,27.0,7.0,0.0
dbo,a_craft,eauditusername,LENGTH_INCREASED,LENGTH_INCREASED,varchar(30) -> varchar(100),varchar(30),30.0,30.0,0.0,0.0,0.0,varchar(100),100.0,100.0,0.0,0.0,0.0
dbo,a_craftrate,eaudittimestamp,DATA_TYPE_CHANGED,DATA_TYPE_CHANGED|PRECISION_INCREASED|SCALE_INCREASED,datetime -> datetime2(7),datetime,NULL,8.0,23.0,3.0,0.0,datetime2(7),NULL,8.0,27.0,7.0,0.0
dbo,a_craftrate,eauditusername,LENGTH_INCREASED,LENGTH_INCREASED,varchar(30) -> varchar(100),varchar(30),30.0,30.0,0.0,0.0,0.0,varchar(100),100.0,100.0,0.0,0.0,0.0
dbo,a_crossoverdomain,eaudittimestamp,DATA_TYPE_CHANGED,DATA_TYPE_CHANGED|PRECISION_INCREASED|SCALE_INCREASED,datetime -> datetime2(7),datetime,NULL,8.0,23.0,3.0,0.0,datetime2(7),NULL,8.0,27.0,7.0,0.0
dbo,a_crossoverdomain,eauditusername,LENGTH_INCREASED,LENGTH_INCREASED,varchar(30) -> varchar(100),varchar(30),30.0,30.0,0.0,0.0,0.0,varchar(100),100.0,100.0,0.0,0.0,0.0
dbo,a_cslmobquery,changedate,DATA_TYPE_CHANGED,DATA_TYPE_CHANGED|PRECISION_INCREASED|SCALE_INCREASED,datetime -> datetime2(7),datetime,NULL,8.0,23.0,3.0,1.0,datetime2(7),NULL,8.0,27.0,7.0,1.0
dbo,a_cslmobquery,createdate,DATA_TYPE_CHANGED,DATA_TYPE_CHANGED|PRECISION_INCREASED|SCALE_INCREASED,datetime -> datetime2(7),datetime,NULL,8.0,23.0,3.0,1.0,datetime2(7),NULL,8.0,27.0,7.0,1.0
dbo,a_cslmobquery,eaudittimestamp,DATA_TYPE_CHANGED,DATA_TYPE_CHANGED|PRECISION_INCREASED|SCALE_INCREASED,datetime -> datetime2(7),datetime,NULL,8.0,23.0,3.0,0.0,datetime2(7),NULL,8.0,27.0,7.0,0.0
dbo,a_cslmobquery,changeby,LENGTH_INCREASED,LENGTH_INCREASED,varchar(30) -> varchar(100),varchar(30),30.0,30.0,0.0,0.0,1.0,varchar(100),100.0,100.0,0.0,0.0,1.0
dbo,a_cslmobquery,createby,LENGTH_INCREASED,LENGTH_INCREASED,varchar(30) -> varchar(100),varchar(30),30.0,30.0,0.0,0.0,1.0,varchar(100),100.0,100.0,0.0,0.0,1.0
dbo,a_cslmobquery,eauditusername,LENGTH_INCREASED,LENGTH_INCREASED,varchar(30) -> varchar(100),varchar(30),30.0,30.0,0.0,0.0,0.0,varchar(100),100.0,100.0,0.0,0.0,0.0
dbo,a_cslmobvars,changedate,DATA_TYPE_CHANGED,DATA_TYPE_CHANGED|PRECISION_INCREASED|SCALE_INCREASED,datetime -> datetime2(7),datetime,NULL,8.0,23.0,3.0,1.0,datetime2(7),NULL,8.0,27.0,7.0,1.0
dbo,a_cslmobvars,eaudittimestamp,DATA_TYPE_CHANGED,DATA_TYPE_CHANGED|PRECISION_INCREASED|SCALE_INCREASED,datetime -> datetime2(7),datetime,NULL,8.0,23.0,3.0,0.0,datetime2(7),NULL,8.0,27.0,7.0,0.0
dbo,a_cslmobvars,changeby,LENGTH_INCREASED,LENGTH_INCREASED,varchar(30) -> varchar(100),varchar(30),30.0,30.0,0.0,0.0,1.0,varchar(100),100.0,100.0,0.0,0.0,1.0
dbo,a_cslmobvars,eauditusername,LENGTH_INCREASED,LENGTH_INCREASED,varchar(30) -> varchar(100),varchar(30),30.0,30.0,0.0,0.0,0.0,varchar(100),100.0,100.0,0.0,0.0,0.0
dbo,a_escalation,changedate,DATA_TYPE_CHANGED,DATA_TYPE_CHANGED|PRECISION_INCREASED|SCALE_INCREASED,datetime -> datetime2(7),datetime,NULL,8.0,23.0,3.0,1.0,datetime2(7),NULL,8.0,27.0,7.0,1.0
dbo,a_escalation,eaudittimestamp,DATA_TYPE_CHANGED,DATA_TYPE_CHANGED|PRECISION_INCREASED|SCALE_INCREASED,datetime -> datetime2(7),datetime,NULL,8.0,23.0,3.0,0.0,datetime2(7),NULL,8.0,27.0,7.0,0.0
dbo,a_escalation,changeby,LENGTH_INCREASED,LENGTH_INCREASED,varchar(50) -> varchar(100),varchar(50),50.0,50.0,0.0,0.0,1.0,varchar(100),100.0,100.0,0.0,0.0,1.0
dbo,a_escalation,crontaskname,LENGTH_INCREASED,LENGTH_INCREASED,varchar(30) -> varchar(50),varchar(30),30.0,30.0,0.0,0.0,1.0,varchar(50),50.0,50.0,0.0,0.0,1.0
dbo,a_escalation,eauditusername,LENGTH_INCREASED,LENGTH_INCREASED,varchar(30) -> varchar(100),varchar(30),30.0,30.0,0.0,0.0,0.0,varchar(100),100.0,100.0,0.0,0.0,0.0
dbo,a_fincntrl,asofdate,DATA_TYPE_CHANGED,DATA_TYPE_CHANGED|PRECISION_INCREASED|SCALE_INCREASED,datetime -> datetime2(7),datetime,NULL,8.0,23.0,3.0,1.0,datetime2(7),NULL,8.0,27.0,7.0,1.0
dbo,a_fincntrl,changedate,DATA_TYPE_CHANGED,DATA_TYPE_CHANGED|PRECISION_INCREASED|SCALE_INCREASED,datetime -> datetime2(7),datetime,NULL,8.0,23.0,3.0,1.0,datetime2(7),NULL,8.0,27.0,7.0,1.0
dbo,a_fincntrl,eaudittimestamp,DATA_TYPE_CHANGED,DATA_TYPE_CHANGED|PRECISION_INCREASED|SCALE_INCREASED,datetime -> datetime2(7),datetime,NULL,8.0,23.0,3.0,0.0,datetime2(7),NULL,8.0,27.0,7.0,0.0
dbo,a_fincntrl,enddate,DATA_TYPE_CHANGED,DATA_TYPE_CHANGED|PRECISION_INCREASED|SCALE_INCREASED,datetime -> datetime2(7),datetime,NULL,8.0,23.0,3.0,1.0,datetime2(7),NULL,8.0,27.0,7.0,1.0
dbo,a_fincntrl,startdate,DATA_TYPE_CHANGED,DATA_TYPE_CHANGED|PRECISION_INCREASED|SCALE_INCREASED,datetime -> datetime2(7),datetime,NULL,8.0,23.0,3.0,1.0,datetime2(7),NULL,8.0,27.0,7.0,1.0
dbo,a_fincntrl,changeby,LENGTH_INCREASED,LENGTH_INCREASED,varchar(30) -> varchar(100),varchar(30),30.0,30.0,0.0,0.0,1.0,varchar(100),100.0,100.0,0.0,0.0,1.0
dbo,a_fincntrl,eauditusername,LENGTH_INCREASED,LENGTH_INCREASED,varchar(30) -> varchar(100),varchar(30),30.0,30.0,0.0,0.0,0.0,varchar(100),100.0,100.0,0.0,0.0,0.0
dbo,a_glauth,eaudittimestamp,DATA_TYPE_CHANGED,DATA_TYPE_CHANGED|PRECISION_INCREASED|SCALE_INCREASED,datetime -> datetime2(7),datetime,NULL,8.0,23.0,3.0,0.0,datetime2(7),NULL,8.0,27.0,7.0,0.0
dbo,a_glauth,eauditusername,LENGTH_INCREASED,LENGTH_INCREASED,varchar(30) -> varchar(100),varchar(30),30.0,30.0,0.0,0.0,0.0,varchar(100),100.0,100.0,0.0,0.0,0.0
dbo,a_glcomponents,eaudittimestamp,DATA_TYPE_CHANGED,DATA_TYPE_CHANGED|PRECISION_INCREASED|SCALE_INCREASED,datetime -> datetime2(7),datetime,NULL,8.0,23.0,3.0,0.0,datetime2(7),NULL,8.0,27.0,7.0,0.0
dbo,a_glcomponents,eauditusername,LENGTH_INCREASED,LENGTH_INCREASED,varchar(30) -> varchar(100),varchar(30),30.0,30.0,0.0,0.0,0.0,varchar(100),100.0,100.0,0.0,0.0,0.0
dbo,a_glcomponents,userid,LENGTH_INCREASED,LENGTH_INCREASED,varchar(30) -> varchar(100),varchar(30),30.0,30.0,0.0,0.0,1.0,varchar(100),100.0,100.0,0.0,0.0,1.0
dbo,a_glconfigure,eaudittimestamp,DATA_TYPE_CHANGED,DATA_TYPE_CHANGED|PRECISION_INCREASED|SCALE_INCREASED,datetime -> datetime2(7),datetime,NULL,8.0,23.0,3.0,0.0,datetime2(7),NULL,8.0,27.0,7.0,0.0
dbo,a_glconfigure,eauditusername,LENGTH_INCREASED,LENGTH_INCREASED,varchar(30) -> varchar(100),varchar(30),30.0,30.0,0.0,0.0,0.0,varchar(100),100.0,100.0,0.0,0.0,0.0
dbo,a_groupuser,eaudittimestamp,DATA_TYPE_CHANGED,DATA_TYPE_CHANGED|PRECISION_INCREASED|SCALE_INCREASED,datetime -> datetime2(7),datetime,NULL,8.0,23.0,3.0,0.0,datetime2(7),NULL,8.0,27.0,7.0,0.0
dbo,a_groupuser,eauditusername,LENGTH_INCREASED,LENGTH_INCREASED,varchar(30) -> varchar(100),varchar(30),30.0,30.0,0.0,0.0,0.0,varchar(100),100.0,100.0,0.0,0.0,0.0
dbo,a_groupuser,userid,LENGTH_INCREASED,LENGTH_INCREASED,varchar(30) -> varchar(100),varchar(30),30.0,30.0,0.0,0.0,1.0,varchar(100),100.0,100.0,0.0,0.0,1.0
dbo,a_grpreassignauth,eaudittimestamp,DATA_TYPE_CHANGED,DATA_TYPE_CHANGED|PRECISION_INCREASED|SCALE_INCREASED,datetime -> datetime2(7),datetime,NULL,8.0,23.0,3.0,0.0,datetime2(7),NULL,8.0,27.0,7.0,0.0
dbo,a_grpreassignauth,eauditusername,LENGTH_INCREASED,LENGTH_INCREASED,varchar(30) -> varchar(100),varchar(30),30.0,30.0,0.0,0.0,0.0,varchar(100),100.0,100.0,0.0,0.0,0.0
dbo,a_grpreassignauth,userid,LENGTH_INCREASED,LENGTH_INCREASED,varchar(30) -> varchar(100),varchar(30),30.0,30.0,0.0,0.0,1.0,varchar(100),100.0,100.0,0.0,0.0,1.0
dbo,a_labor,savelbsdatahistory,COLUMN_ADDED,COLUMN_ADDED,new smallint,,,,,,,smallint,NULL,2.0,5.0,0.0,1.0
dbo,a_labor,eaudittimestamp,DATA_TYPE_CHANGED,DATA_TYPE_CHANGED|PRECISION_INCREASED|SCALE_INCREASED,datetime -> datetime2(7),datetime,NULL,8.0,23.0,3.0,0.0,datetime2(7),NULL,8.0,27.0,7.0,0.0
dbo,a_labor,eauditusername,LENGTH_INCREASED,LENGTH_INCREASED,varchar(30) -> varchar(100),varchar(30),30.0,30.0,0.0,0.0,0.0,varchar(100),100.0,100.0,0.0,0.0,0.0
dbo,a_labor,personid,LENGTH_INCREASED,LENGTH_INCREASED,varchar(30) -> varchar(100),varchar(30),30.0,30.0,0.0,0.0,1.0,varchar(100),100.0,100.0,0.0,0.0,1.0
dbo,a_laborauth,eaudittimestamp,DATA_TYPE_CHANGED,DATA_TYPE_CHANGED|PRECISION_INCREASED|SCALE_INCREASED,datetime -> datetime2(7),datetime,NULL,8.0,23.0,3.0,0.0,datetime2(7),NULL,8.0,27.0,7.0,0.0
dbo,a_laborauth,eauditusername,LENGTH_INCREASED,LENGTH_INCREASED,varchar(30) -> varchar(100),varchar(30),30.0,30.0,0.0,0.0,0.0,varchar(100),100.0,100.0,0.0,0.0,0.0
dbo,a_laborcraftrate,eaudittimestamp,DATA_TYPE_CHANGED,DATA_TYPE_CHANGED|PRECISION_INCREASED|SCALE_INCREASED,datetime -> datetime2(7),datetime,NULL,8.0,23.0,3.0,0.0,datetime2(7),NULL,8.0,27.0,7.0,0.0
dbo,a_laborcraftrate,eauditusername,LENGTH_INCREASED,LENGTH_INCREASED,varchar(30) -> varchar(100),varchar(30),30.0,30.0,0.0,0.0,0.0,varchar(100),100.0,100.0,0.0,0.0,0.0
dbo,a_lbslocation,eaudittimestamp,DATA_TYPE_CHANGED,DATA_TYPE_CHANGED|PRECISION_INCREASED|SCALE_INCREASED,datetime -> datetime2(7),datetime,NULL,8.0,23.0,3.0,0.0,datetime2(7),NULL,8.0,27.0,7.0,0.0
dbo,a_lbslocation,lastupdate,DATA_TYPE_CHANGED,DATA_TYPE_CHANGED|PRECISION_INCREASED|SCALE_INCREASED,datetime -> datetime2(7),datetime,NULL,8.0,23.0,3.0,1.0,datetime2(7),NULL,8.0,27.0,7.0,1.0
dbo,a_lbslocation,eauditusername,LENGTH_INCREASED,LENGTH_INCREASED,varchar(30) -> varchar(100),varchar(30),30.0,30.0,0.0,0.0,0.0,varchar(100),100.0,100.0,0.0,0.0,0.0
dbo,a_lbslocation,wonum,LENGTH_INCREASED,LENGTH_INCREASED,varchar(10) -> varchar(25),varchar(10),10.0,10.0,0.0,0.0,1.0,varchar(25),25.0,25.0,0.0,0.0,1.0
dbo,a_limittolerance,eaudittimestamp,DATA_TYPE_CHANGED,DATA_TYPE_CHANGED|PRECISION_INCREASED|SCALE_INCREASED,datetime -> datetime2(7),datetime,NULL,8.0,23.0,3.0,0.0,datetime2(7),NULL,8.0,27.0,7.0,0.0
dbo,a_limittolerance,eauditusername,LENGTH_INCREASED,LENGTH_INCREASED,varchar(30) -> varchar(100),varchar(30),30.0,30.0,0.0,0.0,0.0,varchar(100),100.0,100.0,0.0,0.0,0.0
dbo,a_locations,adjustedlifedate,COLUMN_ADDED,COLUMN_ADDED,new datetime2(7),,,,,,,datetime2(7),NULL,8.0,27.0,7.0,1.0
dbo,a_locations,ahcainspformnum,COLUMN_ADDED,COLUMN_ADDED,new varchar(12),,,,,,,varchar(12),12.0,12.0,0.0,0.0,1.0
dbo,a_locations,ahcainspstatus,COLUMN_ADDED,COLUMN_ADDED,new varchar(20),,,,,,,varchar(20),20.0,20.0,0.0,0.0,1.0
dbo,a_locations,ahcajpnum,COLUMN_ADDED,COLUMN_ADDED,new varchar(20),,,,,,,varchar(20),20.0,20.0,0.0,0.0,1.0
dbo,a_locations,ahcalastcompdate,COLUMN_ADDED,COLUMN_ADDED,new datetime2(7),,,,,,,datetime2(7),NULL,8.0,27.0,7.0,1.0
dbo,a_locations,ahcapmnextduedate,COLUMN_ADDED,COLUMN_ADDED,new datetime2(7),,,,,,,datetime2(7),NULL,8.0,27.0,7.0,1.0
dbo,a_locations,ahcapmnum,COLUMN_ADDED,COLUMN_ADDED,new varchar(25),,,,,,,varchar(25),25.0,25.0,0.0,0.0,1.0
dbo,a_locations,ahcaresultnum,COLUMN_ADDED,COLUMN_ADDED,new varchar(12),,,,,,,varchar(12),12.0,12.0,0.0,0.0,1.0
dbo,a_locations,ahcarevision,COLUMN_ADDED,COLUMN_ADDED,new int,,,,,,,int,NULL,4.0,10.0,0.0,1.0
dbo,a_locations,ahcawonum,COLUMN_ADDED,COLUMN_ADDED,new varchar(25),,,,,,,varchar(25),25.0,25.0,0.0,0.0,1.0
dbo,a_locations,ahcaworktype,COLUMN_ADDED,COLUMN_ADDED,new varchar(5),,,,,,,varchar(5),5.0,5.0,0.0,0.0,1.0
dbo,a_locations,ahcawostatus,COLUMN_ADDED,COLUMN_ADDED,new varchar(16),,,,,,,varchar(16),16.0,16.0,0.0,0.0,1.0
dbo,a_locations,inhibitalertgen,COLUMN_ADDED,COLUMN_ADDED,new smallint,,,,,,,smallint,NULL,2.0,5.0,0.0,1.0
dbo,a_locations,lastahscoredate,COLUMN_ADDED,COLUMN_ADDED,new datetime2(7),,,,,,,datetime2(7),NULL,8.0,27.0,7.0,1.0
dbo,a_locations,methodname,COLUMN_ADDED,COLUMN_ADDED,new varchar(250),,,,,,,varchar(250),250.0,250.0,0.0,0.0,1.0
dbo,a_locations,mrefid,COLUMN_ADDED,COLUMN_ADDED,new varchar(1000),,,,,,,varchar(1000),1000.0,1000.0,0.0,0.0,1.0
dbo,a_locations,mrefloctype,COLUMN_ADDED,COLUMN_ADDED,new varchar(50),,,,,,,varchar(50),50.0,50.0,0.0,0.0,1.0
dbo,a_locations,mrefrecordid,COLUMN_ADDED,COLUMN_ADDED,new varchar(50),,,,,,,varchar(50),50.0,50.0,0.0,0.0,1.0
dbo,a_locations,geometry,COLUMN_DROPPED,COLUMN_DROPPED,was image,image,NULL,16.0,0.0,0.0,1.0,,,,,,
dbo,a_locations,plussgeojson,COLUMN_DROPPED,COLUMN_DROPPED,was text,text,NULL,16.0,0.0,0.0,1.0,,,,,,
dbo,a_locations,changedate,DATA_TYPE_CHANGED,DATA_TYPE_CHANGED|PRECISION_INCREASED|SCALE_INCREASED,datetime -> datetime2(7),datetime,NULL,8.0,23.0,3.0,1.0,datetime2(7),NULL,8.0,27.0,7.0,1.0
dbo,a_locations,eaudittimestamp,DATA_TYPE_CHANGED,DATA_TYPE_CHANGED|PRECISION_INCREASED|SCALE_INCREASED,datetime -> datetime2(7),datetime,NULL,8.0,23.0,3.0,0.0,datetime2(7),NULL,8.0,27.0,7.0,0.0
dbo,a_locations,estendoflife,DATA_TYPE_CHANGED,DATA_TYPE_CHANGED|PRECISION_INCREASED|SCALE_INCREASED,datetime -> datetime2(7),datetime,NULL,8.0,23.0,3.0,1.0,datetime2(7),NULL,8.0,27.0,7.0,1.0
dbo,a_locations,expectedlifedate,DATA_TYPE_CHANGED,DATA_TYPE_CHANGED|PRECISION_INCREASED|SCALE_INCREASED,datetime -> datetime2(7),datetime,NULL,8.0,23.0,3.0,1.0,datetime2(7),NULL,8.0,27.0,7.0,1.0
dbo,a_locations,fhdecomdate,DATA_TYPE_CHANGED,DATA_TYPE_CHANGED|PRECISION_INCREASED|SCALE_INCREASED,datetime -> datetime2(7),datetime,NULL,8.0,23.0,3.0,1.0,datetime2(7),NULL,8.0,27.0,7.0,1.0
dbo,a_locations,health,DATA_TYPE_CHANGED,DATA_TYPE_CHANGED|PRECISION_INCREASED|SCALE_INCREASED,"int -> decimal(12,2)",int,NULL,4.0,10.0,0.0,1.0,"decimal(12,2)",NULL,9.0,12.0,2.0,1.0
dbo,a_locations,installdate,DATA_TYPE_CHANGED,DATA_TYPE_CHANGED|PRECISION_INCREASED|SCALE_INCREASED,datetime -> datetime2(7),datetime,NULL,8.0,23.0,3.0,1.0,datetime2(7),NULL,8.0,27.0,7.0,1.0
dbo,a_locations,pluscduedate,DATA_TYPE_CHANGED,DATA_TYPE_CHANGED|PRECISION_INCREASED|SCALE_INCREASED,datetime -> datetime2(7),datetime,NULL,8.0,23.0,3.0,1.0,datetime2(7),NULL,8.0,27.0,7.0,1.0
dbo,a_locations,statusdate,DATA_TYPE_CHANGED,DATA_TYPE_CHANGED|PRECISION_INCREASED|SCALE_INCREASED,datetime -> datetime2(7),datetime,NULL,8.0,23.0,3.0,1.0,datetime2(7),NULL,8.0,27.0,7.0,1.0
dbo,a_locations,billtolaborcode,LENGTH_INCREASED,LENGTH_INCREASED,varchar(30) -> varchar(100),varchar(30),30.0,30.0,0.0,0.0,1.0,varchar(100),100.0,100.0,0.0,0.0,1.0
dbo,a_locations,changeby,LENGTH_INCREASED,LENGTH_INCREASED,varchar(30) -> varchar(100),varchar(30),30.0,30.0,0.0,0.0,1.0,varchar(100),100.0,100.0,0.0,0.0,1.0
dbo,a_locations,classstructureid,LENGTH_INCREASED,LENGTH_INCREASED,varchar(20) -> varchar(25),varchar(20),20.0,20.0,0.0,0.0,1.0,varchar(25),25.0,25.0,0.0,0.0,1.0
dbo,a_locations,eauditusername,LENGTH_INCREASED,LENGTH_INCREASED,varchar(30) -> varchar(100),varchar(30),30.0,30.0,0.0,0.0,0.0,varchar(100),100.0,100.0,0.0,0.0,0.0
dbo,a_locations,invowner,LENGTH_INCREASED,LENGTH_INCREASED,varchar(30) -> varchar(100),varchar(30),30.0,30.0,0.0,0.0,1.0,varchar(100),100.0,100.0,0.0,0.0,1.0
dbo,a_locations,saddresscode,LENGTH_INCREASED,LENGTH_INCREASED,varchar(12) -> varchar(25),varchar(12),12.0,12.0,0.0,0.0,1.0,varchar(25),25.0,25.0,0.0,0.0,1.0
dbo,a_locations,shiptolaborcode,LENGTH_INCREASED,LENGTH_INCREASED,varchar(30) -> varchar(100),varchar(30),30.0,30.0,0.0,0.0,1.0,varchar(100),100.0,100.0,0.0,0.0,1.0
dbo,a_longdescription,eaudittimestamp,DATA_TYPE_CHANGED,DATA_TYPE_CHANGED|PRECISION_INCREASED|SCALE_INCREASED,datetime -> datetime2(7),datetime,NULL,8.0,23.0,3.0,0.0,datetime2(7),NULL,8.0,27.0,7.0,0.0
dbo,a_longdescription,ldtext,DATA_TYPE_CHANGED,DATA_TYPE_CHANGED,text -> varchar(max),text,NULL,16.0,0.0,0.0,1.0,varchar(max),NULL,-1.0,0.0,0.0,1.0
dbo,a_longdescription,eauditusername,LENGTH_INCREASED,LENGTH_INCREASED,varchar(30) -> varchar(100),varchar(30),30.0,30.0,0.0,0.0,0.0,varchar(100),100.0,100.0,0.0,0.0,0.0
dbo,a_maxattributecfg,internalindicator,COLUMN_ADDED,COLUMN_ADDED,new varchar(1),,,,,,,varchar(1),1.0,1.0,0.0,0.0,1.0
dbo,a_maxattributecfg,eaudittimestamp,DATA_TYPE_CHANGED,DATA_TYPE_CHANGED|PRECISION_INCREASED|SCALE_INCREASED,datetime -> datetime2(7),datetime,NULL,8.0,23.0,3.0,0.0,datetime2(7),NULL,8.0,27.0,7.0,0.0
dbo,a_maxattributecfg,eauditusername,LENGTH_INCREASED,LENGTH_INCREASED,varchar(30) -> varchar(100),varchar(30),30.0,30.0,0.0,0.0,0.0,varchar(100),100.0,100.0,0.0,0.0,0.0
dbo,a_maxdomvalcond,eaudittimestamp,DATA_TYPE_CHANGED,DATA_TYPE_CHANGED|PRECISION_INCREASED|SCALE_INCREASED,datetime -> datetime2(7),datetime,NULL,8.0,23.0,3.0,0.0,datetime2(7),NULL,8.0,27.0,7.0,0.0
dbo,a_maxdomvalcond,eauditusername,LENGTH_INCREASED,LENGTH_INCREASED,varchar(30) -> varchar(100),varchar(30),30.0,30.0,0.0,0.0,0.0,varchar(100),100.0,100.0,0.0,0.0,0.0
dbo,a_maxgroup,changeby,COLUMN_ADDED,COLUMN_ADDED,new varchar(100),,,,,,,varchar(100),100.0,100.0,0.0,0.0,1.0
dbo,a_maxgroup,changedate,COLUMN_ADDED,COLUMN_ADDED,new datetime2(7),,,,,,,datetime2(7),NULL,8.0,27.0,7.0,1.0
dbo,a_maxgroup,createdby,COLUMN_ADDED,COLUMN_ADDED,new varchar(100),,,,,,,varchar(100),100.0,100.0,0.0,0.0,1.0
dbo,a_maxgroup,createddate,COLUMN_ADDED,COLUMN_ADDED,new datetime2(7),,,,,,,datetime2(7),NULL,8.0,27.0,7.0,1.0
dbo,a_maxgroup,groupexternalid,COLUMN_ADDED,COLUMN_ADDED,new varchar(100),,,,,,,varchar(100),100.0,100.0,0.0,0.0,1.0
dbo,a_maxgroup,groupprofileid,COLUMN_ADDED,COLUMN_ADDED,new varchar(100),,,,,,,varchar(100),100.0,100.0,0.0,0.0,1.0
dbo,a_maxgroup,masissuer,COLUMN_ADDED,COLUMN_ADDED,new varchar(20),,,,,,,varchar(20),20.0,20.0,0.0,0.0,1.0
dbo,a_maxgroup,eaudittimestamp,DATA_TYPE_CHANGED,DATA_TYPE_CHANGED|PRECISION_INCREASED|SCALE_INCREASED,datetime -> datetime2(7),datetime,NULL,8.0,23.0,3.0,0.0,datetime2(7),NULL,8.0,27.0,7.0,0.0
dbo,a_maxgroup,eauditusername,LENGTH_INCREASED,LENGTH_INCREASED,varchar(30) -> varchar(100),varchar(30),30.0,30.0,0.0,0.0,0.0,varchar(100),100.0,100.0,0.0,0.0,0.0
dbo,a_maxobjectcfg,internalindicator,COLUMN_ADDED,COLUMN_ADDED,new varchar(1),,,,,,,varchar(1),1.0,1.0,0.0,0.0,1.0
dbo,a_maxobjectcfg,eaudittimestamp,DATA_TYPE_CHANGED,DATA_TYPE_CHANGED|PRECISION_INCREASED|SCALE_INCREASED,datetime -> datetime2(7),datetime,NULL,8.0,23.0,3.0,0.0,datetime2(7),NULL,8.0,27.0,7.0,0.0
dbo,a_maxobjectcfg,eauditusername,LENGTH_INCREASED,LENGTH_INCREASED,varchar(30) -> varchar(100),varchar(30),30.0,30.0,0.0,0.0,0.0,varchar(100),100.0,100.0,0.0,0.0,0.0
dbo,a_maxpresentation,eaudittimestamp,DATA_TYPE_CHANGED,DATA_TYPE_CHANGED|PRECISION_INCREASED|SCALE_INCREASED,datetime -> datetime2(7),datetime,NULL,8.0,23.0,3.0,0.0,datetime2(7),NULL,8.0,27.0,7.0,0.0
dbo,a_maxpresentation,presentation,DATA_TYPE_CHANGED,DATA_TYPE_CHANGED,text -> varchar(max),text,NULL,16.0,0.0,0.0,1.0,varchar(max),NULL,-1.0,0.0,0.0,1.0
dbo,a_maxpresentation,eauditusername,LENGTH_INCREASED,LENGTH_INCREASED,varchar(30) -> varchar(100),varchar(30),30.0,30.0,0.0,0.0,0.0,varchar(100),100.0,100.0,0.0,0.0,0.0
dbo,a_maxpropvalue,changedate,DATA_TYPE_CHANGED,DATA_TYPE_CHANGED|PRECISION_INCREASED|SCALE_INCREASED,datetime -> datetime2(7),datetime,NULL,8.0,23.0,3.0,1.0,datetime2(7),NULL,8.0,27.0,7.0,1.0
dbo,a_maxpropvalue,eaudittimestamp,DATA_TYPE_CHANGED,DATA_TYPE_CHANGED|PRECISION_INCREASED|SCALE_INCREASED,datetime -> datetime2(7),datetime,NULL,8.0,23.0,3.0,0.0,datetime2(7),NULL,8.0,27.0,7.0,0.0
dbo,a_maxpropvalue,changeby,LENGTH_INCREASED,LENGTH_INCREASED,varchar(30) -> varchar(100),varchar(30),30.0,30.0,0.0,0.0,1.0,varchar(100),100.0,100.0,0.0,0.0,1.0
dbo,a_maxpropvalue,eauditusername,LENGTH_INCREASED,LENGTH_INCREASED,varchar(30) -> varchar(100),varchar(30),30.0,30.0,0.0,0.0,0.0,varchar(100),100.0,100.0,0.0,0.0,0.0
dbo,a_maxpropvalue,propvalue,LENGTH_INCREASED,LENGTH_INCREASED,varchar(1000) -> varchar(4000),varchar(1000),1000.0,1000.0,0.0,0.0,1.0,varchar(4000),4000.0,4000.0,0.0,0.0,1.0
dbo,a_maxrelationship,isdefault,COLUMN_ADDED,COLUMN_ADDED,new smallint,,,,,,,smallint,NULL,2.0,5.0,0.0,1.0
dbo,a_maxrelationship,eaudittimestamp,DATA_TYPE_CHANGED,DATA_TYPE_CHANGED|PRECISION_INCREASED|SCALE_INCREASED,datetime -> datetime2(7),datetime,NULL,8.0,23.0,3.0,0.0,datetime2(7),NULL,8.0,27.0,7.0,0.0
dbo,a_maxrelationship,eauditusername,LENGTH_INCREASED,LENGTH_INCREASED,varchar(30) -> varchar(100),varchar(30),30.0,30.0,0.0,0.0,0.0,varchar(100),100.0,100.0,0.0,0.0,0.0
dbo,a_maxtabledomain,eaudittimestamp,DATA_TYPE_CHANGED,DATA_TYPE_CHANGED|PRECISION_INCREASED|SCALE_INCREASED,datetime -> datetime2(7),datetime,NULL,8.0,23.0,3.0,0.0,datetime2(7),NULL,8.0,27.0,7.0,0.0
dbo,a_maxtabledomain,eauditusername,LENGTH_INCREASED,LENGTH_INCREASED,varchar(30) -> varchar(100),varchar(30),30.0,30.0,0.0,0.0,0.0,varchar(100),100.0,100.0,0.0,0.0,0.0
dbo,a_maxuser,apikeyadmin,COLUMN_ADDED,COLUMN_ADDED,new smallint,,,,,,,smallint,NULL,2.0,5.0,0.0,1.0
dbo,a_maxuser,authlockexpire,COLUMN_ADDED,COLUMN_ADDED,new datetime2(7),,,,,,,datetime2(7),NULL,8.0,27.0,7.0,1.0
dbo,a_maxuser,changeby,COLUMN_ADDED,COLUMN_ADDED,new varchar(100),,,,,,,varchar(100),100.0,100.0,0.0,0.0,1.0
dbo,a_maxuser,changedate,COLUMN_ADDED,COLUMN_ADDED,new datetime2(7),,,,,,,datetime2(7),NULL,8.0,27.0,7.0,1.0
dbo,a_maxuser,cognossyncstatus,COLUMN_ADDED,COLUMN_ADDED,new varchar(20),,,,,,,varchar(20),20.0,20.0,0.0,0.0,1.0
dbo,a_maxuser,createdby,COLUMN_ADDED,COLUMN_ADDED,new varchar(100),,,,,,,varchar(100),100.0,100.0,0.0,0.0,1.0
dbo,a_maxuser,createddate,COLUMN_ADDED,COLUMN_ADDED,new datetime2(7),,,,,,,datetime2(7),NULL,8.0,27.0,7.0,1.0
dbo,a_maxuser,expiresat,COLUMN_ADDED,COLUMN_ADDED,new datetime2(7),,,,,,,datetime2(7),NULL,8.0,27.0,7.0,1.0
dbo,a_maxuser,failedlogindate,COLUMN_ADDED,COLUMN_ADDED,new datetime2(7),,,,,,,datetime2(7),NULL,8.0,27.0,7.0,1.0
dbo,a_maxuser,idpadmin,COLUMN_ADDED,COLUMN_ADDED,new smallint,,,,,,,smallint,NULL,2.0,5.0,0.0,1.0
dbo,a_maxuser,inactivitytimeout,COLUMN_ADDED,COLUMN_ADDED,new varchar(20),,,,,,,varchar(20),20.0,20.0,0.0,0.0,1.0
dbo,a_maxuser,iotrole,COLUMN_ADDED,COLUMN_ADDED,new varchar(25),,,,,,,varchar(25),25.0,25.0,0.0,0.0,1.0
dbo,a_maxuser,isauthorized,COLUMN_ADDED,COLUMN_ADDED,new int,,,,,,,int,NULL,4.0,10.0,0.0,1.0
dbo,a_maxuser,islocked,COLUMN_ADDED,COLUMN_ADDED,new smallint,,,,,,,smallint,NULL,2.0,5.0,0.0,1.0
dbo,a_maxuser,lastactivity,COLUMN_ADDED,COLUMN_ADDED,new datetime2(7),,,,,,,datetime2(7),NULL,8.0,27.0,7.0,1.0
dbo,a_maxuser,ldapuserref,COLUMN_ADDED,COLUMN_ADDED,new varchar(2048),,,,,,,varchar(2048),2048.0,2048.0,0.0,0.0,1.0
dbo,a_maxuser,lockedoutdate,COLUMN_ADDED,COLUMN_ADDED,new datetime2(7),,,,,,,datetime2(7),NULL,8.0,27.0,7.0,1.0
dbo,a_maxuser,maserrorcode,COLUMN_ADDED,COLUMN_ADDED,new varchar(2000),,,,,,,varchar(2000),2000.0,2000.0,0.0,0.0,1.0
dbo,a_maxuser,masissuer,COLUMN_ADDED,COLUMN_ADDED,new varchar(20),,,,,,,varchar(20),20.0,20.0,0.0,0.0,1.0
dbo,a_maxuser,massyncstatus,COLUMN_ADDED,COLUMN_ADDED,new int,,,,,,,int,NULL,4.0,10.0,0.0,1.0
dbo,a_maxuser,owner,COLUMN_ADDED,COLUMN_ADDED,new varchar(50),,,,,,,varchar(50),50.0,50.0,0.0,0.0,1.0
dbo,a_maxuser,scimexternalid,COLUMN_ADDED,COLUMN_ADDED,new varchar(100),,,,,,,varchar(100),100.0,100.0,0.0,0.0,1.0
dbo,a_maxuser,scimprofileid,COLUMN_ADDED,COLUMN_ADDED,new varchar(100),,,,,,,varchar(100),100.0,100.0,0.0,0.0,1.0
dbo,a_maxuser,syncprofile,COLUMN_ADDED,COLUMN_ADDED,new smallint,,,,,,,smallint,NULL,2.0,5.0,0.0,1.0
dbo,a_maxuser,systemadmin,COLUMN_ADDED,COLUMN_ADDED,new smallint,,,,,,,smallint,NULL,2.0,5.0,0.0,1.0
dbo,a_maxuser,tririgaaccess,COLUMN_ADDED,COLUMN_ADDED,new varchar(25),,,,,,,varchar(25),25.0,25.0,0.0,0.0,1.0
dbo,a_maxuser,eaudittimestamp,DATA_TYPE_CHANGED,DATA_TYPE_CHANGED|PRECISION_INCREASED|SCALE_INCREASED,datetime -> datetime2(7),datetime,NULL,8.0,23.0,3.0,0.0,datetime2(7),NULL,8.0,27.0,7.0,0.0
dbo,a_maxuser,pwexpiration,DATA_TYPE_CHANGED,DATA_TYPE_CHANGED|PRECISION_INCREASED|SCALE_INCREASED,datetime -> datetime2(7),datetime,NULL,8.0,23.0,3.0,1.0,datetime2(7),NULL,8.0,27.0,7.0,1.0
dbo,a_maxuser,eauditusername,LENGTH_INCREASED,LENGTH_INCREASED,varchar(30) -> varchar(100),varchar(30),30.0,30.0,0.0,0.0,0.0,varchar(100),100.0,100.0,0.0,0.0,0.0
dbo,a_maxuser,loginid,LENGTH_INCREASED,LENGTH_INCREASED,varchar(50) -> varchar(100),varchar(50),50.0,50.0,0.0,0.0,1.0,varchar(100),100.0,100.0,0.0,0.0,1.0
dbo,a_maxuser,personid,LENGTH_INCREASED,LENGTH_INCREASED,varchar(30) -> varchar(100),varchar(30),30.0,30.0,0.0,0.0,1.0,varchar(100),100.0,100.0,0.0,0.0,1.0
dbo,a_maxuser,userid,LENGTH_INCREASED,LENGTH_INCREASED,varchar(30) -> varchar(100),varchar(30),30.0,30.0,0.0,0.0,1.0,varchar(100),100.0,100.0,0.0,0.0,1.0
dbo,a_maxvars,eaudittimestamp,DATA_TYPE_CHANGED,DATA_TYPE_CHANGED|PRECISION_INCREASED|SCALE_INCREASED,datetime -> datetime2(7),datetime,NULL,8.0,23.0,3.0,0.0,datetime2(7),NULL,8.0,27.0,7.0,0.0
dbo,a_maxvars,eauditusername,LENGTH_INCREASED,LENGTH_INCREASED,varchar(30) -> varchar(100),varchar(30),30.0,30.0,0.0,0.0,0.0,varchar(100),100.0,100.0,0.0,0.0,0.0
dbo,a_maxvars,varname,LENGTH_INCREASED,LENGTH_INCREASED,varchar(18) -> varchar(30),varchar(18),18.0,18.0,0.0,0.0,1.0,varchar(30),30.0,30.0,0.0,0.0,1.0
dbo,a_maxviewcfg,eaudittimestamp,DATA_TYPE_CHANGED,DATA_TYPE_CHANGED|PRECISION_INCREASED|SCALE_INCREASED,datetime -> datetime2(7),datetime,NULL,8.0,23.0,3.0,0.0,datetime2(7),NULL,8.0,27.0,7.0,0.0
dbo,a_maxviewcfg,eauditusername,LENGTH_INCREASED,LENGTH_INCREASED,varchar(30) -> varchar(100),varchar(30),30.0,30.0,0.0,0.0,0.0,varchar(100),100.0,100.0,0.0,0.0,0.0
dbo,a_numericdomain,eaudittimestamp,DATA_TYPE_CHANGED,DATA_TYPE_CHANGED|PRECISION_INCREASED|SCALE_INCREASED,datetime -> datetime2(7),datetime,NULL,8.0,23.0,3.0,0.0,datetime2(7),NULL,8.0,27.0,7.0,0.0
dbo,a_numericdomain,eauditusername,LENGTH_INCREASED,LENGTH_INCREASED,varchar(30) -> varchar(100),varchar(30),30.0,30.0,0.0,0.0,0.0,varchar(100),100.0,100.0,0.0,0.0,0.0
dbo,a_numrangedomain,eaudittimestamp,DATA_TYPE_CHANGED,DATA_TYPE_CHANGED|PRECISION_INCREASED|SCALE_INCREASED,datetime -> datetime2(7),datetime,NULL,8.0,23.0,3.0,0.0,datetime2(7),NULL,8.0,27.0,7.0,0.0
dbo,a_numrangedomain,eauditusername,LENGTH_INCREASED,LENGTH_INCREASED,varchar(30) -> varchar(100),varchar(30),30.0,30.0,0.0,0.0,0.0,varchar(100),100.0,100.0,0.0,0.0,0.0
dbo,a_person,languserupdated,COLUMN_ADDED,COLUMN_ADDED,new smallint,,,,,,,smallint,NULL,2.0,5.0,0.0,1.0
dbo,a_person,birthdate,DATA_TYPE_CHANGED,DATA_TYPE_CHANGED|PRECISION_INCREASED|SCALE_INCREASED,datetime -> datetime2(7),datetime,NULL,8.0,23.0,3.0,1.0,datetime2(7),NULL,8.0,27.0,7.0,1.0
dbo,a_person,delegatefromdate,DATA_TYPE_CHANGED,DATA_TYPE_CHANGED|PRECISION_INCREASED|SCALE_INCREASED,datetime -> datetime2(7),datetime,NULL,8.0,23.0,3.0,1.0,datetime2(7),NULL,8.0,27.0,7.0,1.0
dbo,a_person,delegatetodate,DATA_TYPE_CHANGED,DATA_TYPE_CHANGED|PRECISION_INCREASED|SCALE_INCREASED,datetime -> datetime2(7),datetime,NULL,8.0,23.0,3.0,1.0,datetime2(7),NULL,8.0,27.0,7.0,1.0
dbo,a_person,eaudittimestamp,DATA_TYPE_CHANGED,DATA_TYPE_CHANGED|PRECISION_INCREASED|SCALE_INCREASED,datetime -> datetime2(7),datetime,NULL,8.0,23.0,3.0,0.0,datetime2(7),NULL,8.0,27.0,7.0,0.0
dbo,a_person,hiredate,DATA_TYPE_CHANGED,DATA_TYPE_CHANGED|PRECISION_INCREASED|SCALE_INCREASED,datetime -> datetime2(7),datetime,NULL,8.0,23.0,3.0,1.0,datetime2(7),NULL,8.0,27.0,7.0,1.0
dbo,a_person,lastevaldate,DATA_TYPE_CHANGED,DATA_TYPE_CHANGED|PRECISION_INCREASED|SCALE_INCREASED,datetime -> datetime2(7),datetime,NULL,8.0,23.0,3.0,1.0,datetime2(7),NULL,8.0,27.0,7.0,1.0
dbo,a_person,nextevaldate,DATA_TYPE_CHANGED,DATA_TYPE_CHANGED|PRECISION_INCREASED|SCALE_INCREASED,datetime -> datetime2(7),datetime,NULL,8.0,23.0,3.0,1.0,datetime2(7),NULL,8.0,27.0,7.0,1.0
dbo,a_person,statusdate,DATA_TYPE_CHANGED,DATA_TYPE_CHANGED|PRECISION_INCREASED|SCALE_INCREASED,datetime -> datetime2(7),datetime,NULL,8.0,23.0,3.0,1.0,datetime2(7),NULL,8.0,27.0,7.0,1.0
dbo,a_person,terminationdate,DATA_TYPE_CHANGED,DATA_TYPE_CHANGED|PRECISION_INCREASED|SCALE_INCREASED,datetime -> datetime2(7),datetime,NULL,8.0,23.0,3.0,1.0,datetime2(7),NULL,8.0,27.0,7.0,1.0
dbo,a_person,classstructureid,LENGTH_INCREASED,LENGTH_INCREASED,varchar(20) -> varchar(25),varchar(20),20.0,20.0,0.0,0.0,1.0,varchar(25),25.0,25.0,0.0,0.0,1.0
dbo,a_person,delegate,LENGTH_INCREASED,LENGTH_INCREASED,varchar(30) -> varchar(100),varchar(30),30.0,30.0,0.0,0.0,1.0,varchar(100),100.0,100.0,0.0,0.0,1.0
dbo,a_person,displayname,LENGTH_INCREASED,LENGTH_INCREASED,varchar(62) -> varchar(82),varchar(62),62.0,62.0,0.0,0.0,1.0,varchar(82),82.0,82.0,0.0,0.0,1.0
dbo,a_person,eauditusername,LENGTH_INCREASED,LENGTH_INCREASED,varchar(30) -> varchar(100),varchar(30),30.0,30.0,0.0,0.0,0.0,varchar(100),100.0,100.0,0.0,0.0,0.0
dbo,a_person,personid,LENGTH_INCREASED,LENGTH_INCREASED,varchar(30) -> varchar(100),varchar(30),30.0,30.0,0.0,0.0,1.0,varchar(100),100.0,100.0,0.0,0.0,1.0
dbo,a_person,saddresscode,LENGTH_INCREASED,LENGTH_INCREASED,varchar(12) -> varchar(25),varchar(12),12.0,12.0,0.0,0.0,1.0,varchar(25),25.0,25.0,0.0,0.0,1.0
dbo,a_person,supervisor,LENGTH_INCREASED,LENGTH_INCREASED,varchar(30) -> varchar(100),varchar(30),30.0,30.0,0.0,0.0,1.0,varchar(100),100.0,100.0,0.0,0.0,1.0
dbo,a_persongroup,userteam,COLUMN_ADDED,COLUMN_ADDED,new smallint,,,,,,,smallint,NULL,2.0,5.0,0.0,1.0
dbo,a_persongroup,eaudittimestamp,DATA_TYPE_CHANGED,DATA_TYPE_CHANGED|PRECISION_INCREASED|SCALE_INCREASED,datetime -> datetime2(7),datetime,NULL,8.0,23.0,3.0,0.0,datetime2(7),NULL,8.0,27.0,7.0,0.0
dbo,a_persongroup,eauditusername,LENGTH_INCREASED,LENGTH_INCREASED,varchar(30) -> varchar(100),varchar(30),30.0,30.0,0.0,0.0,0.0,varchar(100),100.0,100.0,0.0,0.0,0.0
dbo,a_persongroupteam,eaudittimestamp,DATA_TYPE_CHANGED,DATA_TYPE_CHANGED|PRECISION_INCREASED|SCALE_INCREASED,datetime -> datetime2(7),datetime,NULL,8.0,23.0,3.0,0.0,datetime2(7),NULL,8.0,27.0,7.0,0.0
dbo,a_persongroupteam,eauditusername,LENGTH_INCREASED,LENGTH_INCREASED,varchar(30) -> varchar(100),varchar(30),30.0,30.0,0.0,0.0,0.0,varchar(100),100.0,100.0,0.0,0.0,0.0
dbo,a_persongroupteam,respparty,LENGTH_INCREASED,LENGTH_INCREASED,varchar(30) -> varchar(100),varchar(30),30.0,30.0,0.0,0.0,1.0,varchar(100),100.0,100.0,0.0,0.0,1.0
dbo,a_persongroupteam,resppartygroup,LENGTH_INCREASED,LENGTH_INCREASED,varchar(30) -> varchar(100),varchar(30),30.0,30.0,0.0,0.0,1.0,varchar(100),100.0,100.0,0.0,0.0,1.0
dbo,a_pm,enforcemaxdayofmonth,COLUMN_ADDED,COLUMN_ADDED,new smallint,,,,,,,smallint,NULL,2.0,5.0,0.0,1.0
dbo,a_pm,grandtotalprice,COLUMN_ADDED,COLUMN_ADDED,"new decimal(12,2)",,,,,,,"decimal(12,2)",NULL,9.0,12.0,2.0,1.0
dbo,a_pm,pluspagreement,COLUMN_ADDED,COLUMN_ADDED,new varchar(12),,,,,,,varchar(12),12.0,12.0,0.0,0.0,1.0
dbo,a_pm,plusppricesched,COLUMN_ADDED,COLUMN_ADDED,new varchar(10),,,,,,,varchar(10),10.0,10.0,0.0,0.0,1.0
dbo,a_pm,plusprevnum,COLUMN_ADDED,COLUMN_ADDED,new int,,,,,,,int,NULL,4.0,10.0,0.0,1.0
dbo,a_pm,pmfpricecaldate,COLUMN_ADDED,COLUMN_ADDED,new datetime2(7),,,,,,,datetime2(7),NULL,8.0,27.0,7.0,1.0
dbo,a_pm,changedate,DATA_TYPE_CHANGED,DATA_TYPE_CHANGED|PRECISION_INCREASED|SCALE_INCREASED,datetime -> datetime2(7),datetime,NULL,8.0,23.0,3.0,1.0,datetime2(7),NULL,8.0,27.0,7.0,1.0
dbo,a_pm,eaudittimestamp,DATA_TYPE_CHANGED,DATA_TYPE_CHANGED|PRECISION_INCREASED|SCALE_INCREASED,datetime -> datetime2(7),datetime,NULL,8.0,23.0,3.0,0.0,datetime2(7),NULL,8.0,27.0,7.0,0.0
dbo,a_pm,extdate,DATA_TYPE_CHANGED,DATA_TYPE_CHANGED|PRECISION_INCREASED|SCALE_INCREASED,datetime -> datetime2(7),datetime,NULL,8.0,23.0,3.0,1.0,datetime2(7),NULL,8.0,27.0,7.0,1.0
dbo,a_pm,firstdate,DATA_TYPE_CHANGED,DATA_TYPE_CHANGED|PRECISION_INCREASED|SCALE_INCREASED,datetime -> datetime2(7),datetime,NULL,8.0,23.0,3.0,1.0,datetime2(7),NULL,8.0,27.0,7.0,1.0
dbo,a_pm,lastcompdate,DATA_TYPE_CHANGED,DATA_TYPE_CHANGED|PRECISION_INCREASED|SCALE_INCREASED,datetime -> datetime2(7),datetime,NULL,8.0,23.0,3.0,1.0,datetime2(7),NULL,8.0,27.0,7.0,1.0
dbo,a_pm,laststartdate,DATA_TYPE_CHANGED,DATA_TYPE_CHANGED|PRECISION_INCREASED|SCALE_INCREASED,datetime -> datetime2(7),datetime,NULL,8.0,23.0,3.0,1.0,datetime2(7),NULL,8.0,27.0,7.0,1.0
dbo,a_pm,nextdate,DATA_TYPE_CHANGED,DATA_TYPE_CHANGED|PRECISION_INCREASED|SCALE_INCREASED,datetime -> datetime2(7),datetime,NULL,8.0,23.0,3.0,1.0,datetime2(7),NULL,8.0,27.0,7.0,1.0
dbo,a_pm,pmeq2,DATA_TYPE_CHANGED,DATA_TYPE_CHANGED|PRECISION_INCREASED|SCALE_INCREASED,datetime -> datetime2(7),datetime,NULL,8.0,23.0,3.0,1.0,datetime2(7),NULL,8.0,27.0,7.0,1.0
dbo,a_pm,pmfpcostcaldate,DATA_TYPE_CHANGED,DATA_TYPE_CHANGED|PRECISION_INCREASED|SCALE_INCREASED,datetime -> datetime2(7),datetime,NULL,8.0,23.0,3.0,1.0,datetime2(7),NULL,8.0,27.0,7.0,1.0
dbo,a_pm,targstarttime,DATA_TYPE_CHANGED,DATA_TYPE_CHANGED|PRECISION_INCREASED|SCALE_INCREASED,datetime -> datetime2(7),datetime,NULL,8.0,23.0,3.0,1.0,datetime2(7),NULL,8.0,27.0,7.0,1.0
dbo,a_pm,changeby,LENGTH_INCREASED,LENGTH_INCREASED,varchar(30) -> varchar(100),varchar(30),30.0,30.0,0.0,0.0,1.0,varchar(100),100.0,100.0,0.0,0.0,1.0
dbo,a_pm,eauditusername,LENGTH_INCREASED,LENGTH_INCREASED,varchar(30) -> varchar(100),varchar(30),30.0,30.0,0.0,0.0,0.0,varchar(100),100.0,100.0,0.0,0.0,0.0
dbo,a_pm,lead,LENGTH_INCREASED,LENGTH_INCREASED,varchar(30) -> varchar(100),varchar(30),30.0,30.0,0.0,0.0,1.0,varchar(100),100.0,100.0,0.0,0.0,1.0
dbo,a_pm,owner,LENGTH_INCREASED,LENGTH_INCREASED,varchar(30) -> varchar(100),varchar(30),30.0,30.0,0.0,0.0,1.0,varchar(100),100.0,100.0,0.0,0.0,1.0
dbo,a_pm,supervisor,LENGTH_INCREASED,LENGTH_INCREASED,varchar(30) -> varchar(100),varchar(30),30.0,30.0,0.0,0.0,1.0,varchar(100),100.0,100.0,0.0,0.0,1.0
dbo,a_ppcraftrate,eaudittimestamp,DATA_TYPE_CHANGED,DATA_TYPE_CHANGED|PRECISION_INCREASED|SCALE_INCREASED,datetime -> datetime2(7),datetime,NULL,8.0,23.0,3.0,0.0,datetime2(7),NULL,8.0,27.0,7.0,0.0
dbo,a_ppcraftrate,eauditusername,LENGTH_INCREASED,LENGTH_INCREASED,varchar(30) -> varchar(100),varchar(30),30.0,30.0,0.0,0.0,0.0,varchar(100),100.0,100.0,0.0,0.0,0.0
dbo,a_premiumpay,eaudittimestamp,DATA_TYPE_CHANGED,DATA_TYPE_CHANGED|PRECISION_INCREASED|SCALE_INCREASED,datetime -> datetime2(7),datetime,NULL,8.0,23.0,3.0,0.0,datetime2(7),NULL,8.0,27.0,7.0,0.0
dbo,a_premiumpay,eauditusername,LENGTH_INCREASED,LENGTH_INCREASED,varchar(30) -> varchar(100),varchar(30),30.0,30.0,0.0,0.0,0.0,varchar(100),100.0,100.0,0.0,0.0,0.0
dbo,a_scriptlaunchpoint,eaudittimestamp,DATA_TYPE_CHANGED,DATA_TYPE_CHANGED|PRECISION_INCREASED|SCALE_INCREASED,datetime -> datetime2(7),datetime,NULL,8.0,23.0,3.0,0.0,datetime2(7),NULL,8.0,27.0,7.0,0.0
dbo,a_scriptlaunchpoint,eauditusername,LENGTH_INCREASED,LENGTH_INCREASED,varchar(30) -> varchar(100),varchar(30),30.0,30.0,0.0,0.0,0.0,varchar(100),100.0,100.0,0.0,0.0,0.0
dbo,a_securityrestrict,eaudittimestamp,DATA_TYPE_CHANGED,DATA_TYPE_CHANGED|PRECISION_INCREASED|SCALE_INCREASED,datetime -> datetime2(7),datetime,NULL,8.0,23.0,3.0,0.0,datetime2(7),NULL,8.0,27.0,7.0,0.0
dbo,a_securityrestrict,eauditusername,LENGTH_INCREASED,LENGTH_INCREASED,varchar(30) -> varchar(100),varchar(30),30.0,30.0,0.0,0.0,0.0,varchar(100),100.0,100.0,0.0,0.0,0.0
dbo,a_site,changedate,DATA_TYPE_CHANGED,DATA_TYPE_CHANGED|PRECISION_INCREASED|SCALE_INCREASED,datetime -> datetime2(7),datetime,NULL,8.0,23.0,3.0,1.0,datetime2(7),NULL,8.0,27.0,7.0,1.0
dbo,a_site,eaudittimestamp,DATA_TYPE_CHANGED,DATA_TYPE_CHANGED|PRECISION_INCREASED|SCALE_INCREASED,datetime -> datetime2(7),datetime,NULL,8.0,23.0,3.0,0.0,datetime2(7),NULL,8.0,27.0,7.0,0.0
dbo,a_site,enterdate,DATA_TYPE_CHANGED,DATA_TYPE_CHANGED|PRECISION_INCREASED|SCALE_INCREASED,datetime -> datetime2(7),datetime,NULL,8.0,23.0,3.0,1.0,datetime2(7),NULL,8.0,27.0,7.0,1.0
dbo,a_site,billtolaborcode,LENGTH_INCREASED,LENGTH_INCREASED,varchar(30) -> varchar(100),varchar(30),30.0,30.0,0.0,0.0,1.0,varchar(100),100.0,100.0,0.0,0.0,1.0
dbo,a_site,changeby,LENGTH_INCREASED,LENGTH_INCREASED,varchar(30) -> varchar(100),varchar(30),30.0,30.0,0.0,0.0,1.0,varchar(100),100.0,100.0,0.0,0.0,1.0
dbo,a_site,contact,LENGTH_INCREASED,LENGTH_INCREASED,varchar(30) -> varchar(100),varchar(30),30.0,30.0,0.0,0.0,1.0,varchar(100),100.0,100.0,0.0,0.0,1.0
dbo,a_site,eauditusername,LENGTH_INCREASED,LENGTH_INCREASED,varchar(30) -> varchar(100),varchar(30),30.0,30.0,0.0,0.0,0.0,varchar(100),100.0,100.0,0.0,0.0,0.0
dbo,a_site,enterby,LENGTH_INCREASED,LENGTH_INCREASED,varchar(30) -> varchar(100),varchar(30),30.0,30.0,0.0,0.0,1.0,varchar(100),100.0,100.0,0.0,0.0,1.0
dbo,a_site,shiptolaborcode,LENGTH_INCREASED,LENGTH_INCREASED,varchar(30) -> varchar(100),varchar(30),30.0,30.0,0.0,0.0,1.0,varchar(100),100.0,100.0,0.0,0.0,1.0
dbo,a_siteauth,eaudittimestamp,DATA_TYPE_CHANGED,DATA_TYPE_CHANGED|PRECISION_INCREASED|SCALE_INCREASED,datetime -> datetime2(7),datetime,NULL,8.0,23.0,3.0,0.0,datetime2(7),NULL,8.0,27.0,7.0,0.0
dbo,a_siteauth,eauditusername,LENGTH_INCREASED,LENGTH_INCREASED,varchar(30) -> varchar(100),varchar(30),30.0,30.0,0.0,0.0,0.0,varchar(100),100.0,100.0,0.0,0.0,0.0
dbo,a_synonymdomain,eaudittimestamp,DATA_TYPE_CHANGED,DATA_TYPE_CHANGED|PRECISION_INCREASED|SCALE_INCREASED,datetime -> datetime2(7),datetime,NULL,8.0,23.0,3.0,0.0,datetime2(7),NULL,8.0,27.0,7.0,0.0
dbo,a_synonymdomain,eauditusername,LENGTH_INCREASED,LENGTH_INCREASED,varchar(30) -> varchar(100),varchar(30),30.0,30.0,0.0,0.0,0.0,varchar(100),100.0,100.0,0.0,0.0,0.0
dbo,a_term,eaudittimestamp,DATA_TYPE_CHANGED,DATA_TYPE_CHANGED|PRECISION_INCREASED|SCALE_INCREASED,datetime -> datetime2(7),datetime,NULL,8.0,23.0,3.0,0.0,datetime2(7),NULL,8.0,27.0,7.0,0.0
dbo,a_term,eauditusername,LENGTH_INCREASED,LENGTH_INCREASED,varchar(30) -> varchar(100),varchar(30),30.0,30.0,0.0,0.0,0.0,varchar(100),100.0,100.0,0.0,0.0,0.0
dbo,a_ticket,hassafetyhazard,COLUMN_ADDED,COLUMN_ADDED,new smallint,,,,,,,smallint,NULL,2.0,5.0,0.0,1.0
dbo,a_ticket,measurementid,COLUMN_ADDED,COLUMN_ADDED,new bigint,,,,,,,bigint,NULL,8.0,19.0,0.0,1.0
dbo,a_ticket,origfromalert,COLUMN_ADDED,COLUMN_ADDED,new smallint,,,,,,,smallint,NULL,2.0,5.0,0.0,1.0
dbo,a_ticket,tagname,COLUMN_ADDED,COLUMN_ADDED,new varchar(100),,,,,,,varchar(100),100.0,100.0,0.0,0.0,1.0
dbo,a_ticket,geometry,COLUMN_DROPPED,COLUMN_DROPPED,was image,image,NULL,16.0,0.0,0.0,1.0,,,,,,
dbo,a_ticket,plussgeojson,COLUMN_DROPPED,COLUMN_DROPPED,was text,text,NULL,16.0,0.0,0.0,1.0,,,,,,
dbo,a_ticket,actualcontactdate,DATA_TYPE_CHANGED,DATA_TYPE_CHANGED|PRECISION_INCREASED|SCALE_INCREASED,datetime -> datetime2(7),datetime,NULL,8.0,23.0,3.0,1.0,datetime2(7),NULL,8.0,27.0,7.0,1.0
dbo,a_ticket,actualfinish,DATA_TYPE_CHANGED,DATA_TYPE_CHANGED|PRECISION_INCREASED|SCALE_INCREASED,datetime -> datetime2(7),datetime,NULL,8.0,23.0,3.0,1.0,datetime2(7),NULL,8.0,27.0,7.0,1.0
dbo,a_ticket,actualstart,DATA_TYPE_CHANGED,DATA_TYPE_CHANGED|PRECISION_INCREASED|SCALE_INCREASED,datetime -> datetime2(7),datetime,NULL,8.0,23.0,3.0,1.0,datetime2(7),NULL,8.0,27.0,7.0,1.0
dbo,a_ticket,affecteddate,DATA_TYPE_CHANGED,DATA_TYPE_CHANGED|PRECISION_INCREASED|SCALE_INCREASED,datetime -> datetime2(7),datetime,NULL,8.0,23.0,3.0,1.0,datetime2(7),NULL,8.0,27.0,7.0,1.0
dbo,a_ticket,changedate,DATA_TYPE_CHANGED,DATA_TYPE_CHANGED|PRECISION_INCREASED|SCALE_INCREASED,datetime -> datetime2(7),datetime,NULL,8.0,23.0,3.0,1.0,datetime2(7),NULL,8.0,27.0,7.0,1.0
dbo,a_ticket,eaudittimestamp,DATA_TYPE_CHANGED,DATA_TYPE_CHANGED|PRECISION_INCREASED|SCALE_INCREASED,datetime -> datetime2(7),datetime,NULL,8.0,23.0,3.0,0.0,datetime2(7),NULL,8.0,27.0,7.0,0.0
dbo,a_ticket,isknownerrordate,DATA_TYPE_CHANGED,DATA_TYPE_CHANGED|PRECISION_INCREASED|SCALE_INCREASED,datetime -> datetime2(7),datetime,NULL,8.0,23.0,3.0,1.0,datetime2(7),NULL,8.0,27.0,7.0,1.0
dbo,a_ticket,pluspactdeliverydate,DATA_TYPE_CHANGED,DATA_TYPE_CHANGED|PRECISION_INCREASED|SCALE_INCREASED,datetime -> datetime2(7),datetime,NULL,8.0,23.0,3.0,1.0,datetime2(7),NULL,8.0,27.0,7.0,1.0
dbo,a_ticket,plusprepairdate,DATA_TYPE_CHANGED,DATA_TYPE_CHANGED|PRECISION_INCREASED|SCALE_INCREASED,datetime -> datetime2(7),datetime,NULL,8.0,23.0,3.0,1.0,datetime2(7),NULL,8.0,27.0,7.0,1.0
dbo,a_ticket,plusptargdeliverydate,DATA_TYPE_CHANGED,DATA_TYPE_CHANGED|PRECISION_INCREASED|SCALE_INCREASED,datetime -> datetime2(7),datetime,NULL,8.0,23.0,3.0,1.0,datetime2(7),NULL,8.0,27.0,7.0,1.0
dbo,a_ticket,reportdate,DATA_TYPE_CHANGED,DATA_TYPE_CHANGED|PRECISION_INCREASED|SCALE_INCREASED,datetime -> datetime2(7),datetime,NULL,8.0,23.0,3.0,1.0,datetime2(7),NULL,8.0,27.0,7.0,1.0
dbo,a_ticket,statusdate,DATA_TYPE_CHANGED,DATA_TYPE_CHANGED|PRECISION_INCREASED|SCALE_INCREASED,datetime -> datetime2(7),datetime,NULL,8.0,23.0,3.0,1.0,datetime2(7),NULL,8.0,27.0,7.0,1.0
dbo,a_ticket,targetcontactdate,DATA_TYPE_CHANGED,DATA_TYPE_CHANGED|PRECISION_INCREASED|SCALE_INCREASED,datetime -> datetime2(7),datetime,NULL,8.0,23.0,3.0,1.0,datetime2(7),NULL,8.0,27.0,7.0,1.0
dbo,a_ticket,targetfinish,DATA_TYPE_CHANGED,DATA_TYPE_CHANGED|PRECISION_INCREASED|SCALE_INCREASED,datetime -> datetime2(7),datetime,NULL,8.0,23.0,3.0,1.0,datetime2(7),NULL,8.0,27.0,7.0,1.0
dbo,a_ticket,targetstart,DATA_TYPE_CHANGED,DATA_TYPE_CHANGED|PRECISION_INCREASED|SCALE_INCREASED,datetime -> datetime2(7),datetime,NULL,8.0,23.0,3.0,1.0,datetime2(7),NULL,8.0,27.0,7.0,1.0
dbo,a_ticket,affectedperson,LENGTH_INCREASED,LENGTH_INCREASED,varchar(62) -> varchar(82),varchar(62),62.0,62.0,0.0,0.0,1.0,varchar(82),82.0,82.0,0.0,0.0,1.0
dbo,a_ticket,changeby,LENGTH_INCREASED,LENGTH_INCREASED,varchar(30) -> varchar(100),varchar(30),30.0,30.0,0.0,0.0,1.0,varchar(100),100.0,100.0,0.0,0.0,1.0
dbo,a_ticket,classstructureid,LENGTH_INCREASED,LENGTH_INCREASED,varchar(20) -> varchar(25),varchar(20),20.0,20.0,0.0,0.0,1.0,varchar(25),25.0,25.0,0.0,0.0,1.0
dbo,a_ticket,eauditusername,LENGTH_INCREASED,LENGTH_INCREASED,varchar(30) -> varchar(100),varchar(30),30.0,30.0,0.0,0.0,0.0,varchar(100),100.0,100.0,0.0,0.0,0.0
dbo,a_ticket,owner,LENGTH_INCREASED,LENGTH_INCREASED,varchar(30) -> varchar(100),varchar(30),30.0,30.0,0.0,0.0,1.0,varchar(100),100.0,100.0,0.0,0.0,1.0
dbo,a_ticket,reportedby,LENGTH_INCREASED,LENGTH_INCREASED,varchar(62) -> varchar(82),varchar(62),62.0,62.0,0.0,0.0,1.0,varchar(82),82.0,82.0,0.0,0.0,1.0
dbo,a_ticket,supervisor,LENGTH_INCREASED,LENGTH_INCREASED,varchar(30) -> varchar(100),varchar(30),30.0,30.0,0.0,0.0,1.0,varchar(100),100.0,100.0,0.0,0.0,1.0
dbo,a_workorder,ai_usefortraining,COLUMN_ADDED,COLUMN_ADDED,new smallint,,,,,,,smallint,NULL,2.0,5.0,0.0,1.0
dbo,a_workorder,excpttype,COLUMN_ADDED,COLUMN_ADDED,new varchar(12),,,,,,,varchar(12),12.0,12.0,0.0,0.0,1.0
dbo,a_workorder,isquickreported,COLUMN_ADDED,COLUMN_ADDED,new int,,,,,,,int,NULL,4.0,10.0,0.0,1.0
dbo,a_workorder,mrefid,COLUMN_ADDED,COLUMN_ADDED,new varchar(1000),,,,,,,varchar(1000),1000.0,1000.0,0.0,0.0,1.0
dbo,a_workorder,mrefrecordid,COLUMN_ADDED,COLUMN_ADDED,new varchar(50),,,,,,,varchar(50),50.0,50.0,0.0,0.0,1.0
dbo,a_workorder,totalworkunits,COLUMN_ADDED,COLUMN_ADDED,"new decimal(10,2)",,,,,,,"decimal(10,2)",NULL,9.0,10.0,2.0,1.0
dbo,a_workorder,geometry,COLUMN_DROPPED,COLUMN_DROPPED,was image,image,NULL,16.0,0.0,0.0,1.0,,,,,,
dbo,a_workorder,plussgeojson,COLUMN_DROPPED,COLUMN_DROPPED,was text,text,NULL,16.0,0.0,0.0,1.0,,,,,,
dbo,a_workorder,actfinish,DATA_TYPE_CHANGED,DATA_TYPE_CHANGED|PRECISION_INCREASED|SCALE_INCREASED,datetime -> datetime2(7),datetime,NULL,8.0,23.0,3.0,1.0,datetime2(7),NULL,8.0,27.0,7.0,1.0
dbo,a_workorder,actstart,DATA_TYPE_CHANGED,DATA_TYPE_CHANGED|PRECISION_INCREASED|SCALE_INCREASED,datetime -> datetime2(7),datetime,NULL,8.0,23.0,3.0,1.0,datetime2(7),NULL,8.0,27.0,7.0,1.0
dbo,a_workorder,availstatusdate,DATA_TYPE_CHANGED,DATA_TYPE_CHANGED|PRECISION_INCREASED|SCALE_INCREASED,datetime -> datetime2(7),datetime,NULL,8.0,23.0,3.0,1.0,datetime2(7),NULL,8.0,27.0,7.0,1.0
dbo,a_workorder,changedate,DATA_TYPE_CHANGED,DATA_TYPE_CHANGED|PRECISION_INCREASED|SCALE_INCREASED,datetime -> datetime2(7),datetime,NULL,8.0,23.0,3.0,1.0,datetime2(7),NULL,8.0,27.0,7.0,1.0
dbo,a_workorder,eaudittimestamp,DATA_TYPE_CHANGED,DATA_TYPE_CHANGED|PRECISION_INCREASED|SCALE_INCREASED,datetime -> datetime2(7),datetime,NULL,8.0,23.0,3.0,0.0,datetime2(7),NULL,8.0,27.0,7.0,0.0
dbo,a_workorder,faildate,DATA_TYPE_CHANGED,DATA_TYPE_CHANGED|PRECISION_INCREASED|SCALE_INCREASED,datetime -> datetime2(7),datetime,NULL,8.0,23.0,3.0,1.0,datetime2(7),NULL,8.0,27.0,7.0,1.0
dbo,a_workorder,fh_affecteddate,DATA_TYPE_CHANGED,DATA_TYPE_CHANGED|PRECISION_INCREASED|SCALE_INCREASED,datetime -> datetime2(7),datetime,NULL,8.0,23.0,3.0,1.0,datetime2(7),NULL,8.0,27.0,7.0,1.0
dbo,a_workorder,fhcompdate,DATA_TYPE_CHANGED,DATA_TYPE_CHANGED|PRECISION_INCREASED|SCALE_INCREASED,datetime -> datetime2(7),datetime,NULL,8.0,23.0,3.0,1.0,datetime2(7),NULL,8.0,27.0,7.0,1.0
dbo,a_workorder,fhonsitedate,DATA_TYPE_CHANGED,DATA_TYPE_CHANGED|PRECISION_INCREASED|SCALE_INCREASED,datetime -> datetime2(7),datetime,NULL,8.0,23.0,3.0,1.0,datetime2(7),NULL,8.0,27.0,7.0,1.0
dbo,a_workorder,fhrespondeddate,DATA_TYPE_CHANGED,DATA_TYPE_CHANGED|PRECISION_INCREASED|SCALE_INCREASED,datetime -> datetime2(7),datetime,NULL,8.0,23.0,3.0,1.0,datetime2(7),NULL,8.0,27.0,7.0,1.0
dbo,a_workorder,fnlconstraint,DATA_TYPE_CHANGED,DATA_TYPE_CHANGED|PRECISION_INCREASED|SCALE_INCREASED,datetime -> datetime2(7),datetime,NULL,8.0,23.0,3.0,1.0,datetime2(7),NULL,8.0,27.0,7.0,1.0
dbo,a_workorder,lastcopylinkdate,DATA_TYPE_CHANGED,DATA_TYPE_CHANGED|PRECISION_INCREASED|SCALE_INCREASED,datetime -> datetime2(7),datetime,NULL,8.0,23.0,3.0,1.0,datetime2(7),NULL,8.0,27.0,7.0,1.0
dbo,a_workorder,measuredate,DATA_TYPE_CHANGED,DATA_TYPE_CHANGED|PRECISION_INCREASED|SCALE_INCREASED,datetime -> datetime2(7),datetime,NULL,8.0,23.0,3.0,1.0,datetime2(7),NULL,8.0,27.0,7.0,1.0
dbo,a_workorder,pcpchangedate,DATA_TYPE_CHANGED,DATA_TYPE_CHANGED|PRECISION_INCREASED|SCALE_INCREASED,datetime -> datetime2(7),datetime,NULL,8.0,23.0,3.0,1.0,datetime2(7),NULL,8.0,27.0,7.0,1.0
dbo,a_workorder,pluscnextdate,DATA_TYPE_CHANGED,DATA_TYPE_CHANGED|PRECISION_INCREASED|SCALE_INCREASED,datetime -> datetime2(7),datetime,NULL,8.0,23.0,3.0,1.0,datetime2(7),NULL,8.0,27.0,7.0,1.0
dbo,a_workorder,pluscoverduedate,DATA_TYPE_CHANGED,DATA_TYPE_CHANGED|PRECISION_INCREASED|SCALE_INCREASED,datetime -> datetime2(7),datetime,NULL,8.0,23.0,3.0,1.0,datetime2(7),NULL,8.0,27.0,7.0,1.0
dbo,a_workorder,pluspactdeliverydate,DATA_TYPE_CHANGED,DATA_TYPE_CHANGED|PRECISION_INCREASED|SCALE_INCREASED,datetime -> datetime2(7),datetime,NULL,8.0,23.0,3.0,1.0,datetime2(7),NULL,8.0,27.0,7.0,1.0
dbo,a_workorder,plusptargdeliverydate,DATA_TYPE_CHANGED,DATA_TYPE_CHANGED|PRECISION_INCREASED|SCALE_INCREASED,datetime -> datetime2(7),datetime,NULL,8.0,23.0,3.0,1.0,datetime2(7),NULL,8.0,27.0,7.0,1.0
dbo,a_workorder,pmduedate,DATA_TYPE_CHANGED,DATA_TYPE_CHANGED|PRECISION_INCREASED|SCALE_INCREASED,datetime -> datetime2(7),datetime,NULL,8.0,23.0,3.0,1.0,datetime2(7),NULL,8.0,27.0,7.0,1.0
dbo,a_workorder,pmextdate,DATA_TYPE_CHANGED,DATA_TYPE_CHANGED|PRECISION_INCREASED|SCALE_INCREASED,datetime -> datetime2(7),datetime,NULL,8.0,23.0,3.0,1.0,datetime2(7),NULL,8.0,27.0,7.0,1.0
dbo,a_workorder,pmnextduedate,DATA_TYPE_CHANGED,DATA_TYPE_CHANGED|PRECISION_INCREASED|SCALE_INCREASED,datetime -> datetime2(7),datetime,NULL,8.0,23.0,3.0,1.0,datetime2(7),NULL,8.0,27.0,7.0,1.0
dbo,a_workorder,reportdate,DATA_TYPE_CHANGED,DATA_TYPE_CHANGED|PRECISION_INCREASED|SCALE_INCREASED,datetime -> datetime2(7),datetime,NULL,8.0,23.0,3.0,1.0,datetime2(7),NULL,8.0,27.0,7.0,1.0
dbo,a_workorder,respondby,DATA_TYPE_CHANGED,DATA_TYPE_CHANGED|PRECISION_INCREASED|SCALE_INCREASED,datetime -> datetime2(7),datetime,NULL,8.0,23.0,3.0,1.0,datetime2(7),NULL,8.0,27.0,7.0,1.0
dbo,a_workorder,schedfinish,DATA_TYPE_CHANGED,DATA_TYPE_CHANGED|PRECISION_INCREASED|SCALE_INCREASED,datetime -> datetime2(7),datetime,NULL,8.0,23.0,3.0,1.0,datetime2(7),NULL,8.0,27.0,7.0,1.0
dbo,a_workorder,schedstart,DATA_TYPE_CHANGED,DATA_TYPE_CHANGED|PRECISION_INCREASED|SCALE_INCREASED,datetime -> datetime2(7),datetime,NULL,8.0,23.0,3.0,1.0,datetime2(7),NULL,8.0,27.0,7.0,1.0
dbo,a_workorder,sneconstraint,DATA_TYPE_CHANGED,DATA_TYPE_CHANGED|PRECISION_INCREASED|SCALE_INCREASED,datetime -> datetime2(7),datetime,NULL,8.0,23.0,3.0,1.0,datetime2(7),NULL,8.0,27.0,7.0,1.0
dbo,a_workorder,splanreviewdate,DATA_TYPE_CHANGED,DATA_TYPE_CHANGED|PRECISION_INCREASED|SCALE_INCREASED,datetime -> datetime2(7),datetime,NULL,8.0,23.0,3.0,1.0,datetime2(7),NULL,8.0,27.0,7.0,1.0
dbo,a_workorder,statusdate,DATA_TYPE_CHANGED,DATA_TYPE_CHANGED|PRECISION_INCREASED|SCALE_INCREASED,datetime -> datetime2(7),datetime,NULL,8.0,23.0,3.0,1.0,datetime2(7),NULL,8.0,27.0,7.0,1.0
dbo,a_workorder,targcompdate,DATA_TYPE_CHANGED,DATA_TYPE_CHANGED|PRECISION_INCREASED|SCALE_INCREASED,datetime -> datetime2(7),datetime,NULL,8.0,23.0,3.0,1.0,datetime2(7),NULL,8.0,27.0,7.0,1.0
dbo,a_workorder,targstartdate,DATA_TYPE_CHANGED,DATA_TYPE_CHANGED|PRECISION_INCREASED|SCALE_INCREASED,datetime -> datetime2(7),datetime,NULL,8.0,23.0,3.0,1.0,datetime2(7),NULL,8.0,27.0,7.0,1.0
dbo,a_workorder,wo13,DATA_TYPE_CHANGED,DATA_TYPE_CHANGED|PRECISION_INCREASED|SCALE_INCREASED,datetime -> datetime2(7),datetime,NULL,8.0,23.0,3.0,1.0,datetime2(7),NULL,8.0,27.0,7.0,1.0
dbo,a_workorder,woeq13,DATA_TYPE_CHANGED,DATA_TYPE_CHANGED|PRECISION_INCREASED|SCALE_INCREASED,datetime -> datetime2(7),datetime,NULL,8.0,23.0,3.0,1.0,datetime2(7),NULL,8.0,27.0,7.0,1.0
dbo,a_workorder,woeq6,DATA_TYPE_CHANGED,DATA_TYPE_CHANGED|PRECISION_INCREASED|SCALE_INCREASED,datetime -> datetime2(7),datetime,NULL,8.0,23.0,3.0,1.0,datetime2(7),NULL,8.0,27.0,7.0,1.0
dbo,a_workorder,wojp5,DATA_TYPE_CHANGED,DATA_TYPE_CHANGED|PRECISION_INCREASED|SCALE_INCREASED,datetime -> datetime2(7),datetime,NULL,8.0,23.0,3.0,1.0,datetime2(7),NULL,8.0,27.0,7.0,1.0
dbo,a_workorder,wol4,DATA_TYPE_CHANGED,DATA_TYPE_CHANGED|PRECISION_INCREASED|SCALE_INCREASED,datetime -> datetime2(7),datetime,NULL,8.0,23.0,3.0,1.0,datetime2(7),NULL,8.0,27.0,7.0,1.0
dbo,a_workorder,wolo7,DATA_TYPE_CHANGED,DATA_TYPE_CHANGED|PRECISION_INCREASED|SCALE_INCREASED,datetime -> datetime2(7),datetime,NULL,8.0,23.0,3.0,1.0,datetime2(7),NULL,8.0,27.0,7.0,1.0
dbo,a_workorder,worts4,DATA_TYPE_CHANGED,DATA_TYPE_CHANGED|PRECISION_INCREASED|SCALE_INCREASED,datetime -> datetime2(7),datetime,NULL,8.0,23.0,3.0,1.0,datetime2(7),NULL,8.0,27.0,7.0,1.0
dbo,a_workorder,changeby,LENGTH_INCREASED,LENGTH_INCREASED,varchar(30) -> varchar(100),varchar(30),30.0,30.0,0.0,0.0,1.0,varchar(100),100.0,100.0,0.0,0.0,1.0
dbo,a_workorder,classstructureid,LENGTH_INCREASED,LENGTH_INCREASED,varchar(20) -> varchar(25),varchar(20),20.0,20.0,0.0,0.0,1.0,varchar(25),25.0,25.0,0.0,0.0,1.0
dbo,a_workorder,eauditusername,LENGTH_INCREASED,LENGTH_INCREASED,varchar(30) -> varchar(100),varchar(30),30.0,30.0,0.0,0.0,0.0,varchar(100),100.0,100.0,0.0,0.0,0.0
dbo,a_workorder,inspector,LENGTH_INCREASED,LENGTH_INCREASED,varchar(30) -> varchar(100),varchar(30),30.0,30.0,0.0,0.0,1.0,varchar(100),100.0,100.0,0.0,0.0,1.0
dbo,a_workorder,lead,LENGTH_INCREASED,LENGTH_INCREASED,varchar(30) -> varchar(100),varchar(30),30.0,30.0,0.0,0.0,1.0,varchar(100),100.0,100.0,0.0,0.0,1.0
dbo,a_workorder,onbehalfof,LENGTH_INCREASED,LENGTH_INCREASED,varchar(62) -> varchar(82),varchar(62),62.0,62.0,0.0,0.0,1.0,varchar(82),82.0,82.0,0.0,0.0,1.0
dbo,a_workorder,origrecordid,LENGTH_INCREASED,LENGTH_INCREASED,varchar(10) -> varchar(25),varchar(10),10.0,10.0,0.0,0.0,1.0,varchar(25),25.0,25.0,0.0,0.0,1.0
dbo,a_workorder,owner,LENGTH_INCREASED,LENGTH_INCREASED,varchar(30) -> varchar(100),varchar(30),30.0,30.0,0.0,0.0,1.0,varchar(100),100.0,100.0,0.0,0.0,1.0
dbo,a_workorder,parent,LENGTH_INCREASED,LENGTH_INCREASED,varchar(10) -> varchar(25),varchar(10),10.0,10.0,0.0,0.0,1.0,varchar(25),25.0,25.0,0.0,0.0,1.0
dbo,a_workorder,reportedby,LENGTH_INCREASED,LENGTH_INCREASED,varchar(62) -> varchar(82),varchar(62),62.0,62.0,0.0,0.0,1.0,varchar(82),82.0,82.0,0.0,0.0,1.0
dbo,a_workorder,supervisor,LENGTH_INCREASED,LENGTH_INCREASED,varchar(30) -> varchar(100),varchar(30),30.0,30.0,0.0,0.0,1.0,varchar(100),100.0,100.0,0.0,0.0,1.0
dbo,a_workorder,wogroup,LENGTH_INCREASED,LENGTH_INCREASED,varchar(10) -> varchar(25),varchar(10),10.0,10.0,0.0,0.0,1.0,varchar(25),25.0,25.0,0.0,0.0,1.0
dbo,a_workorder,wonum,LENGTH_INCREASED,LENGTH_INCREASED,varchar(10) -> varchar(25),varchar(10),10.0,10.0,0.0,0.0,1.0,varchar(25),25.0,25.0,0.0,0.0,1.0
dbo,a_workorderspec,changedate,DATA_TYPE_CHANGED,DATA_TYPE_CHANGED|PRECISION_INCREASED|SCALE_INCREASED,datetime -> datetime2(7),datetime,NULL,8.0,23.0,3.0,1.0,datetime2(7),NULL,8.0,27.0,7.0,1.0
dbo,a_workorderspec,datevalue,DATA_TYPE_CHANGED,DATA_TYPE_CHANGED|PRECISION_INCREASED|SCALE_INCREASED,datetime -> datetime2(7),datetime,NULL,8.0,23.0,3.0,1.0,datetime2(7),NULL,8.0,27.0,7.0,1.0
dbo,a_workorderspec,eaudittimestamp,DATA_TYPE_CHANGED,DATA_TYPE_CHANGED|PRECISION_INCREASED|SCALE_INCREASED,datetime -> datetime2(7),datetime,NULL,8.0,23.0,3.0,0.0,datetime2(7),NULL,8.0,27.0,7.0,0.0
dbo,a_workorderspec,changeby,LENGTH_INCREASED,LENGTH_INCREASED,varchar(30) -> varchar(100),varchar(30),30.0,30.0,0.0,0.0,1.0,varchar(100),100.0,100.0,0.0,0.0,1.0
dbo,a_workorderspec,classstructureid,LENGTH_INCREASED,LENGTH_INCREASED,varchar(20) -> varchar(25),varchar(20),20.0,20.0,0.0,0.0,1.0,varchar(25),25.0,25.0,0.0,0.0,1.0
dbo,a_workorderspec,eauditusername,LENGTH_INCREASED,LENGTH_INCREASED,varchar(30) -> varchar(100),varchar(30),30.0,30.0,0.0,0.0,0.0,varchar(100),100.0,100.0,0.0,0.0,0.0
dbo,a_workorderspec,wonum,LENGTH_INCREASED,LENGTH_INCREASED,varchar(10) -> varchar(25),varchar(10),10.0,10.0,0.0,0.0,1.0,varchar(25),25.0,25.0,0.0,0.0,1.0
dbo,a_woserviceaddress,geometry,COLUMN_DROPPED,COLUMN_DROPPED,was image,image,NULL,16.0,0.0,0.0,1.0,,,,,,
dbo,a_woserviceaddress,eaudittimestamp,DATA_TYPE_CHANGED,DATA_TYPE_CHANGED|PRECISION_INCREASED|SCALE_INCREASED,datetime -> datetime2(7),datetime,NULL,8.0,23.0,3.0,0.0,datetime2(7),NULL,8.0,27.0,7.0,0.0
dbo,a_woserviceaddress,eauditusername,LENGTH_INCREASED,LENGTH_INCREASED,varchar(30) -> varchar(100),varchar(30),30.0,30.0,0.0,0.0,0.0,varchar(100),100.0,100.0,0.0,0.0,0.0
dbo,a_woserviceaddress,saddresscode,LENGTH_INCREASED,LENGTH_INCREASED,varchar(12) -> varchar(25),varchar(12),12.0,12.0,0.0,0.0,1.0,varchar(25),25.0,25.0,0.0,0.0,1.0
dbo,a_woserviceaddress,wonum,LENGTH_INCREASED,LENGTH_INCREASED,varchar(10) -> varchar(25),varchar(10),10.0,10.0,0.0,0.0,1.0,varchar(25),25.0,25.0,0.0,0.0,1.0
dbo,a_z_customermap,eaudittimestamp,DATA_TYPE_CHANGED,DATA_TYPE_CHANGED|PRECISION_INCREASED|SCALE_INCREASED,datetime -> datetime2(7),datetime,NULL,8.0,23.0,3.0,0.0,datetime2(7),NULL,8.0,27.0,7.0,0.0
dbo,a_z_customermap,eauditusername,LENGTH_INCREASED,LENGTH_INCREASED,varchar(30) -> varchar(100),varchar(30),30.0,30.0,0.0,0.0,0.0,varchar(100),100.0,100.0,0.0,0.0,0.0
dbo,actci,changedate,DATA_TYPE_CHANGED,DATA_TYPE_CHANGED|PRECISION_INCREASED|SCALE_INCREASED,datetime -> datetime2(7),datetime,NULL,8.0,23.0,3.0,1.0,datetime2(7),NULL,8.0,27.0,7.0,1.0
dbo,actci,lastscandt,DATA_TYPE_CHANGED,DATA_TYPE_CHANGED|PRECISION_INCREASED|SCALE_INCREASED,datetime -> datetime2(7),datetime,NULL,8.0,23.0,3.0,0.0,datetime2(7),NULL,8.0,27.0,7.0,0.0
dbo,actci,changeby,LENGTH_INCREASED,LENGTH_INCREASED,varchar(30) -> varchar(100),varchar(30),30.0,30.0,0.0,0.0,1.0,varchar(100),100.0,100.0,0.0,0.0,1.0
dbo,actci,classstructureid,LENGTH_INCREASED,LENGTH_INCREASED,varchar(20) -> varchar(25),varchar(20),20.0,20.0,0.0,0.0,1.0,varchar(25),25.0,25.0,0.0,0.0,1.0
dbo,actcirelation,changedate,DATA_TYPE_CHANGED,DATA_TYPE_CHANGED|PRECISION_INCREASED|SCALE_INCREASED,datetime -> datetime2(7),datetime,NULL,8.0,23.0,3.0,1.0,datetime2(7),NULL,8.0,27.0,7.0,1.0
dbo,actcirelation,changeby,LENGTH_INCREASED,LENGTH_INCREASED,varchar(30) -> varchar(100),varchar(30),30.0,30.0,0.0,0.0,1.0,varchar(100),100.0,100.0,0.0,0.0,1.0
dbo,actcispec,changedate,DATA_TYPE_CHANGED,DATA_TYPE_CHANGED|PRECISION_INCREASED|SCALE_INCREASED,datetime -> datetime2(7),datetime,NULL,8.0,23.0,3.0,0.0,datetime2(7),NULL,8.0,27.0,7.0,0.0
dbo,actcispec,changeby,LENGTH_INCREASED,LENGTH_INCREASED,varchar(30) -> varchar(100),varchar(30),30.0,30.0,0.0,0.0,0.0,varchar(100),100.0,100.0,0.0,0.0,0.0
dbo,actcispec,classstructureid,LENGTH_INCREASED,LENGTH_INCREASED,varchar(20) -> varchar(25),varchar(20),20.0,20.0,0.0,0.0,0.0,varchar(25),25.0,25.0,0.0,0.0,0.0
dbo,action,displayname,COLUMN_ADDED,COLUMN_ADDED,new varchar(30),,,,,,,varchar(30),30.0,30.0,0.0,0.0,1.0
dbo,address,changedate,DATA_TYPE_CHANGED,DATA_TYPE_CHANGED|PRECISION_INCREASED|SCALE_INCREASED,datetime -> datetime2(7),datetime,NULL,8.0,23.0,3.0,0.0,datetime2(7),NULL,8.0,27.0,7.0,0.0
dbo,address,changeby,LENGTH_INCREASED,LENGTH_INCREASED,varchar(30) -> varchar(100),varchar(30),30.0,30.0,0.0,0.0,1.0,varchar(100),100.0,100.0,0.0,0.0,1.0
dbo,ahblthreshold,ahblthresholdnum,COLUMN_ADDED,COLUMN_ADDED,new bigint,,,,,,,bigint,NULL,8.0,19.0,0.0,1.0
dbo,ahblthreshold,lowerneedsattention,COLUMN_ADDED,COLUMN_ADDED,new smallint,,,,,,,smallint,NULL,2.0,5.0,0.0,1.0
dbo,ahblthreshold,scoretype,COLUMN_ADDED,COLUMN_ADDED,new varchar(80),,,,,,,varchar(80),80.0,80.0,0.0,0.0,0.0
dbo,ahblthresholdrange,scoretype,COLUMN_ADDED,COLUMN_ADDED,new varchar(80),,,,,,,varchar(80),80.0,80.0,0.0,0.0,0.0
dbo,ahblthresholdrange,upper,DATA_TYPE_CHANGED,DATA_TYPE_CHANGED|PRECISION_INCREASED|SCALE_INCREASED,"int -> decimal(14,1)",int,NULL,4.0,10.0,0.0,0.0,"decimal(14,1)",NULL,9.0,14.0,1.0,0.0
dbo,ahblthresholdrange,color,LENGTH_INCREASED,LENGTH_INCREASED,varchar(50) -> varchar(100),varchar(50),50.0,50.0,0.0,0.0,0.0,varchar(100),100.0,100.0,0.0,0.0,0.0
dbo,ahblthresholdrange,symbol,LENGTH_INCREASED,LENGTH_INCREASED,varchar(50) -> varchar(100),varchar(50),50.0,50.0,0.0,0.0,1.0,varchar(100),100.0,100.0,0.0,0.0,1.0
dbo,ahdriverlib,alias,COLUMN_ADDED,COLUMN_ADDED,new varchar(50),,,,,,,varchar(50),50.0,50.0,0.0,0.0,1.0
dbo,ahdriverlib,calctype,COLUMN_ADDED,COLUMN_ADDED,new varchar(100),,,,,,,varchar(100),100.0,100.0,0.0,0.0,0.0
dbo,ahdriverlib,drivertype,COLUMN_ADDED,COLUMN_ADDED,new varchar(100),,,,,,,varchar(100),100.0,100.0,0.0,0.0,0.0
dbo,ahdriverlib,extfunctionname,COLUMN_ADDED,COLUMN_ADDED,new varchar(200),,,,,,,varchar(200),200.0,200.0,0.0,0.0,1.0
dbo,ahdriverlib,extmodelname,COLUMN_ADDED,COLUMN_ADDED,new varchar(200),,,,,,,varchar(200),200.0,200.0,0.0,0.0,1.0
dbo,ahdriverlib,scoretype,COLUMN_ADDED,COLUMN_ADDED,new varchar(80),,,,,,,varchar(80),80.0,80.0,0.0,0.0,1.0
dbo,ahdriverlib,curvalformula,LENGTH_INCREASED,LENGTH_INCREASED,varchar(1000) -> varchar(2000),varchar(1000),1000.0,1000.0,0.0,0.0,0.0,varchar(2000),2000.0,2000.0,0.0,0.0,0.0
dbo,ahdriverlib,curvalformulaname,LENGTH_INCREASED,LENGTH_INCREASED,varchar(50) -> varchar(610),varchar(50),50.0,50.0,0.0,0.0,1.0,varchar(610),610.0,610.0,0.0,0.0,1.0
dbo,ahdriverlib,driverid,LENGTH_INCREASED,LENGTH_INCREASED,varchar(20) -> varchar(610),varchar(20),20.0,20.0,0.0,0.0,0.0,varchar(610),610.0,610.0,0.0,0.0,0.0
dbo,ahdriverlib,name,LENGTH_INCREASED,LENGTH_INCREASED,varchar(50) -> varchar(200),varchar(50),50.0,50.0,0.0,0.0,0.0,varchar(200),200.0,200.0,0.0,0.0,0.0
dbo,ahdriverlib,normformula,LENGTH_INCREASED,LENGTH_INCREASED,varchar(1000) -> varchar(2000),varchar(1000),1000.0,1000.0,0.0,0.0,0.0,varchar(2000),2000.0,2000.0,0.0,0.0,0.0
dbo,ahdriverlib,normformulaname,LENGTH_INCREASED,LENGTH_INCREASED,varchar(50) -> varchar(610),varchar(50),50.0,50.0,0.0,0.0,1.0,varchar(610),610.0,610.0,0.0,0.0,1.0
dbo,ahmethoddriver,role,COLUMN_ADDED,COLUMN_ADDED,new varchar(50),,,,,,,varchar(50),50.0,50.0,0.0,0.0,1.0
dbo,ahmethoddriver,driverid,LENGTH_INCREASED,LENGTH_INCREASED,varchar(20) -> varchar(610),varchar(20),20.0,20.0,0.0,0.0,0.0,varchar(610),610.0,610.0,0.0,0.0,0.0
dbo,ahmethoddriver,methodname,LENGTH_INCREASED,LENGTH_INCREASED,varchar(50) -> varchar(250),varchar(50),50.0,50.0,0.0,0.0,0.0,varchar(250),250.0,250.0,0.0,0.0,0.0
dbo,ahmethoddriver,weight,PRECISION_INCREASED,PRECISION_INCREASED,"decimal(5,2) -> decimal(12,2)","decimal(5,2)",NULL,5.0,5.0,2.0,0.0,"decimal(12,2)",NULL,9.0,12.0,2.0,0.0
dbo,ahmethodology,calctype,COLUMN_ADDED,COLUMN_ADDED,new varchar(100),,,,,,,varchar(100),100.0,100.0,0.0,0.0,0.0
dbo,ahmethodology,extfunctionname,COLUMN_ADDED,COLUMN_ADDED,new varchar(200),,,,,,,varchar(200),200.0,200.0,0.0,0.0,1.0
dbo,ahmethodology,extmodelname,COLUMN_ADDED,COLUMN_ADDED,new varchar(200),,,,,,,varchar(200),200.0,200.0,0.0,0.0,1.0
dbo,ahmethodology,factorcardinality,COLUMN_ADDED,COLUMN_ADDED,new varchar(20),,,,,,,varchar(20),20.0,20.0,0.0,0.0,0.0
dbo,ahmethodology,isattribute,COLUMN_ADDED,COLUMN_ADDED,new smallint,,,,,,,smallint,NULL,2.0,5.0,0.0,0.0
dbo,ahmethodology,methoddisplayname,COLUMN_ADDED,COLUMN_ADDED,new varchar(200),,,,,,,varchar(200),200.0,200.0,0.0,0.0,1.0
dbo,ahmethodology,methodformula,COLUMN_ADDED,COLUMN_ADDED,new varchar(2000),,,,,,,varchar(2000),2000.0,2000.0,0.0,0.0,1.0
dbo,ahmethodology,scoretype,COLUMN_ADDED,COLUMN_ADDED,new varchar(80),,,,,,,varchar(80),80.0,80.0,0.0,0.0,1.0
dbo,ahmethodology,conversionformula,LENGTH_INCREASED,LENGTH_INCREASED,varchar(1000) -> varchar(2000),varchar(1000),1000.0,1000.0,0.0,0.0,1.0,varchar(2000),2000.0,2000.0,0.0,0.0,1.0
dbo,ahmethodology,conversionformulaname,LENGTH_INCREASED,LENGTH_INCREASED,varchar(50) -> varchar(610),varchar(50),50.0,50.0,0.0,0.0,1.0,varchar(610),610.0,610.0,0.0,0.0,1.0
dbo,ahmethodology,description,LENGTH_INCREASED,LENGTH_INCREASED,varchar(50) -> varchar(200),varchar(50),50.0,50.0,0.0,0.0,1.0,varchar(200),200.0,200.0,0.0,0.0,1.0
dbo,ahmethodology,methodname,LENGTH_INCREASED,LENGTH_INCREASED,varchar(50) -> varchar(250),varchar(50),50.0,50.0,0.0,0.0,0.0,varchar(250),250.0,250.0,0.0,0.0,0.0
dbo,ahmethodology,usewith,LENGTH_INCREASED,LENGTH_INCREASED,varchar(30) -> varchar(100),varchar(30),30.0,30.0,0.0,0.0,0.0,varchar(100),100.0,100.0,0.0,0.0,0.0
dbo,ahscoremap,methodname,LENGTH_INCREASED,LENGTH_INCREASED,varchar(50) -> varchar(250),varchar(50),50.0,50.0,0.0,0.0,1.0,varchar(250),250.0,250.0,0.0,0.0,1.0
dbo,amcrew,supervisor,COLUMN_ADDED,COLUMN_ADDED,new varchar(100),,,,,,,varchar(100),100.0,100.0,0.0,0.0,1.0
dbo,amcrew,statusdate,DATA_TYPE_CHANGED,DATA_TYPE_CHANGED|PRECISION_INCREASED|SCALE_INCREASED,datetime -> datetime2(7),datetime,NULL,8.0,23.0,3.0,0.0,datetime2(7),NULL,8.0,27.0,7.0,0.0
dbo,amcrew,z_manager,LENGTH_INCREASED,LENGTH_INCREASED,varchar(30) -> varchar(100),varchar(30),30.0,30.0,0.0,0.0,1.0,varchar(100),100.0,100.0,0.0,0.0,1.0
dbo,amcrewlabor,anywhererefid,COLUMN_ADDED,COLUMN_ADDED,new bigint,,,,,,,bigint,NULL,8.0,19.0,0.0,1.0
dbo,amcrewlabor,effectivedate,DATA_TYPE_CHANGED,DATA_TYPE_CHANGED|PRECISION_INCREASED|SCALE_INCREASED,datetime -> datetime2(7),datetime,NULL,8.0,23.0,3.0,0.0,datetime2(7),NULL,8.0,27.0,7.0,0.0
dbo,amcrewlabor,enddate,DATA_TYPE_CHANGED,DATA_TYPE_CHANGED|PRECISION_INCREASED|SCALE_INCREASED,datetime -> datetime2(7),datetime,NULL,8.0,23.0,3.0,1.0,datetime2(7),NULL,8.0,27.0,7.0,1.0
dbo,amcrewmodavail,calendarbreakid,COLUMN_ADDED,COLUMN_ADDED,new bigint,,,,,,,bigint,NULL,8.0,19.0,0.0,1.0
dbo,amcrewmodavail,laborrotshiftid,COLUMN_ADDED,COLUMN_ADDED,new bigint,,,,,,,bigint,NULL,8.0,19.0,0.0,1.0
dbo,amcrewmodavail,shiftbreak,COLUMN_ADDED,COLUMN_ADDED,new smallint,,,,,,,smallint,NULL,2.0,5.0,0.0,1.0
dbo,amcrewmodavail,shiftnum,COLUMN_ADDED,COLUMN_ADDED,new varchar(8),,,,,,,varchar(8),8.0,8.0,0.0,0.0,1.0
dbo,amcrewmodavail,shiftrot,COLUMN_ADDED,COLUMN_ADDED,new smallint,,,,,,,smallint,NULL,2.0,5.0,0.0,0.0
dbo,amcrewmodavail,endtime,DATA_TYPE_CHANGED,DATA_TYPE_CHANGED|PRECISION_INCREASED|SCALE_INCREASED,datetime -> datetime2(7),datetime,NULL,8.0,23.0,3.0,1.0,datetime2(7),NULL,8.0,27.0,7.0,1.0
dbo,amcrewmodavail,starttime,DATA_TYPE_CHANGED,DATA_TYPE_CHANGED|PRECISION_INCREASED|SCALE_INCREASED,datetime -> datetime2(7),datetime,NULL,8.0,23.0,3.0,1.0,datetime2(7),NULL,8.0,27.0,7.0,1.0
dbo,amcrewmodavail,workdate,DATA_TYPE_CHANGED,DATA_TYPE_CHANGED|PRECISION_INCREASED|SCALE_INCREASED,datetime -> datetime2(7),datetime,NULL,8.0,23.0,3.0,1.0,datetime2(7),NULL,8.0,27.0,7.0,1.0
dbo,amcrewstathis,changedate,DATA_TYPE_CHANGED,DATA_TYPE_CHANGED|PRECISION_INCREASED|SCALE_INCREASED,datetime -> datetime2(7),datetime,NULL,8.0,23.0,3.0,0.0,datetime2(7),NULL,8.0,27.0,7.0,0.0
dbo,amcrewstathis,changeby,LENGTH_INCREASED,LENGTH_INCREASED,varchar(30) -> varchar(100),varchar(30),30.0,30.0,0.0,0.0,0.0,varchar(100),100.0,100.0,0.0,0.0,0.0
dbo,amcrewt,statusdate,DATA_TYPE_CHANGED,DATA_TYPE_CHANGED|PRECISION_INCREASED|SCALE_INCREASED,datetime -> datetime2(7),datetime,NULL,8.0,23.0,3.0,1.0,datetime2(7),NULL,8.0,27.0,7.0,1.0
dbo,amcrewtool,anywhererefid,COLUMN_ADDED,COLUMN_ADDED,new bigint,,,,,,,bigint,NULL,8.0,19.0,0.0,1.0
dbo,amcrewtool,effectivedate,DATA_TYPE_CHANGED,DATA_TYPE_CHANGED|PRECISION_INCREASED|SCALE_INCREASED,datetime -> datetime2(7),datetime,NULL,8.0,23.0,3.0,0.0,datetime2(7),NULL,8.0,27.0,7.0,0.0
dbo,amcrewtool,enddate,DATA_TYPE_CHANGED,DATA_TYPE_CHANGED|PRECISION_INCREASED|SCALE_INCREASED,datetime -> datetime2(7),datetime,NULL,8.0,23.0,3.0,1.0,datetime2(7),NULL,8.0,27.0,7.0,1.0
dbo,amcrewwolab,name,LENGTH_INCREASED,LENGTH_INCREASED,varchar(62) -> varchar(82),varchar(62),62.0,62.0,0.0,0.0,1.0,varchar(82),82.0,82.0,0.0,0.0,1.0
dbo,amcrewwolab,wonum,LENGTH_INCREASED,LENGTH_INCREASED,varchar(10) -> varchar(25),varchar(10),10.0,10.0,0.0,0.0,1.0,varchar(25),25.0,25.0,0.0,0.0,1.0
dbo,amcrewwotl,wonum,LENGTH_INCREASED,LENGTH_INCREASED,varchar(10) -> varchar(25),varchar(10),10.0,10.0,0.0,0.0,1.0,varchar(25),25.0,25.0,0.0,0.0,1.0
dbo,amctstathist,changedate,DATA_TYPE_CHANGED,DATA_TYPE_CHANGED|PRECISION_INCREASED|SCALE_INCREASED,datetime -> datetime2(7),datetime,NULL,8.0,23.0,3.0,1.0,datetime2(7),NULL,8.0,27.0,7.0,1.0
dbo,amctstathist,changeby,LENGTH_INCREASED,LENGTH_INCREASED,varchar(30) -> varchar(100),varchar(30),30.0,30.0,0.0,0.0,1.0,varchar(100),100.0,100.0,0.0,0.0,1.0
dbo,analyticdataset,createddate,DATA_TYPE_CHANGED,DATA_TYPE_CHANGED|PRECISION_INCREASED|SCALE_INCREASED,datetime -> datetime2(7),datetime,NULL,8.0,23.0,3.0,0.0,datetime2(7),NULL,8.0,27.0,7.0,0.0
dbo,analyticdataset,lastupdatedate,DATA_TYPE_CHANGED,DATA_TYPE_CHANGED|PRECISION_INCREASED|SCALE_INCREASED,datetime -> datetime2(7),datetime,NULL,8.0,23.0,3.0,0.0,datetime2(7),NULL,8.0,27.0,7.0,0.0
dbo,analyticdataset,owner,LENGTH_INCREASED,LENGTH_INCREASED,varchar(30) -> varchar(100),varchar(30),30.0,30.0,0.0,0.0,0.0,varchar(100),100.0,100.0,0.0,0.0,0.0
dbo,anomaly,anywhererefid,COLUMN_ADDED,COLUMN_ADDED,new bigint,,,,,,,bigint,NULL,8.0,19.0,0.0,1.0
dbo,anomaly,status,COLUMN_ADDED,COLUMN_ADDED,new varchar(50),,,,,,,varchar(50),50.0,50.0,0.0,0.0,1.0
dbo,anomaly,changedate,DATA_TYPE_CHANGED,DATA_TYPE_CHANGED|PRECISION_INCREASED|SCALE_INCREASED,datetime -> datetime2(7),datetime,NULL,8.0,23.0,3.0,1.0,datetime2(7),NULL,8.0,27.0,7.0,1.0
dbo,anomaly,createdate,DATA_TYPE_CHANGED,DATA_TYPE_CHANGED|PRECISION_INCREASED|SCALE_INCREASED,datetime -> datetime2(7),datetime,NULL,8.0,23.0,3.0,1.0,datetime2(7),NULL,8.0,27.0,7.0,1.0
dbo,anomaly,polygons,DATA_TYPE_CHANGED,DATA_TYPE_CHANGED,text -> varchar(max),text,NULL,16.0,0.0,0.0,1.0,varchar(max),NULL,-1.0,0.0,0.0,1.0
dbo,anomalycatalog,additionalrule,COLUMN_ADDED,COLUMN_ADDED,new varchar(50),,,,,,,varchar(50),50.0,50.0,0.0,0.0,1.0
dbo,anomalycatalog,thresholdrule,COLUMN_ADDED,COLUMN_ADDED,new varchar(50),,,,,,,varchar(50),50.0,50.0,0.0,0.0,1.0
dbo,anomalycatalog,changedate,DATA_TYPE_CHANGED,DATA_TYPE_CHANGED|PRECISION_INCREASED|SCALE_INCREASED,datetime -> datetime2(7),datetime,NULL,8.0,23.0,3.0,1.0,datetime2(7),NULL,8.0,27.0,7.0,1.0
dbo,anomalycatalog,createdate,DATA_TYPE_CHANGED,DATA_TYPE_CHANGED|PRECISION_INCREASED|SCALE_INCREASED,datetime -> datetime2(7),datetime,NULL,8.0,23.0,3.0,1.0,datetime2(7),NULL,8.0,27.0,7.0,1.0
dbo,apicsrftoken,lastaccess,DATA_TYPE_CHANGED,DATA_TYPE_CHANGED|PRECISION_INCREASED|SCALE_INCREASED,datetime -> datetime2(7),datetime,NULL,8.0,23.0,3.0,0.0,datetime2(7),NULL,8.0,27.0,7.0,0.0
dbo,apicsrftoken,loginid,LENGTH_INCREASED,LENGTH_INCREASED,varchar(50) -> varchar(100),varchar(50),50.0,50.0,0.0,0.0,0.0,varchar(100),100.0,100.0,0.0,0.0,0.0
dbo,apikeytoken,internal,COLUMN_ADDED,COLUMN_ADDED,new smallint,,,,,,,smallint,NULL,2.0,5.0,0.0,0.0
dbo,apikeytoken,creationdate,DATA_TYPE_CHANGED,DATA_TYPE_CHANGED|PRECISION_INCREASED|SCALE_INCREASED,datetime -> datetime2(7),datetime,NULL,8.0,23.0,3.0,0.0,datetime2(7),NULL,8.0,27.0,7.0,0.0
dbo,apikeytoken,userid,LENGTH_INCREASED,LENGTH_INCREASED,varchar(30) -> varchar(100),varchar(30),30.0,30.0,0.0,0.0,1.0,varchar(100),100.0,100.0,0.0,0.0,1.0
dbo,apilinkedobject,relation,LENGTH_INCREASED,LENGTH_INCREASED,varchar(50) -> varchar(100),varchar(50),50.0,50.0,0.0,0.0,0.0,varchar(100),100.0,100.0,0.0,0.0,0.0
dbo,apiroute,trackrequests,COLUMN_ADDED,COLUMN_ADDED,new smallint,,,,,,,smallint,NULL,2.0,5.0,0.0,0.0
dbo,apirouteprop,propvalue,LENGTH_INCREASED,LENGTH_INCREASED,varchar(200) -> varchar(2000),varchar(200),200.0,200.0,0.0,0.0,0.0,varchar(2000),2000.0,2000.0,0.0,0.0,0.0
dbo,appfielddefaults,grpname,LENGTH_INCREASED,LENGTH_INCREASED,varchar(30) -> varchar(100),varchar(30),30.0,30.0,0.0,0.0,1.0,varchar(100),100.0,100.0,0.0,0.0,1.0
dbo,appfielddefaults,username,LENGTH_INCREASED,LENGTH_INCREASED,varchar(30) -> varchar(100),varchar(30),30.0,30.0,0.0,0.0,1.0,varchar(100),100.0,100.0,0.0,0.0,1.0
dbo,apptbkcommitperson,personid,LENGTH_INCREASED,LENGTH_INCREASED,varchar(30) -> varchar(100),varchar(30),30.0,30.0,0.0,0.0,0.0,varchar(100),100.0,100.0,0.0,0.0,0.0
dbo,apptbkstatus,changeddate,DATA_TYPE_CHANGED,DATA_TYPE_CHANGED|PRECISION_INCREASED|SCALE_INCREASED,datetime -> datetime2(7),datetime,NULL,8.0,23.0,3.0,0.0,datetime2(7),NULL,8.0,27.0,7.0,0.0
dbo,apptbkstatus,changedby,LENGTH_INCREASED,LENGTH_INCREASED,varchar(30) -> varchar(100),varchar(30),30.0,30.0,0.0,0.0,1.0,varchar(100),100.0,100.0,0.0,0.0,1.0
dbo,apptbkwindowavail,changeddate,DATA_TYPE_CHANGED,DATA_TYPE_CHANGED|PRECISION_INCREASED|SCALE_INCREASED,datetime -> datetime2(7),datetime,NULL,8.0,23.0,3.0,0.0,datetime2(7),NULL,8.0,27.0,7.0,0.0
dbo,apptbkwindowavail,endtime,DATA_TYPE_CHANGED,DATA_TYPE_CHANGED|PRECISION_INCREASED|SCALE_INCREASED,datetime -> datetime2(7),datetime,NULL,8.0,23.0,3.0,1.0,datetime2(7),NULL,8.0,27.0,7.0,1.0
dbo,apptbkwindowavail,lockeddate,DATA_TYPE_CHANGED,DATA_TYPE_CHANGED|PRECISION_INCREASED|SCALE_INCREASED,datetime -> datetime2(7),datetime,NULL,8.0,23.0,3.0,1.0,datetime2(7),NULL,8.0,27.0,7.0,1.0
dbo,apptbkwindowavail,starttime,DATA_TYPE_CHANGED,DATA_TYPE_CHANGED|PRECISION_INCREASED|SCALE_INCREASED,datetime -> datetime2(7),datetime,NULL,8.0,23.0,3.0,1.0,datetime2(7),NULL,8.0,27.0,7.0,1.0
dbo,apptbkwindowavail,workdate,DATA_TYPE_CHANGED,DATA_TYPE_CHANGED|PRECISION_INCREASED|SCALE_INCREASED,datetime -> datetime2(7),datetime,NULL,8.0,23.0,3.0,1.0,datetime2(7),NULL,8.0,27.0,7.0,1.0
dbo,apptbkwindowavail,changedby,LENGTH_INCREASED,LENGTH_INCREASED,varchar(30) -> varchar(100),varchar(30),30.0,30.0,0.0,0.0,1.0,varchar(100),100.0,100.0,0.0,0.0,1.0
dbo,apptbkwindowavail,lockedby,LENGTH_INCREASED,LENGTH_INCREASED,varchar(30) -> varchar(100),varchar(30),30.0,30.0,0.0,0.0,1.0,varchar(100),100.0,100.0,0.0,0.0,1.0
dbo,apptbkwindows,effectiveend,DATA_TYPE_CHANGED,DATA_TYPE_CHANGED|PRECISION_INCREASED|SCALE_INCREASED,datetime -> datetime2(7),datetime,NULL,8.0,23.0,3.0,1.0,datetime2(7),NULL,8.0,27.0,7.0,1.0
dbo,apptbkwindows,effectivestart,DATA_TYPE_CHANGED,DATA_TYPE_CHANGED|PRECISION_INCREASED|SCALE_INCREASED,datetime -> datetime2(7),datetime,NULL,8.0,23.0,3.0,1.0,datetime2(7),NULL,8.0,27.0,7.0,1.0
dbo,apptbkwindows,endtime,DATA_TYPE_CHANGED,DATA_TYPE_CHANGED|PRECISION_INCREASED|SCALE_INCREASED,datetime -> datetime2(7),datetime,NULL,8.0,23.0,3.0,0.0,datetime2(7),NULL,8.0,27.0,7.0,0.0
dbo,apptbkwindows,starttime,DATA_TYPE_CHANGED,DATA_TYPE_CHANGED|PRECISION_INCREASED|SCALE_INCREASED,datetime -> datetime2(7),datetime,NULL,8.0,23.0,3.0,0.0,datetime2(7),NULL,8.0,27.0,7.0,0.0
dbo,apptbook,createdate,DATA_TYPE_CHANGED,DATA_TYPE_CHANGED|PRECISION_INCREASED|SCALE_INCREASED,datetime -> datetime2(7),datetime,NULL,8.0,23.0,3.0,0.0,datetime2(7),NULL,8.0,27.0,7.0,0.0
dbo,apptbook,enddate,DATA_TYPE_CHANGED,DATA_TYPE_CHANGED|PRECISION_INCREASED|SCALE_INCREASED,datetime -> datetime2(7),datetime,NULL,8.0,23.0,3.0,0.0,datetime2(7),NULL,8.0,27.0,7.0,0.0
dbo,apptbook,startdate,DATA_TYPE_CHANGED,DATA_TYPE_CHANGED|PRECISION_INCREASED|SCALE_INCREASED,datetime -> datetime2(7),datetime,NULL,8.0,23.0,3.0,0.0,datetime2(7),NULL,8.0,27.0,7.0,0.0
dbo,apptbook,statusdate,DATA_TYPE_CHANGED,DATA_TYPE_CHANGED|PRECISION_INCREASED|SCALE_INCREASED,datetime -> datetime2(7),datetime,NULL,8.0,23.0,3.0,1.0,datetime2(7),NULL,8.0,27.0,7.0,1.0
dbo,apptbook,createby,LENGTH_INCREASED,LENGTH_INCREASED,varchar(30) -> varchar(100),varchar(30),30.0,30.0,0.0,0.0,1.0,varchar(100),100.0,100.0,0.0,0.0,1.0
dbo,apptbookassignments,workdate,DATA_TYPE_CHANGED,DATA_TYPE_CHANGED|PRECISION_INCREASED|SCALE_INCREASED,datetime -> datetime2(7),datetime,NULL,8.0,23.0,3.0,0.0,datetime2(7),NULL,8.0,27.0,7.0,0.0
dbo,apptbookassignments,saddresscode,LENGTH_INCREASED,LENGTH_INCREASED,varchar(12) -> varchar(25),varchar(12),12.0,12.0,0.0,0.0,1.0,varchar(25),25.0,25.0,0.0,0.0,1.0
dbo,apptbookassignments,wonum,LENGTH_INCREASED,LENGTH_INCREASED,varchar(10) -> varchar(25),varchar(10),10.0,10.0,0.0,0.0,1.0,varchar(25),25.0,25.0,0.0,0.0,1.0
dbo,apptracker,accessdate,DATA_TYPE_CHANGED,DATA_TYPE_CHANGED|PRECISION_INCREASED|SCALE_INCREASED,datetime -> datetime2(7),datetime,NULL,8.0,23.0,3.0,0.0,datetime2(7),NULL,8.0,27.0,7.0,0.0
dbo,apptracker,userid,LENGTH_INCREASED,LENGTH_INCREASED,varchar(30) -> varchar(100),varchar(30),30.0,30.0,0.0,0.0,0.0,varchar(100),100.0,100.0,0.0,0.0,0.0
dbo,appuserpropcfg,personid,LENGTH_INCREASED,LENGTH_INCREASED,varchar(30) -> varchar(100),varchar(30),30.0,30.0,0.0,0.0,0.0,varchar(100),100.0,100.0,0.0,0.0,0.0
dbo,archive,archivedate,DATA_TYPE_CHANGED,DATA_TYPE_CHANGED|PRECISION_INCREASED|SCALE_INCREASED,datetime -> datetime2(7),datetime,NULL,8.0,23.0,3.0,0.0,datetime2(7),NULL,8.0,27.0,7.0,0.0
dbo,areasaffected,contact,LENGTH_INCREASED,LENGTH_INCREASED,varchar(30) -> varchar(100),varchar(30),30.0,30.0,0.0,0.0,1.0,varchar(100),100.0,100.0,0.0,0.0,1.0
dbo,areasaffected,wonum,LENGTH_INCREASED,LENGTH_INCREASED,varchar(10) -> varchar(25),varchar(10),10.0,10.0,0.0,0.0,0.0,varchar(25),25.0,25.0,0.0,0.0,0.0
dbo,asset,adjustedlifedate,COLUMN_ADDED,COLUMN_ADDED,new datetime2(7),,,,,,,datetime2(7),NULL,8.0,27.0,7.0,1.0
dbo,asset,ahcainspformnum,COLUMN_ADDED,COLUMN_ADDED,new varchar(12),,,,,,,varchar(12),12.0,12.0,0.0,0.0,1.0
dbo,asset,ahcainspstatus,COLUMN_ADDED,COLUMN_ADDED,new varchar(20),,,,,,,varchar(20),20.0,20.0,0.0,0.0,1.0
dbo,asset,ahcajpnum,COLUMN_ADDED,COLUMN_ADDED,new varchar(20),,,,,,,varchar(20),20.0,20.0,0.0,0.0,1.0
dbo,asset,ahcalastcompdate,COLUMN_ADDED,COLUMN_ADDED,new datetime2(7),,,,,,,datetime2(7),NULL,8.0,27.0,7.0,1.0
dbo,asset,ahcapmnextduedate,COLUMN_ADDED,COLUMN_ADDED,new datetime2(7),,,,,,,datetime2(7),NULL,8.0,27.0,7.0,1.0
dbo,asset,ahcapmnum,COLUMN_ADDED,COLUMN_ADDED,new varchar(25),,,,,,,varchar(25),25.0,25.0,0.0,0.0,1.0
dbo,asset,ahcaresultnum,COLUMN_ADDED,COLUMN_ADDED,new varchar(12),,,,,,,varchar(12),12.0,12.0,0.0,0.0,1.0
dbo,asset,ahcarevision,COLUMN_ADDED,COLUMN_ADDED,new int,,,,,,,int,NULL,4.0,10.0,0.0,1.0
dbo,asset,ahcawonum,COLUMN_ADDED,COLUMN_ADDED,new varchar(25),,,,,,,varchar(25),25.0,25.0,0.0,0.0,1.0
dbo,asset,ahcaworktype,COLUMN_ADDED,COLUMN_ADDED,new varchar(5),,,,,,,varchar(5),5.0,5.0,0.0,0.0,1.0
dbo,asset,ahcawostatus,COLUMN_ADDED,COLUMN_ADDED,new varchar(16),,,,,,,varchar(16),16.0,16.0,0.0,0.0,1.0
dbo,asset,inhibitalertgen,COLUMN_ADDED,COLUMN_ADDED,new smallint,,,,,,,smallint,NULL,2.0,5.0,0.0,0.0
dbo,asset,lastahscoredate,COLUMN_ADDED,COLUMN_ADDED,new datetime2(7),,,,,,,datetime2(7),NULL,8.0,27.0,7.0,1.0
dbo,asset,methodname,COLUMN_ADDED,COLUMN_ADDED,new varchar(250),,,,,,,varchar(250),250.0,250.0,0.0,0.0,1.0
dbo,asset,mrefassettype,COLUMN_ADDED,COLUMN_ADDED,new varchar(50),,,,,,,varchar(50),50.0,50.0,0.0,0.0,1.0
dbo,asset,mrefid,COLUMN_ADDED,COLUMN_ADDED,new varchar(1000),,,,,,,varchar(1000),1000.0,1000.0,0.0,0.0,1.0
dbo,asset,mrefrecordid,COLUMN_ADDED,COLUMN_ADDED,new varchar(50),,,,,,,varchar(50),50.0,50.0,0.0,0.0,1.0
dbo,asset,pluscbypassaccuracyvalidation,COLUMN_ADDED,COLUMN_ADDED,new smallint,,,,,,,smallint,NULL,2.0,5.0,0.0,0.0
dbo,asset,pluscfullrgeeu,COLUMN_ADDED,COLUMN_ADDED,new varchar(15),,,,,,,varchar(15),15.0,15.0,0.0,0.0,1.0
dbo,asset,pluscfullrgefrom,COLUMN_ADDED,COLUMN_ADDED,new varchar(15),,,,,,,varchar(15),15.0,15.0,0.0,0.0,1.0
dbo,asset,pluscfullrgeto,COLUMN_ADDED,COLUMN_ADDED,new varchar(15),,,,,,,varchar(15),15.0,15.0,0.0,0.0,1.0
dbo,asset,geometry,COLUMN_DROPPED,COLUMN_DROPPED,was image,image,NULL,16.0,0.0,0.0,1.0,,,,,,
dbo,asset,plussgeojson,COLUMN_DROPPED,COLUMN_DROPPED,was text,text,NULL,16.0,0.0,0.0,1.0,,,,,,
dbo,asset,assethealth,DATA_TYPE_CHANGED,DATA_TYPE_CHANGED|PRECISION_INCREASED|SCALE_INCREASED,"int -> decimal(12,2)",int,NULL,4.0,10.0,0.0,1.0,"decimal(12,2)",NULL,9.0,12.0,2.0,1.0
dbo,asset,changedate,DATA_TYPE_CHANGED,DATA_TYPE_CHANGED|PRECISION_INCREASED|SCALE_INCREASED,datetime -> datetime2(7),datetime,NULL,8.0,23.0,3.0,0.0,datetime2(7),NULL,8.0,27.0,7.0,0.0
dbo,asset,eq23,DATA_TYPE_CHANGED,DATA_TYPE_CHANGED|PRECISION_INCREASED|SCALE_INCREASED,datetime -> datetime2(7),datetime,NULL,8.0,23.0,3.0,1.0,datetime2(7),NULL,8.0,27.0,7.0,1.0
dbo,asset,eq6,DATA_TYPE_CHANGED,DATA_TYPE_CHANGED|PRECISION_INCREASED|SCALE_INCREASED,datetime -> datetime2(7),datetime,NULL,8.0,23.0,3.0,1.0,datetime2(7),NULL,8.0,27.0,7.0,1.0
dbo,asset,estendoflife,DATA_TYPE_CHANGED,DATA_TYPE_CHANGED|PRECISION_INCREASED|SCALE_INCREASED,datetime -> datetime2(7),datetime,NULL,8.0,23.0,3.0,1.0,datetime2(7),NULL,8.0,27.0,7.0,1.0
dbo,asset,expectedlifedate,DATA_TYPE_CHANGED,DATA_TYPE_CHANGED|PRECISION_INCREASED|SCALE_INCREASED,datetime -> datetime2(7),datetime,NULL,8.0,23.0,3.0,1.0,datetime2(7),NULL,8.0,27.0,7.0,1.0
dbo,asset,installdate,DATA_TYPE_CHANGED,DATA_TYPE_CHANGED|PRECISION_INCREASED|SCALE_INCREASED,datetime -> datetime2(7),datetime,NULL,8.0,23.0,3.0,1.0,datetime2(7),NULL,8.0,27.0,7.0,1.0
dbo,asset,lastauditdate,DATA_TYPE_CHANGED,DATA_TYPE_CHANGED|PRECISION_INCREASED|SCALE_INCREASED,datetime -> datetime2(7),datetime,NULL,8.0,23.0,3.0,1.0,datetime2(7),NULL,8.0,27.0,7.0,1.0
dbo,asset,pluscduedate,DATA_TYPE_CHANGED,DATA_TYPE_CHANGED|PRECISION_INCREASED|SCALE_INCREASED,datetime -> datetime2(7),datetime,NULL,8.0,23.0,3.0,1.0,datetime2(7),NULL,8.0,27.0,7.0,1.0
dbo,asset,pmnextfaildt,DATA_TYPE_CHANGED,DATA_TYPE_CHANGED|PRECISION_INCREASED|SCALE_INCREASED,datetime -> datetime2(7),datetime,NULL,8.0,23.0,3.0,1.0,datetime2(7),NULL,8.0,27.0,7.0,1.0
dbo,asset,statusdate,DATA_TYPE_CHANGED,DATA_TYPE_CHANGED|PRECISION_INCREASED|SCALE_INCREASED,datetime -> datetime2(7),datetime,NULL,8.0,23.0,3.0,1.0,datetime2(7),NULL,8.0,27.0,7.0,1.0
dbo,asset,warrantyexpdate,DATA_TYPE_CHANGED,DATA_TYPE_CHANGED|PRECISION_INCREASED|SCALE_INCREASED,datetime -> datetime2(7),datetime,NULL,8.0,23.0,3.0,1.0,datetime2(7),NULL,8.0,27.0,7.0,1.0
dbo,asset,z_commissioned,DATA_TYPE_CHANGED,DATA_TYPE_CHANGED|PRECISION_INCREASED|SCALE_INCREASED,datetime -> datetime2(7),datetime,NULL,8.0,23.0,3.0,1.0,datetime2(7),NULL,8.0,27.0,7.0,1.0
dbo,asset,z_conditiondate,DATA_TYPE_CHANGED,DATA_TYPE_CHANGED|PRECISION_INCREASED|SCALE_INCREASED,datetime -> datetime2(7),datetime,NULL,8.0,23.0,3.0,1.0,datetime2(7),NULL,8.0,27.0,7.0,1.0
dbo,asset,z_decomdate,DATA_TYPE_CHANGED,DATA_TYPE_CHANGED|PRECISION_INCREASED|SCALE_INCREASED,datetime -> datetime2(7),datetime,NULL,8.0,23.0,3.0,1.0,datetime2(7),NULL,8.0,27.0,7.0,1.0
dbo,asset,z_manufacturedate,DATA_TYPE_CHANGED,DATA_TYPE_CHANGED|PRECISION_INCREASED|SCALE_INCREASED,datetime -> datetime2(7),datetime,NULL,8.0,23.0,3.0,1.0,datetime2(7),NULL,8.0,27.0,7.0,1.0
dbo,asset,z_sourcesysts,DATA_TYPE_CHANGED,DATA_TYPE_CHANGED|PRECISION_INCREASED|SCALE_INCREASED,datetime -> datetime2(7),datetime,NULL,8.0,23.0,3.0,1.0,datetime2(7),NULL,8.0,27.0,7.0,1.0
dbo,asset,assettype,LENGTH_INCREASED,LENGTH_INCREASED,varchar(25) -> varchar(50),varchar(25),25.0,25.0,0.0,0.0,1.0,varchar(50),50.0,50.0,0.0,0.0,1.0
dbo,asset,changeby,LENGTH_INCREASED,LENGTH_INCREASED,varchar(30) -> varchar(100),varchar(30),30.0,30.0,0.0,0.0,0.0,varchar(100),100.0,100.0,0.0,0.0,0.0
dbo,asset,classstructureid,LENGTH_INCREASED,LENGTH_INCREASED,varchar(20) -> varchar(25),varchar(20),20.0,20.0,0.0,0.0,1.0,varchar(25),25.0,25.0,0.0,0.0,1.0
dbo,asset,lastauditby,LENGTH_INCREASED,LENGTH_INCREASED,varchar(30) -> varchar(100),varchar(30),30.0,30.0,0.0,0.0,1.0,varchar(100),100.0,100.0,0.0,0.0,1.0
dbo,asset,saddresscode,LENGTH_INCREASED,LENGTH_INCREASED,varchar(12) -> varchar(25),varchar(12),12.0,12.0,0.0,0.0,1.0,varchar(25),25.0,25.0,0.0,0.0,1.0
dbo,assetfeaspechist,changedate,DATA_TYPE_CHANGED,DATA_TYPE_CHANGED|PRECISION_INCREASED|SCALE_INCREASED,datetime -> datetime2(7),datetime,NULL,8.0,23.0,3.0,1.0,datetime2(7),NULL,8.0,27.0,7.0,1.0
dbo,assetfeaspechist,createddate,DATA_TYPE_CHANGED,DATA_TYPE_CHANGED|PRECISION_INCREASED|SCALE_INCREASED,datetime -> datetime2(7),datetime,NULL,8.0,23.0,3.0,1.0,datetime2(7),NULL,8.0,27.0,7.0,1.0
dbo,assetfeaspechist,removeddate,DATA_TYPE_CHANGED,DATA_TYPE_CHANGED|PRECISION_INCREASED|SCALE_INCREASED,datetime -> datetime2(7),datetime,NULL,8.0,23.0,3.0,1.0,datetime2(7),NULL,8.0,27.0,7.0,1.0
dbo,assetfeaspechist,changeby,LENGTH_INCREASED,LENGTH_INCREASED,varchar(30) -> varchar(100),varchar(30),30.0,30.0,0.0,0.0,1.0,varchar(100),100.0,100.0,0.0,0.0,1.0
dbo,assetfeaspechist,classstructureid,LENGTH_INCREASED,LENGTH_INCREASED,varchar(20) -> varchar(25),varchar(20),20.0,20.0,0.0,0.0,1.0,varchar(25),25.0,25.0,0.0,0.0,1.0
dbo,assetfeature,classstructureid,LENGTH_INCREASED,LENGTH_INCREASED,varchar(20) -> varchar(25),varchar(20),20.0,20.0,0.0,0.0,1.0,varchar(25),25.0,25.0,0.0,0.0,1.0
dbo,assetfeaturehist,createddate,DATA_TYPE_CHANGED,DATA_TYPE_CHANGED|PRECISION_INCREASED|SCALE_INCREASED,datetime -> datetime2(7),datetime,NULL,8.0,23.0,3.0,0.0,datetime2(7),NULL,8.0,27.0,7.0,0.0
dbo,assetfeaturehist,removeddate,DATA_TYPE_CHANGED,DATA_TYPE_CHANGED|PRECISION_INCREASED|SCALE_INCREASED,datetime -> datetime2(7),datetime,NULL,8.0,23.0,3.0,1.0,datetime2(7),NULL,8.0,27.0,7.0,1.0
dbo,assetfeaturehist,classstructureid,LENGTH_INCREASED,LENGTH_INCREASED,varchar(20) -> varchar(25),varchar(20),20.0,20.0,0.0,0.0,1.0,varchar(25),25.0,25.0,0.0,0.0,1.0
dbo,assetfeaturespec,datevalue,COLUMN_ADDED,COLUMN_ADDED,new datetime2(7),,,,,,,datetime2(7),NULL,8.0,27.0,7.0,1.0
dbo,assetfeaturespec,changedate,DATA_TYPE_CHANGED,DATA_TYPE_CHANGED|PRECISION_INCREASED|SCALE_INCREASED,datetime -> datetime2(7),datetime,NULL,8.0,23.0,3.0,0.0,datetime2(7),NULL,8.0,27.0,7.0,0.0
dbo,assetfeaturespec,createddate,DATA_TYPE_CHANGED,DATA_TYPE_CHANGED|PRECISION_INCREASED|SCALE_INCREASED,datetime -> datetime2(7),datetime,NULL,8.0,23.0,3.0,0.0,datetime2(7),NULL,8.0,27.0,7.0,0.0
dbo,assetfeaturespec,removeddate,DATA_TYPE_CHANGED,DATA_TYPE_CHANGED|PRECISION_INCREASED|SCALE_INCREASED,datetime -> datetime2(7),datetime,NULL,8.0,23.0,3.0,1.0,datetime2(7),NULL,8.0,27.0,7.0,1.0
dbo,assetfeaturespec,changeby,LENGTH_INCREASED,LENGTH_INCREASED,varchar(30) -> varchar(100),varchar(30),30.0,30.0,0.0,0.0,0.0,varchar(100),100.0,100.0,0.0,0.0,0.0
dbo,assetfeaturespec,classstructureid,LENGTH_INCREASED,LENGTH_INCREASED,varchar(20) -> varchar(25),varchar(20),20.0,20.0,0.0,0.0,0.0,varchar(25),25.0,25.0,0.0,0.0,0.0
dbo,assethierarchy,wonum,LENGTH_INCREASED,LENGTH_INCREASED,varchar(10) -> varchar(25),varchar(10),10.0,10.0,0.0,0.0,0.0,varchar(25),25.0,25.0,0.0,0.0,0.0
dbo,assethistory,wonum,LENGTH_INCREASED,LENGTH_INCREASED,varchar(10) -> varchar(25),varchar(10),10.0,10.0,0.0,0.0,0.0,varchar(25),25.0,25.0,0.0,0.0,0.0
dbo,assetloccomm,assettype,LENGTH_INCREASED,LENGTH_INCREASED,varchar(25) -> varchar(50),varchar(25),25.0,25.0,0.0,0.0,1.0,varchar(50),50.0,50.0,0.0,0.0,1.0
dbo,assetlocrelation,createddate,DATA_TYPE_CHANGED,DATA_TYPE_CHANGED|PRECISION_INCREASED|SCALE_INCREASED,datetime -> datetime2(7),datetime,NULL,8.0,23.0,3.0,1.0,datetime2(7),NULL,8.0,27.0,7.0,1.0
dbo,assetlocrelhist,createddate,DATA_TYPE_CHANGED,DATA_TYPE_CHANGED|PRECISION_INCREASED|SCALE_INCREASED,datetime -> datetime2(7),datetime,NULL,8.0,23.0,3.0,0.0,datetime2(7),NULL,8.0,27.0,7.0,0.0
dbo,assetlocrelhist,removeddate,DATA_TYPE_CHANGED,DATA_TYPE_CHANGED|PRECISION_INCREASED|SCALE_INCREASED,datetime -> datetime2(7),datetime,NULL,8.0,23.0,3.0,1.0,datetime2(7),NULL,8.0,27.0,7.0,1.0
dbo,assetlocusercust,personid,LENGTH_INCREASED,LENGTH_INCREASED,varchar(30) -> varchar(100),varchar(30),30.0,30.0,0.0,0.0,0.0,varchar(100),100.0,100.0,0.0,0.0,0.0
dbo,assetmeter,description,COLUMN_ADDED,COLUMN_ADDED,new varchar(200),,,,,,,varchar(200),200.0,200.0,0.0,0.0,1.0
dbo,assetmeter,changedate,DATA_TYPE_CHANGED,DATA_TYPE_CHANGED|PRECISION_INCREASED|SCALE_INCREASED,datetime -> datetime2(7),datetime,NULL,8.0,23.0,3.0,0.0,datetime2(7),NULL,8.0,27.0,7.0,0.0
dbo,assetmeter,lastreadingdate,DATA_TYPE_CHANGED,DATA_TYPE_CHANGED|PRECISION_INCREASED|SCALE_INCREASED,datetime -> datetime2(7),datetime,NULL,8.0,23.0,3.0,1.0,datetime2(7),NULL,8.0,27.0,7.0,1.0
dbo,assetmeter,changeby,LENGTH_INCREASED,LENGTH_INCREASED,varchar(30) -> varchar(100),varchar(30),30.0,30.0,0.0,0.0,0.0,varchar(100),100.0,100.0,0.0,0.0,0.0
dbo,assetmeter,lastreadinginspctr,LENGTH_INCREASED,LENGTH_INCREASED,varchar(30) -> varchar(100),varchar(30),30.0,30.0,0.0,0.0,1.0,varchar(100),100.0,100.0,0.0,0.0,1.0
dbo,assetmntskd,enddatetime,DATA_TYPE_CHANGED,DATA_TYPE_CHANGED|PRECISION_INCREASED|SCALE_INCREASED,datetime -> datetime2(7),datetime,NULL,8.0,23.0,3.0,1.0,datetime2(7),NULL,8.0,27.0,7.0,1.0
dbo,assetmntskd,enterdate,DATA_TYPE_CHANGED,DATA_TYPE_CHANGED|PRECISION_INCREASED|SCALE_INCREASED,datetime -> datetime2(7),datetime,NULL,8.0,23.0,3.0,0.0,datetime2(7),NULL,8.0,27.0,7.0,0.0
dbo,assetmntskd,startdatetime,DATA_TYPE_CHANGED,DATA_TYPE_CHANGED|PRECISION_INCREASED|SCALE_INCREASED,datetime -> datetime2(7),datetime,NULL,8.0,23.0,3.0,0.0,datetime2(7),NULL,8.0,27.0,7.0,0.0
dbo,assetmntskd,enterby,LENGTH_INCREASED,LENGTH_INCREASED,varchar(30) -> varchar(100),varchar(30),30.0,30.0,0.0,0.0,0.0,varchar(100),100.0,100.0,0.0,0.0,0.0
dbo,assetopskd,enddatetime,DATA_TYPE_CHANGED,DATA_TYPE_CHANGED|PRECISION_INCREASED|SCALE_INCREASED,datetime -> datetime2(7),datetime,NULL,8.0,23.0,3.0,1.0,datetime2(7),NULL,8.0,27.0,7.0,1.0
dbo,assetopskd,enterdate,DATA_TYPE_CHANGED,DATA_TYPE_CHANGED|PRECISION_INCREASED|SCALE_INCREASED,datetime -> datetime2(7),datetime,NULL,8.0,23.0,3.0,0.0,datetime2(7),NULL,8.0,27.0,7.0,0.0
dbo,assetopskd,startdatetime,DATA_TYPE_CHANGED,DATA_TYPE_CHANGED|PRECISION_INCREASED|SCALE_INCREASED,datetime -> datetime2(7),datetime,NULL,8.0,23.0,3.0,0.0,datetime2(7),NULL,8.0,27.0,7.0,0.0
dbo,assetopskd,enterby,LENGTH_INCREASED,LENGTH_INCREASED,varchar(30) -> varchar(100),varchar(30),30.0,30.0,0.0,0.0,0.0,varchar(100),100.0,100.0,0.0,0.0,0.0
dbo,assetrollupstatus,changedate,DATA_TYPE_CHANGED,DATA_TYPE_CHANGED|PRECISION_INCREASED|SCALE_INCREASED,datetime -> datetime2(7),datetime,NULL,8.0,23.0,3.0,0.0,datetime2(7),NULL,8.0,27.0,7.0,0.0
dbo,assetrollupstatus,enterby,LENGTH_INCREASED,LENGTH_INCREASED,varchar(30) -> varchar(100),varchar(30),30.0,30.0,0.0,0.0,0.0,varchar(100),100.0,100.0,0.0,0.0,0.0
dbo,assetrollupstatus,wonum,LENGTH_INCREASED,LENGTH_INCREASED,varchar(10) -> varchar(25),varchar(10),10.0,10.0,0.0,0.0,0.0,varchar(25),25.0,25.0,0.0,0.0,0.0
dbo,assetspec,anywhererefid,COLUMN_ADDED,COLUMN_ADDED,new bigint,,,,,,,bigint,NULL,8.0,19.0,0.0,1.0
dbo,assetspec,changedate,DATA_TYPE_CHANGED,DATA_TYPE_CHANGED|PRECISION_INCREASED|SCALE_INCREASED,datetime -> datetime2(7),datetime,NULL,8.0,23.0,3.0,0.0,datetime2(7),NULL,8.0,27.0,7.0,0.0
dbo,assetspec,datevalue,DATA_TYPE_CHANGED,DATA_TYPE_CHANGED|PRECISION_INCREASED|SCALE_INCREASED,datetime -> datetime2(7),datetime,NULL,8.0,23.0,3.0,1.0,datetime2(7),NULL,8.0,27.0,7.0,1.0
dbo,assetspec,es04,DATA_TYPE_CHANGED,DATA_TYPE_CHANGED|PRECISION_INCREASED|SCALE_INCREASED,datetime -> datetime2(7),datetime,NULL,8.0,23.0,3.0,1.0,datetime2(7),NULL,8.0,27.0,7.0,1.0
dbo,assetspec,changeby,LENGTH_INCREASED,LENGTH_INCREASED,varchar(30) -> varchar(100),varchar(30),30.0,30.0,0.0,0.0,0.0,varchar(100),100.0,100.0,0.0,0.0,0.0
dbo,assetspec,classstructureid,LENGTH_INCREASED,LENGTH_INCREASED,varchar(20) -> varchar(25),varchar(20),20.0,20.0,0.0,0.0,0.0,varchar(25),25.0,25.0,0.0,0.0,0.0
dbo,assetspechist,changedate,DATA_TYPE_CHANGED,DATA_TYPE_CHANGED|PRECISION_INCREASED|SCALE_INCREASED,datetime -> datetime2(7),datetime,NULL,8.0,23.0,3.0,1.0,datetime2(7),NULL,8.0,27.0,7.0,1.0
dbo,assetspechist,createddate,DATA_TYPE_CHANGED,DATA_TYPE_CHANGED|PRECISION_INCREASED|SCALE_INCREASED,datetime -> datetime2(7),datetime,NULL,8.0,23.0,3.0,1.0,datetime2(7),NULL,8.0,27.0,7.0,1.0
dbo,assetspechist,datevalue,DATA_TYPE_CHANGED,DATA_TYPE_CHANGED|PRECISION_INCREASED|SCALE_INCREASED,datetime -> datetime2(7),datetime,NULL,8.0,23.0,3.0,1.0,datetime2(7),NULL,8.0,27.0,7.0,1.0
dbo,assetspechist,removeddate,DATA_TYPE_CHANGED,DATA_TYPE_CHANGED|PRECISION_INCREASED|SCALE_INCREASED,datetime -> datetime2(7),datetime,NULL,8.0,23.0,3.0,1.0,datetime2(7),NULL,8.0,27.0,7.0,1.0
dbo,assetspechist,changeby,LENGTH_INCREASED,LENGTH_INCREASED,varchar(30) -> varchar(100),varchar(30),30.0,30.0,0.0,0.0,1.0,varchar(100),100.0,100.0,0.0,0.0,1.0
dbo,assetspechist,classstructureid,LENGTH_INCREASED,LENGTH_INCREASED,varchar(20) -> varchar(25),varchar(20),20.0,20.0,0.0,0.0,1.0,varchar(25),25.0,25.0,0.0,0.0,1.0
dbo,assetstatus,changedate,DATA_TYPE_CHANGED,DATA_TYPE_CHANGED|PRECISION_INCREASED|SCALE_INCREASED,datetime -> datetime2(7),datetime,NULL,8.0,23.0,3.0,0.0,datetime2(7),NULL,8.0,27.0,7.0,0.0
dbo,assetstatus,changeby,LENGTH_INCREASED,LENGTH_INCREASED,varchar(30) -> varchar(100),varchar(30),30.0,30.0,0.0,0.0,0.0,varchar(100),100.0,100.0,0.0,0.0,0.0
dbo,assetstatus,wonum,LENGTH_INCREASED,LENGTH_INCREASED,varchar(10) -> varchar(25),varchar(10),10.0,10.0,0.0,0.0,1.0,varchar(25),25.0,25.0,0.0,0.0,1.0
dbo,assettopocache,changedate,DATA_TYPE_CHANGED,DATA_TYPE_CHANGED|PRECISION_INCREASED|SCALE_INCREASED,datetime -> datetime2(7),datetime,NULL,8.0,23.0,3.0,1.0,datetime2(7),NULL,8.0,27.0,7.0,1.0
dbo,assettrans,datemoved,DATA_TYPE_CHANGED,DATA_TYPE_CHANGED|PRECISION_INCREASED|SCALE_INCREASED,datetime -> datetime2(7),datetime,NULL,8.0,23.0,3.0,0.0,datetime2(7),NULL,8.0,27.0,7.0,0.0
dbo,assettrans,transdate,DATA_TYPE_CHANGED,DATA_TYPE_CHANGED|PRECISION_INCREASED|SCALE_INCREASED,datetime -> datetime2(7),datetime,NULL,8.0,23.0,3.0,0.0,datetime2(7),NULL,8.0,27.0,7.0,0.0
dbo,assettrans,enterby,LENGTH_INCREASED,LENGTH_INCREASED,varchar(30) -> varchar(100),varchar(30),30.0,30.0,0.0,0.0,0.0,varchar(100),100.0,100.0,0.0,0.0,0.0
dbo,assettrans,wonum,LENGTH_INCREASED,LENGTH_INCREASED,varchar(10) -> varchar(25),varchar(10),10.0,10.0,0.0,0.0,1.0,varchar(25),25.0,25.0,0.0,0.0,1.0
dbo,assettype,assettype,LENGTH_INCREASED,LENGTH_INCREASED,varchar(25) -> varchar(50),varchar(25),25.0,25.0,0.0,0.0,0.0,varchar(50),50.0,50.0,0.0,0.0,0.0
dbo,assettype,methodname,LENGTH_INCREASED,LENGTH_INCREASED,varchar(50) -> varchar(250),varchar(50),50.0,50.0,0.0,0.0,1.0,varchar(250),250.0,250.0,0.0,0.0,1.0
dbo,assignment,actualenddate,COLUMN_ADDED,COLUMN_ADDED,new datetime2(7),,,,,,,datetime2(7),NULL,8.0,27.0,7.0,1.0
dbo,assignment,actualstartdate,COLUMN_ADDED,COLUMN_ADDED,new datetime2(7),,,,,,,datetime2(7),NULL,8.0,27.0,7.0,1.0
dbo,assignment,anywhererefid,COLUMN_ADDED,COLUMN_ADDED,new bigint,,,,,,,bigint,NULL,8.0,19.0,0.0,1.0
dbo,assignment,dispatchstatus,COLUMN_ADDED,COLUMN_ADDED,new varchar(12),,,,,,,varchar(12),12.0,12.0,0.0,0.0,1.0
dbo,assignment,dispstatusdate,COLUMN_ADDED,COLUMN_ADDED,new datetime2(7),,,,,,,datetime2(7),NULL,8.0,27.0,7.0,1.0
dbo,assignment,qualmet,COLUMN_ADDED,COLUMN_ADDED,new varchar(12),,,,,,,varchar(12),12.0,12.0,0.0,0.0,1.0
dbo,assignment,splanreviewdate,COLUMN_ADDED,COLUMN_ADDED,new datetime2(7),,,,,,,datetime2(7),NULL,8.0,27.0,7.0,1.0
dbo,assignment,wplaboruid,COLUMN_ADDED,COLUMN_ADDED,new bigint,,,,,,,bigint,NULL,8.0,19.0,0.0,1.0
dbo,assignment,changedate,DATA_TYPE_CHANGED,DATA_TYPE_CHANGED|PRECISION_INCREASED|SCALE_INCREASED,datetime -> datetime2(7),datetime,NULL,8.0,23.0,3.0,1.0,datetime2(7),NULL,8.0,27.0,7.0,1.0
dbo,assignment,finishdate,DATA_TYPE_CHANGED,DATA_TYPE_CHANGED|PRECISION_INCREASED|SCALE_INCREASED,datetime -> datetime2(7),datetime,NULL,8.0,23.0,3.0,1.0,datetime2(7),NULL,8.0,27.0,7.0,1.0
dbo,assignment,scheduledate,DATA_TYPE_CHANGED,DATA_TYPE_CHANGED|PRECISION_INCREASED|SCALE_INCREASED,datetime -> datetime2(7),datetime,NULL,8.0,23.0,3.0,1.0,datetime2(7),NULL,8.0,27.0,7.0,1.0
dbo,assignment,startdate,DATA_TYPE_CHANGED,DATA_TYPE_CHANGED|PRECISION_INCREASED|SCALE_INCREASED,datetime -> datetime2(7),datetime,NULL,8.0,23.0,3.0,1.0,datetime2(7),NULL,8.0,27.0,7.0,1.0
dbo,assignment,workdate,DATA_TYPE_CHANGED,DATA_TYPE_CHANGED|PRECISION_INCREASED|SCALE_INCREASED,datetime -> datetime2(7),datetime,NULL,8.0,23.0,3.0,1.0,datetime2(7),NULL,8.0,27.0,7.0,1.0
dbo,assignment,changeby,LENGTH_INCREASED,LENGTH_INCREASED,varchar(30) -> varchar(100),varchar(30),30.0,30.0,0.0,0.0,1.0,varchar(100),100.0,100.0,0.0,0.0,1.0
dbo,assignment,wonum,LENGTH_INCREASED,LENGTH_INCREASED,varchar(10) -> varchar(25),varchar(10),10.0,10.0,0.0,0.0,0.0,varchar(25),25.0,25.0,0.0,0.0,0.0
dbo,assignreploc,finishdate,DATA_TYPE_CHANGED,DATA_TYPE_CHANGED|PRECISION_INCREASED|SCALE_INCREASED,datetime -> datetime2(7),datetime,NULL,8.0,23.0,3.0,1.0,datetime2(7),NULL,8.0,27.0,7.0,1.0
dbo,assignreploc,startdate,DATA_TYPE_CHANGED,DATA_TYPE_CHANGED|PRECISION_INCREASED|SCALE_INCREASED,datetime -> datetime2(7),datetime,NULL,8.0,23.0,3.0,1.0,datetime2(7),NULL,8.0,27.0,7.0,1.0
dbo,assignreploc,wonum,LENGTH_INCREASED,LENGTH_INCREASED,varchar(10) -> varchar(25),varchar(10),10.0,10.0,0.0,0.0,0.0,varchar(25),25.0,25.0,0.0,0.0,0.0
dbo,asyncjobobjsnap,relationship,LENGTH_INCREASED,LENGTH_INCREASED,varchar(50) -> varchar(100),varchar(50),50.0,50.0,0.0,0.0,1.0,varchar(100),100.0,100.0,0.0,0.0,1.0
dbo,attendance,enterdate,DATA_TYPE_CHANGED,DATA_TYPE_CHANGED|PRECISION_INCREASED|SCALE_INCREASED,datetime -> datetime2(7),datetime,NULL,8.0,23.0,3.0,0.0,datetime2(7),NULL,8.0,27.0,7.0,0.0
dbo,attendance,finishdate,DATA_TYPE_CHANGED,DATA_TYPE_CHANGED|PRECISION_INCREASED|SCALE_INCREASED,datetime -> datetime2(7),datetime,NULL,8.0,23.0,3.0,1.0,datetime2(7),NULL,8.0,27.0,7.0,1.0
dbo,attendance,finishtime,DATA_TYPE_CHANGED,DATA_TYPE_CHANGED|PRECISION_INCREASED|SCALE_INCREASED,datetime -> datetime2(7),datetime,NULL,8.0,23.0,3.0,1.0,datetime2(7),NULL,8.0,27.0,7.0,1.0
dbo,attendance,startdate,DATA_TYPE_CHANGED,DATA_TYPE_CHANGED|PRECISION_INCREASED|SCALE_INCREASED,datetime -> datetime2(7),datetime,NULL,8.0,23.0,3.0,0.0,datetime2(7),NULL,8.0,27.0,7.0,0.0
dbo,attendance,starttime,DATA_TYPE_CHANGED,DATA_TYPE_CHANGED|PRECISION_INCREASED|SCALE_INCREASED,datetime -> datetime2(7),datetime,NULL,8.0,23.0,3.0,1.0,datetime2(7),NULL,8.0,27.0,7.0,1.0
dbo,attendance,transdate,DATA_TYPE_CHANGED,DATA_TYPE_CHANGED|PRECISION_INCREASED|SCALE_INCREASED,datetime -> datetime2(7),datetime,NULL,8.0,23.0,3.0,0.0,datetime2(7),NULL,8.0,27.0,7.0,0.0
dbo,attendance,enterby,LENGTH_INCREASED,LENGTH_INCREASED,varchar(30) -> varchar(100),varchar(30),30.0,30.0,0.0,0.0,0.0,varchar(100),100.0,100.0,0.0,0.0,0.0
dbo,attrformula,description,COLUMN_ADDED,COLUMN_ADDED,new varchar(200),,,,,,,varchar(200),200.0,200.0,0.0,0.0,1.0
dbo,attrformula,changedate,DATA_TYPE_CHANGED,DATA_TYPE_CHANGED|PRECISION_INCREASED|SCALE_INCREASED,datetime -> datetime2(7),datetime,NULL,8.0,23.0,3.0,1.0,datetime2(7),NULL,8.0,27.0,7.0,1.0
dbo,attrformula,attributename,LENGTH_INCREASED,LENGTH_INCREASED,varchar(50) -> varchar(80),varchar(50),50.0,50.0,0.0,0.0,0.0,varchar(80),80.0,80.0,0.0,0.0,0.0
dbo,attrformula,formula,LENGTH_INCREASED,LENGTH_INCREASED,varchar(1000) -> varchar(2000),varchar(1000),1000.0,1000.0,0.0,0.0,1.0,varchar(2000),2000.0,2000.0,0.0,0.0,1.0
dbo,attrformulacond,formula,LENGTH_INCREASED,LENGTH_INCREASED,varchar(1000) -> varchar(2000),varchar(1000),1000.0,1000.0,0.0,0.0,1.0,varchar(2000),2000.0,2000.0,0.0,0.0,1.0
dbo,authroleuser,personid,LENGTH_INCREASED,LENGTH_INCREASED,varchar(30) -> varchar(100),varchar(30),30.0,30.0,0.0,0.0,0.0,varchar(100),100.0,100.0,0.0,0.0,0.0
dbo,autoattrupdate,completedatetime,DATA_TYPE_CHANGED,DATA_TYPE_CHANGED|PRECISION_INCREASED|SCALE_INCREASED,datetime -> datetime2(7),datetime,NULL,8.0,23.0,3.0,1.0,datetime2(7),NULL,8.0,27.0,7.0,1.0
dbo,autoattrupdate,createddate,DATA_TYPE_CHANGED,DATA_TYPE_CHANGED|PRECISION_INCREASED|SCALE_INCREASED,datetime -> datetime2(7),datetime,NULL,8.0,23.0,3.0,1.0,datetime2(7),NULL,8.0,27.0,7.0,1.0
dbo,autoattrupdate,newdatevalue,DATA_TYPE_CHANGED,DATA_TYPE_CHANGED|PRECISION_INCREASED|SCALE_INCREASED,datetime -> datetime2(7),datetime,NULL,8.0,23.0,3.0,1.0,datetime2(7),NULL,8.0,27.0,7.0,1.0
dbo,autoattrupdate,olddatevalue,DATA_TYPE_CHANGED,DATA_TYPE_CHANGED|PRECISION_INCREASED|SCALE_INCREASED,datetime -> datetime2(7),datetime,NULL,8.0,23.0,3.0,1.0,datetime2(7),NULL,8.0,27.0,7.0,1.0
dbo,autoattrupdate,completedby,LENGTH_INCREASED,LENGTH_INCREASED,varchar(30) -> varchar(100),varchar(30),30.0,30.0,0.0,0.0,1.0,varchar(100),100.0,100.0,0.0,0.0,1.0
dbo,autoattrupdate,wonum,LENGTH_INCREASED,LENGTH_INCREASED,varchar(10) -> varchar(25),varchar(10),10.0,10.0,0.0,0.0,0.0,varchar(25),25.0,25.0,0.0,0.0,0.0
dbo,autolocatefields,childfields,LENGTH_INCREASED,LENGTH_INCREASED,varchar(20) -> varchar(40),varchar(20),20.0,20.0,0.0,0.0,0.0,varchar(40),40.0,40.0,0.0,0.0,0.0
dbo,autolocatefields,parentfields,LENGTH_INCREASED,LENGTH_INCREASED,varchar(20) -> varchar(40),varchar(20),20.0,20.0,0.0,0.0,0.0,varchar(40),40.0,40.0,0.0,0.0,0.0
dbo,autoscript,aitool,COLUMN_ADDED,COLUMN_ADDED,new smallint,,,,,,,smallint,NULL,2.0,5.0,0.0,0.0
dbo,autoscript,responseschema,COLUMN_ADDED,COLUMN_ADDED,new varchar(4000),,,,,,,varchar(4000),4000.0,4000.0,0.0,0.0,1.0
dbo,autoscript,binaryscriptsource,DATA_TYPE_CHANGED,DATA_TYPE_CHANGED,image -> varbinary(max),image,NULL,16.0,0.0,0.0,1.0,varbinary(max),NULL,-1.0,0.0,0.0,1.0
dbo,autoscript,changedate,DATA_TYPE_CHANGED,DATA_TYPE_CHANGED|PRECISION_INCREASED|SCALE_INCREASED,datetime -> datetime2(7),datetime,NULL,8.0,23.0,3.0,0.0,datetime2(7),NULL,8.0,27.0,7.0,0.0
dbo,autoscript,createddate,DATA_TYPE_CHANGED,DATA_TYPE_CHANGED|PRECISION_INCREASED|SCALE_INCREASED,datetime -> datetime2(7),datetime,NULL,8.0,23.0,3.0,0.0,datetime2(7),NULL,8.0,27.0,7.0,0.0
dbo,autoscript,source,DATA_TYPE_CHANGED,DATA_TYPE_CHANGED,text -> varchar(max),text,NULL,16.0,0.0,0.0,1.0,varchar(max),NULL,-1.0,0.0,0.0,1.0
dbo,autoscript,statusdate,DATA_TYPE_CHANGED,DATA_TYPE_CHANGED|PRECISION_INCREASED|SCALE_INCREASED,datetime -> datetime2(7),datetime,NULL,8.0,23.0,3.0,0.0,datetime2(7),NULL,8.0,27.0,7.0,0.0
dbo,autoscript,changeby,LENGTH_INCREASED,LENGTH_INCREASED,varchar(30) -> varchar(100),varchar(30),30.0,30.0,0.0,0.0,0.0,varchar(100),100.0,100.0,0.0,0.0,0.0
dbo,autoscript,createdby,LENGTH_INCREASED,LENGTH_INCREASED,varchar(62) -> varchar(82),varchar(62),62.0,62.0,0.0,0.0,1.0,varchar(82),82.0,82.0,0.0,0.0,1.0
dbo,autoscript,createdbyid,LENGTH_INCREASED,LENGTH_INCREASED,varchar(30) -> varchar(100),varchar(30),30.0,30.0,0.0,0.0,1.0,varchar(100),100.0,100.0,0.0,0.0,1.0
dbo,autoscript,createdbyname,LENGTH_INCREASED,LENGTH_INCREASED,varchar(62) -> varchar(82),varchar(62),62.0,62.0,0.0,0.0,1.0,varchar(82),82.0,82.0,0.0,0.0,1.0
dbo,autoscript,owner,LENGTH_INCREASED,LENGTH_INCREASED,varchar(62) -> varchar(82),varchar(62),62.0,62.0,0.0,0.0,1.0,varchar(82),82.0,82.0,0.0,0.0,1.0
dbo,autoscript,ownerid,LENGTH_INCREASED,LENGTH_INCREASED,varchar(30) -> varchar(100),varchar(30),30.0,30.0,0.0,0.0,1.0,varchar(100),100.0,100.0,0.0,0.0,1.0
dbo,autoscript,ownername,LENGTH_INCREASED,LENGTH_INCREASED,varchar(62) -> varchar(82),varchar(62),62.0,62.0,0.0,0.0,1.0,varchar(82),82.0,82.0,0.0,0.0,1.0
dbo,autoscriptstate,changedate,DATA_TYPE_CHANGED,DATA_TYPE_CHANGED|PRECISION_INCREASED|SCALE_INCREASED,datetime -> datetime2(7),datetime,NULL,8.0,23.0,3.0,0.0,datetime2(7),NULL,8.0,27.0,7.0,0.0
dbo,autoscriptstate,changeby,LENGTH_INCREASED,LENGTH_INCREASED,varchar(30) -> varchar(100),varchar(30),30.0,30.0,0.0,0.0,0.0,varchar(100),100.0,100.0,0.0,0.0,0.0
dbo,bboardmsgstatus,ishidden,COLUMN_ADDED,COLUMN_ADDED,new smallint,,,,,,,smallint,NULL,2.0,5.0,0.0,0.0
dbo,bboardmsgstatus,vieweddate,DATA_TYPE_CHANGED,DATA_TYPE_CHANGED|PRECISION_INCREASED|SCALE_INCREASED,datetime -> datetime2(7),datetime,NULL,8.0,23.0,3.0,0.0,datetime2(7),NULL,8.0,27.0,7.0,0.0
dbo,bboardmsgstatus,userid,LENGTH_INCREASED,LENGTH_INCREASED,varchar(30) -> varchar(100),varchar(30),30.0,30.0,0.0,0.0,0.0,varchar(100),100.0,100.0,0.0,0.0,0.0
dbo,bbstatushistory,changedate,DATA_TYPE_CHANGED,DATA_TYPE_CHANGED|PRECISION_INCREASED|SCALE_INCREASED,datetime -> datetime2(7),datetime,NULL,8.0,23.0,3.0,0.0,datetime2(7),NULL,8.0,27.0,7.0,0.0
dbo,bbstatushistory,changedby,LENGTH_INCREASED,LENGTH_INCREASED,varchar(30) -> varchar(100),varchar(30),30.0,30.0,0.0,0.0,0.0,varchar(100),100.0,100.0,0.0,0.0,0.0
dbo,billtoshipto,billtocontact,LENGTH_INCREASED,LENGTH_INCREASED,varchar(30) -> varchar(100),varchar(30),30.0,30.0,0.0,0.0,1.0,varchar(100),100.0,100.0,0.0,0.0,1.0
dbo,billtoshipto,shiptocontact,LENGTH_INCREASED,LENGTH_INCREASED,varchar(30) -> varchar(100),varchar(30),30.0,30.0,0.0,0.0,1.0,varchar(100),100.0,100.0,0.0,0.0,1.0
dbo,bimcommission,log,DATA_TYPE_CHANGED,DATA_TYPE_CHANGED,text -> varchar(max),text,NULL,16.0,0.0,0.0,1.0,varchar(max),NULL,-1.0,0.0,0.0,1.0
dbo,bimcommission,uploadtime,DATA_TYPE_CHANGED,DATA_TYPE_CHANGED|PRECISION_INCREASED|SCALE_INCREASED,datetime -> datetime2(7),datetime,NULL,8.0,23.0,3.0,1.0,datetime2(7),NULL,8.0,27.0,7.0,1.0
dbo,bimcommission,importedby,LENGTH_INCREASED,LENGTH_INCREASED,varchar(30) -> varchar(100),varchar(30),30.0,30.0,0.0,0.0,1.0,varchar(100),100.0,100.0,0.0,0.0,1.0
dbo,bimconfiguration,assetclassificationid,LENGTH_INCREASED,LENGTH_INCREASED,varchar(20) -> varchar(25),varchar(20),20.0,20.0,0.0,0.0,1.0,varchar(25),25.0,25.0,0.0,0.0,1.0
dbo,bimconfiguration,companyclassificationid,LENGTH_INCREASED,LENGTH_INCREASED,varchar(20) -> varchar(25),varchar(20),20.0,20.0,0.0,0.0,1.0,varchar(25),25.0,25.0,0.0,0.0,1.0
dbo,bimconfiguration,facilityclassificationid,LENGTH_INCREASED,LENGTH_INCREASED,varchar(20) -> varchar(25),varchar(20),20.0,20.0,0.0,0.0,1.0,varchar(25),25.0,25.0,0.0,0.0,1.0
dbo,bimconfiguration,floorclassificationid,LENGTH_INCREASED,LENGTH_INCREASED,varchar(20) -> varchar(25),varchar(20),20.0,20.0,0.0,0.0,1.0,varchar(25),25.0,25.0,0.0,0.0,1.0
dbo,bimconfiguration,initassettype,LENGTH_INCREASED,LENGTH_INCREASED,varchar(25) -> varchar(50),varchar(25),25.0,25.0,0.0,0.0,1.0,varchar(50),50.0,50.0,0.0,0.0,1.0
dbo,bimconfiguration,itemclassificationid,LENGTH_INCREASED,LENGTH_INCREASED,varchar(20) -> varchar(25),varchar(20),20.0,20.0,0.0,0.0,1.0,varchar(25),25.0,25.0,0.0,0.0,1.0
dbo,bimconfiguration,jobplanclassificationid,LENGTH_INCREASED,LENGTH_INCREASED,varchar(20) -> varchar(25),varchar(20),20.0,20.0,0.0,0.0,1.0,varchar(25),25.0,25.0,0.0,0.0,1.0
dbo,bimconfiguration,operlocclassificationid,LENGTH_INCREASED,LENGTH_INCREASED,varchar(20) -> varchar(25),varchar(20),20.0,20.0,0.0,0.0,1.0,varchar(25),25.0,25.0,0.0,0.0,1.0
dbo,bimconfiguration,personclassificationid,LENGTH_INCREASED,LENGTH_INCREASED,varchar(20) -> varchar(25),varchar(20),20.0,20.0,0.0,0.0,1.0,varchar(25),25.0,25.0,0.0,0.0,1.0
dbo,bimconfiguration,productclassificationid,LENGTH_INCREASED,LENGTH_INCREASED,varchar(20) -> varchar(25),varchar(20),20.0,20.0,0.0,0.0,1.0,varchar(25),25.0,25.0,0.0,0.0,1.0
dbo,bimconfiguration,spaceclassificationid,LENGTH_INCREASED,LENGTH_INCREASED,varchar(20) -> varchar(25),varchar(20),20.0,20.0,0.0,0.0,1.0,varchar(25),25.0,25.0,0.0,0.0,1.0
dbo,bimconfiguration,systemclassificationid,LENGTH_INCREASED,LENGTH_INCREASED,varchar(20) -> varchar(25),varchar(20),20.0,20.0,0.0,0.0,1.0,varchar(25),25.0,25.0,0.0,0.0,1.0
dbo,bimconfiguration,zoneclassificationid,LENGTH_INCREASED,LENGTH_INCREASED,varchar(20) -> varchar(25),varchar(20),20.0,20.0,0.0,0.0,1.0,varchar(25),25.0,25.0,0.0,0.0,1.0
dbo,bimomniclassimport,log,DATA_TYPE_CHANGED,DATA_TYPE_CHANGED,text -> varchar(max),text,NULL,16.0,0.0,0.0,1.0,varchar(max),NULL,-1.0,0.0,0.0,1.0
dbo,bimomniclassimport,uploadtime,DATA_TYPE_CHANGED,DATA_TYPE_CHANGED|PRECISION_INCREASED|SCALE_INCREASED,datetime -> datetime2(7),datetime,NULL,8.0,23.0,3.0,1.0,datetime2(7),NULL,8.0,27.0,7.0,1.0
dbo,bimomniclassimport,classstructureid,LENGTH_INCREASED,LENGTH_INCREASED,varchar(20) -> varchar(25),varchar(20),20.0,20.0,0.0,0.0,1.0,varchar(25),25.0,25.0,0.0,0.0,1.0
dbo,bimomniclassimport,importedby,LENGTH_INCREASED,LENGTH_INCREASED,varchar(30) -> varchar(100),varchar(30),30.0,30.0,0.0,0.0,1.0,varchar(100),100.0,100.0,0.0,0.0,1.0
dbo,bimproductbase,changedate,DATA_TYPE_CHANGED,DATA_TYPE_CHANGED|PRECISION_INCREASED|SCALE_INCREASED,datetime -> datetime2(7),datetime,NULL,8.0,23.0,3.0,1.0,datetime2(7),NULL,8.0,27.0,7.0,1.0
dbo,bimproductbase,createdon,DATA_TYPE_CHANGED,DATA_TYPE_CHANGED|PRECISION_INCREASED|SCALE_INCREASED,datetime -> datetime2(7),datetime,NULL,8.0,23.0,3.0,1.0,datetime2(7),NULL,8.0,27.0,7.0,1.0
dbo,bimproductbase,eq9,DATA_TYPE_CHANGED,DATA_TYPE_CHANGED|PRECISION_INCREASED|SCALE_INCREASED,datetime -> datetime2(7),datetime,NULL,8.0,23.0,3.0,1.0,datetime2(7),NULL,8.0,27.0,7.0,1.0
dbo,bimproductbase,statusdate,DATA_TYPE_CHANGED,DATA_TYPE_CHANGED|PRECISION_INCREASED|SCALE_INCREASED,datetime -> datetime2(7),datetime,NULL,8.0,23.0,3.0,1.0,datetime2(7),NULL,8.0,27.0,7.0,1.0
dbo,bimproductbase,changeby,LENGTH_INCREASED,LENGTH_INCREASED,varchar(30) -> varchar(100),varchar(30),30.0,30.0,0.0,0.0,0.0,varchar(100),100.0,100.0,0.0,0.0,0.0
dbo,bimproductbase,classstructureid,LENGTH_INCREASED,LENGTH_INCREASED,varchar(20) -> varchar(25),varchar(20),20.0,20.0,0.0,0.0,1.0,varchar(25),25.0,25.0,0.0,0.0,1.0
dbo,bimproductbase,createdby,LENGTH_INCREASED,LENGTH_INCREASED,varchar(30) -> varchar(100),varchar(30),30.0,30.0,0.0,0.0,1.0,varchar(100),100.0,100.0,0.0,0.0,1.0
dbo,bimproductbasespec,bts04,DATA_TYPE_CHANGED,DATA_TYPE_CHANGED|PRECISION_INCREASED|SCALE_INCREASED,datetime -> datetime2(7),datetime,NULL,8.0,23.0,3.0,1.0,datetime2(7),NULL,8.0,27.0,7.0,1.0
dbo,bimproductbasespec,changedate,DATA_TYPE_CHANGED,DATA_TYPE_CHANGED|PRECISION_INCREASED|SCALE_INCREASED,datetime -> datetime2(7),datetime,NULL,8.0,23.0,3.0,0.0,datetime2(7),NULL,8.0,27.0,7.0,0.0
dbo,bimproductbasespec,changeby,LENGTH_INCREASED,LENGTH_INCREASED,varchar(30) -> varchar(100),varchar(30),30.0,30.0,0.0,0.0,0.0,varchar(100),100.0,100.0,0.0,0.0,0.0
dbo,bimproductbasespec,classstructureid,LENGTH_INCREASED,LENGTH_INCREASED,varchar(20) -> varchar(25),varchar(20),20.0,20.0,0.0,0.0,1.0,varchar(25),25.0,25.0,0.0,0.0,1.0
dbo,bimproductstatus,changedate,DATA_TYPE_CHANGED,DATA_TYPE_CHANGED|PRECISION_INCREASED|SCALE_INCREASED,datetime -> datetime2(7),datetime,NULL,8.0,23.0,3.0,1.0,datetime2(7),NULL,8.0,27.0,7.0,1.0
dbo,bimproductstatus,changeby,LENGTH_INCREASED,LENGTH_INCREASED,varchar(30) -> varchar(100),varchar(30),30.0,30.0,0.0,0.0,0.0,varchar(100),100.0,100.0,0.0,0.0,0.0
dbo,bimsession,changedatefilter,DATA_TYPE_CHANGED,DATA_TYPE_CHANGED|PRECISION_INCREASED|SCALE_INCREASED,datetime -> datetime2(7),datetime,NULL,8.0,23.0,3.0,1.0,datetime2(7),NULL,8.0,27.0,7.0,1.0
dbo,bimsession,log,DATA_TYPE_CHANGED,DATA_TYPE_CHANGED,text -> varchar(max),text,NULL,16.0,0.0,0.0,1.0,varchar(max),NULL,-1.0,0.0,0.0,1.0
dbo,bimsession,projecttimestamp,DATA_TYPE_CHANGED,DATA_TYPE_CHANGED|PRECISION_INCREASED|SCALE_INCREASED,datetime -> datetime2(7),datetime,NULL,8.0,23.0,3.0,1.0,datetime2(7),NULL,8.0,27.0,7.0,1.0
dbo,bimsession,uploadtime,DATA_TYPE_CHANGED,DATA_TYPE_CHANGED|PRECISION_INCREASED|SCALE_INCREASED,datetime -> datetime2(7),datetime,NULL,8.0,23.0,3.0,1.0,datetime2(7),NULL,8.0,27.0,7.0,1.0
dbo,bimsession,facilityclassificationid,LENGTH_INCREASED,LENGTH_INCREASED,varchar(20) -> varchar(25),varchar(20),20.0,20.0,0.0,0.0,1.0,varchar(25),25.0,25.0,0.0,0.0,1.0
dbo,bimsession,importedby,LENGTH_INCREASED,LENGTH_INCREASED,varchar(30) -> varchar(100),varchar(30),30.0,30.0,0.0,0.0,1.0,varchar(100),100.0,100.0,0.0,0.0,1.0
dbo,bimsession,initassettype,LENGTH_INCREASED,LENGTH_INCREASED,varchar(25) -> varchar(50),varchar(25),25.0,25.0,0.0,0.0,1.0,varchar(50),50.0,50.0,0.0,0.0,1.0
dbo,bookmark,enterdate,DATA_TYPE_CHANGED,DATA_TYPE_CHANGED|PRECISION_INCREASED|SCALE_INCREASED,datetime -> datetime2(7),datetime,NULL,8.0,23.0,3.0,0.0,datetime2(7),NULL,8.0,27.0,7.0,0.0
dbo,bookmark,userid,LENGTH_INCREASED,LENGTH_INCREASED,varchar(30) -> varchar(100),varchar(30),30.0,30.0,0.0,0.0,0.0,varchar(100),100.0,100.0,0.0,0.0,0.0
dbo,budget,calcend,DATA_TYPE_CHANGED,DATA_TYPE_CHANGED|PRECISION_INCREASED|SCALE_INCREASED,datetime -> datetime2(7),datetime,NULL,8.0,23.0,3.0,0.0,datetime2(7),NULL,8.0,27.0,7.0,0.0
dbo,budget,calcstart,DATA_TYPE_CHANGED,DATA_TYPE_CHANGED|PRECISION_INCREASED|SCALE_INCREASED,datetime -> datetime2(7),datetime,NULL,8.0,23.0,3.0,0.0,datetime2(7),NULL,8.0,27.0,7.0,0.0
dbo,budget,changedate,DATA_TYPE_CHANGED,DATA_TYPE_CHANGED|PRECISION_INCREASED|SCALE_INCREASED,datetime -> datetime2(7),datetime,NULL,8.0,23.0,3.0,0.0,datetime2(7),NULL,8.0,27.0,7.0,0.0
dbo,budget,createdate,DATA_TYPE_CHANGED,DATA_TYPE_CHANGED|PRECISION_INCREASED|SCALE_INCREASED,datetime -> datetime2(7),datetime,NULL,8.0,23.0,3.0,0.0,datetime2(7),NULL,8.0,27.0,7.0,0.0
dbo,budget,changedby,LENGTH_INCREASED,LENGTH_INCREASED,varchar(30) -> varchar(100),varchar(30),30.0,30.0,0.0,0.0,0.0,varchar(100),100.0,100.0,0.0,0.0,0.0
dbo,budget,createdby,LENGTH_INCREASED,LENGTH_INCREASED,varchar(30) -> varchar(100),varchar(30),30.0,30.0,0.0,0.0,0.0,varchar(100),100.0,100.0,0.0,0.0,0.0
dbo,budget,supervisor,LENGTH_INCREASED,LENGTH_INCREASED,varchar(30) -> varchar(100),varchar(30),30.0,30.0,0.0,0.0,0.0,varchar(100),100.0,100.0,0.0,0.0,0.0
dbo,budgetrule,relation2owner,LENGTH_INCREASED,LENGTH_INCREASED,varchar(50) -> varchar(100),varchar(50),50.0,50.0,0.0,0.0,1.0,varchar(100),100.0,100.0,0.0,0.0,1.0
dbo,budgetstatus,changedate,DATA_TYPE_CHANGED,DATA_TYPE_CHANGED|PRECISION_INCREASED|SCALE_INCREASED,datetime -> datetime2(7),datetime,NULL,8.0,23.0,3.0,0.0,datetime2(7),NULL,8.0,27.0,7.0,0.0
dbo,budgetstatus,changedby,LENGTH_INCREASED,LENGTH_INCREASED,varchar(30) -> varchar(100),varchar(30),30.0,30.0,0.0,0.0,0.0,varchar(100),100.0,100.0,0.0,0.0,0.0
dbo,bulletinboard,expiredate,DATA_TYPE_CHANGED,DATA_TYPE_CHANGED|PRECISION_INCREASED|SCALE_INCREASED,datetime -> datetime2(7),datetime,NULL,8.0,23.0,3.0,0.0,datetime2(7),NULL,8.0,27.0,7.0,0.0
dbo,bulletinboard,postdate,DATA_TYPE_CHANGED,DATA_TYPE_CHANGED|PRECISION_INCREASED|SCALE_INCREASED,datetime -> datetime2(7),datetime,NULL,8.0,23.0,3.0,0.0,datetime2(7),NULL,8.0,27.0,7.0,0.0
dbo,bulletinboard,postby,LENGTH_INCREASED,LENGTH_INCREASED,varchar(30) -> varchar(100),varchar(30),30.0,30.0,0.0,0.0,0.0,varchar(100),100.0,100.0,0.0,0.0,0.0
dbo,calendar,enddate,DATA_TYPE_CHANGED,DATA_TYPE_CHANGED|PRECISION_INCREASED|SCALE_INCREASED,datetime -> datetime2(7),datetime,NULL,8.0,23.0,3.0,0.0,datetime2(7),NULL,8.0,27.0,7.0,0.0
dbo,calendar,startdate,DATA_TYPE_CHANGED,DATA_TYPE_CHANGED|PRECISION_INCREASED|SCALE_INCREASED,datetime -> datetime2(7),datetime,NULL,8.0,23.0,3.0,0.0,datetime2(7),NULL,8.0,27.0,7.0,0.0
dbo,calendarbreak,endtime,DATA_TYPE_CHANGED,DATA_TYPE_CHANGED|PRECISION_INCREASED|SCALE_INCREASED,datetime -> datetime2(7),datetime,NULL,8.0,23.0,3.0,0.0,datetime2(7),NULL,8.0,27.0,7.0,0.0
dbo,calendarbreak,starttime,DATA_TYPE_CHANGED,DATA_TYPE_CHANGED|PRECISION_INCREASED|SCALE_INCREASED,datetime -> datetime2(7),datetime,NULL,8.0,23.0,3.0,0.0,datetime2(7),NULL,8.0,27.0,7.0,0.0
dbo,cdmcitypes,createdate,DATA_TYPE_CHANGED,DATA_TYPE_CHANGED|PRECISION_INCREASED|SCALE_INCREASED,datetime -> datetime2(7),datetime,NULL,8.0,23.0,3.0,1.0,datetime2(7),NULL,8.0,27.0,7.0,1.0
dbo,cdmcitypes,classstructureid,LENGTH_INCREASED,LENGTH_INCREASED,varchar(20) -> varchar(25),varchar(20),20.0,20.0,0.0,0.0,0.0,varchar(25),25.0,25.0,0.0,0.0,0.0
dbo,charpointaction,generatealert,COLUMN_ADDED,COLUMN_ADDED,new smallint,,,,,,,smallint,NULL,2.0,5.0,0.0,0.0
dbo,chartofaccounts,activedate,DATA_TYPE_CHANGED,DATA_TYPE_CHANGED|PRECISION_INCREASED|SCALE_INCREASED,datetime -> datetime2(7),datetime,NULL,8.0,23.0,3.0,0.0,datetime2(7),NULL,8.0,27.0,7.0,0.0
dbo,chartofaccounts,expiredate,DATA_TYPE_CHANGED,DATA_TYPE_CHANGED|PRECISION_INCREASED|SCALE_INCREASED,datetime -> datetime2(7),datetime,NULL,8.0,23.0,3.0,1.0,datetime2(7),NULL,8.0,27.0,7.0,1.0
dbo,chartofaccounts,oldexpiredate,DATA_TYPE_CHANGED,DATA_TYPE_CHANGED|PRECISION_INCREASED|SCALE_INCREASED,datetime -> datetime2(7),datetime,NULL,8.0,23.0,3.0,1.0,datetime2(7),NULL,8.0,27.0,7.0,1.0
dbo,ci,changedate,DATA_TYPE_CHANGED,DATA_TYPE_CHANGED|PRECISION_INCREASED|SCALE_INCREASED,datetime -> datetime2(7),datetime,NULL,8.0,23.0,3.0,1.0,datetime2(7),NULL,8.0,27.0,7.0,1.0
dbo,ci,statusdate,DATA_TYPE_CHANGED,DATA_TYPE_CHANGED|PRECISION_INCREASED|SCALE_INCREASED,datetime -> datetime2(7),datetime,NULL,8.0,23.0,3.0,0.0,datetime2(7),NULL,8.0,27.0,7.0,0.0
dbo,ci,changeby,LENGTH_INCREASED,LENGTH_INCREASED,varchar(30) -> varchar(100),varchar(30),30.0,30.0,0.0,0.0,1.0,varchar(100),100.0,100.0,0.0,0.0,1.0
dbo,ci,classstructureid,LENGTH_INCREASED,LENGTH_INCREASED,varchar(20) -> varchar(25),varchar(20),20.0,20.0,0.0,0.0,1.0,varchar(25),25.0,25.0,0.0,0.0,1.0
dbo,ci,personid,LENGTH_INCREASED,LENGTH_INCREASED,varchar(30) -> varchar(100),varchar(30),30.0,30.0,0.0,0.0,1.0,varchar(100),100.0,100.0,0.0,0.0,1.0
dbo,cirelation,changedate,DATA_TYPE_CHANGED,DATA_TYPE_CHANGED|PRECISION_INCREASED|SCALE_INCREASED,datetime -> datetime2(7),datetime,NULL,8.0,23.0,3.0,1.0,datetime2(7),NULL,8.0,27.0,7.0,1.0
dbo,cirelation,changeby,LENGTH_INCREASED,LENGTH_INCREASED,varchar(30) -> varchar(100),varchar(30),30.0,30.0,0.0,0.0,1.0,varchar(100),100.0,100.0,0.0,0.0,1.0
dbo,cirelationhis,enddate,DATA_TYPE_CHANGED,DATA_TYPE_CHANGED|PRECISION_INCREASED|SCALE_INCREASED,datetime -> datetime2(7),datetime,NULL,8.0,23.0,3.0,1.0,datetime2(7),NULL,8.0,27.0,7.0,1.0
dbo,cirelationhis,startdate,DATA_TYPE_CHANGED,DATA_TYPE_CHANGED|PRECISION_INCREASED|SCALE_INCREASED,datetime -> datetime2(7),datetime,NULL,8.0,23.0,3.0,0.0,datetime2(7),NULL,8.0,27.0,7.0,0.0
dbo,cirelationhis,changeby,LENGTH_INCREASED,LENGTH_INCREASED,varchar(30) -> varchar(100),varchar(30),30.0,30.0,0.0,0.0,1.0,varchar(100),100.0,100.0,0.0,0.0,1.0
dbo,cispec,changedate,DATA_TYPE_CHANGED,DATA_TYPE_CHANGED|PRECISION_INCREASED|SCALE_INCREASED,datetime -> datetime2(7),datetime,NULL,8.0,23.0,3.0,0.0,datetime2(7),NULL,8.0,27.0,7.0,0.0
dbo,cispec,datevalue,DATA_TYPE_CHANGED,DATA_TYPE_CHANGED|PRECISION_INCREASED|SCALE_INCREASED,datetime -> datetime2(7),datetime,NULL,8.0,23.0,3.0,1.0,datetime2(7),NULL,8.0,27.0,7.0,1.0
dbo,cispec,changeby,LENGTH_INCREASED,LENGTH_INCREASED,varchar(30) -> varchar(100),varchar(30),30.0,30.0,0.0,0.0,0.0,varchar(100),100.0,100.0,0.0,0.0,0.0
dbo,cispec,classstructureid,LENGTH_INCREASED,LENGTH_INCREASED,varchar(20) -> varchar(25),varchar(20),20.0,20.0,0.0,0.0,0.0,varchar(25),25.0,25.0,0.0,0.0,0.0
dbo,cispechis,changedate,DATA_TYPE_CHANGED,DATA_TYPE_CHANGED|PRECISION_INCREASED|SCALE_INCREASED,datetime -> datetime2(7),datetime,NULL,8.0,23.0,3.0,1.0,datetime2(7),NULL,8.0,27.0,7.0,1.0
dbo,cispechis,datevalue,DATA_TYPE_CHANGED,DATA_TYPE_CHANGED|PRECISION_INCREASED|SCALE_INCREASED,datetime -> datetime2(7),datetime,NULL,8.0,23.0,3.0,1.0,datetime2(7),NULL,8.0,27.0,7.0,1.0
dbo,cispechis,enddate,DATA_TYPE_CHANGED,DATA_TYPE_CHANGED|PRECISION_INCREASED|SCALE_INCREASED,datetime -> datetime2(7),datetime,NULL,8.0,23.0,3.0,1.0,datetime2(7),NULL,8.0,27.0,7.0,1.0
dbo,cispechis,startdate,DATA_TYPE_CHANGED,DATA_TYPE_CHANGED|PRECISION_INCREASED|SCALE_INCREASED,datetime -> datetime2(7),datetime,NULL,8.0,23.0,3.0,0.0,datetime2(7),NULL,8.0,27.0,7.0,0.0
dbo,cispechis,changeby,LENGTH_INCREASED,LENGTH_INCREASED,varchar(30) -> varchar(100),varchar(30),30.0,30.0,0.0,0.0,1.0,varchar(100),100.0,100.0,0.0,0.0,1.0
dbo,cispechis,classstructureid,LENGTH_INCREASED,LENGTH_INCREASED,varchar(20) -> varchar(25),varchar(20),20.0,20.0,0.0,0.0,0.0,varchar(25),25.0,25.0,0.0,0.0,0.0
dbo,cistatus,changedate,DATA_TYPE_CHANGED,DATA_TYPE_CHANGED|PRECISION_INCREASED|SCALE_INCREASED,datetime -> datetime2(7),datetime,NULL,8.0,23.0,3.0,0.0,datetime2(7),NULL,8.0,27.0,7.0,0.0
dbo,cistatus,changeby,LENGTH_INCREASED,LENGTH_INCREASED,varchar(30) -> varchar(100),varchar(30),30.0,30.0,0.0,0.0,0.0,varchar(100),100.0,100.0,0.0,0.0,0.0
dbo,citemplate,actciclassid,LENGTH_INCREASED,LENGTH_INCREASED,varchar(20) -> varchar(25),varchar(20),20.0,20.0,0.0,0.0,0.0,varchar(25),25.0,25.0,0.0,0.0,0.0
dbo,citemplate,ciclassid,LENGTH_INCREASED,LENGTH_INCREASED,varchar(20) -> varchar(25),varchar(20),20.0,20.0,0.0,0.0,0.0,varchar(25),25.0,25.0,0.0,0.0,0.0
dbo,citemplate,topactciclassid,LENGTH_INCREASED,LENGTH_INCREASED,varchar(20) -> varchar(25),varchar(20),20.0,20.0,0.0,0.0,1.0,varchar(25),25.0,25.0,0.0,0.0,1.0
dbo,citemplate,topciclassid,LENGTH_INCREASED,LENGTH_INCREASED,varchar(20) -> varchar(25),varchar(20),20.0,20.0,0.0,0.0,1.0,varchar(25),25.0,25.0,0.0,0.0,1.0
dbo,citypestatus,changedate,DATA_TYPE_CHANGED,DATA_TYPE_CHANGED|PRECISION_INCREASED|SCALE_INCREASED,datetime -> datetime2(7),datetime,NULL,8.0,23.0,3.0,1.0,datetime2(7),NULL,8.0,27.0,7.0,1.0
dbo,citypestatus,changedby,LENGTH_INCREASED,LENGTH_INCREASED,varchar(30) -> varchar(100),varchar(30),30.0,30.0,0.0,0.0,1.0,varchar(100),100.0,100.0,0.0,0.0,1.0
dbo,citypestatus,classstructureid,LENGTH_INCREASED,LENGTH_INCREASED,varchar(20) -> varchar(25),varchar(20),20.0,20.0,0.0,0.0,1.0,varchar(25),25.0,25.0,0.0,0.0,1.0
dbo,classancestor,ancestor,LENGTH_INCREASED,LENGTH_INCREASED,varchar(20) -> varchar(25),varchar(20),20.0,20.0,0.0,0.0,1.0,varchar(25),25.0,25.0,0.0,0.0,1.0
dbo,classancestor,classstructureid,LENGTH_INCREASED,LENGTH_INCREASED,varchar(20) -> varchar(25),varchar(20),20.0,20.0,0.0,0.0,1.0,varchar(25),25.0,25.0,0.0,0.0,1.0
dbo,classspec,cs04,DATA_TYPE_CHANGED,DATA_TYPE_CHANGED|PRECISION_INCREASED|SCALE_INCREASED,datetime -> datetime2(7),datetime,NULL,8.0,23.0,3.0,1.0,datetime2(7),NULL,8.0,27.0,7.0,1.0
dbo,classspec,classstructureid,LENGTH_INCREASED,LENGTH_INCREASED,varchar(20) -> varchar(25),varchar(20),20.0,20.0,0.0,0.0,0.0,varchar(25),25.0,25.0,0.0,0.0,0.0
dbo,classspecusewith,classstructureid,LENGTH_INCREASED,LENGTH_INCREASED,varchar(20) -> varchar(25),varchar(20),20.0,20.0,0.0,0.0,0.0,varchar(25),25.0,25.0,0.0,0.0,0.0
dbo,classstructure,classstructureid,LENGTH_INCREASED,LENGTH_INCREASED,varchar(20) -> varchar(25),varchar(20),20.0,20.0,0.0,0.0,0.0,varchar(25),25.0,25.0,0.0,0.0,0.0
dbo,classstructure,parent,LENGTH_INCREASED,LENGTH_INCREASED,varchar(20) -> varchar(25),varchar(20),20.0,20.0,0.0,0.0,1.0,varchar(25),25.0,25.0,0.0,0.0,1.0
dbo,classusewith,classstructureid,LENGTH_INCREASED,LENGTH_INCREASED,varchar(20) -> varchar(25),varchar(20),20.0,20.0,0.0,0.0,0.0,varchar(25),25.0,25.0,0.0,0.0,0.0
dbo,commitgroup,canedit,COLUMN_ADDED,COLUMN_ADDED,new smallint,,,,,,,smallint,NULL,2.0,5.0,0.0,0.0
dbo,commitgroup,template,COLUMN_ADDED,COLUMN_ADDED,new smallint,,,,,,,smallint,NULL,2.0,5.0,0.0,0.0
dbo,commitperson,canedit,COLUMN_ADDED,COLUMN_ADDED,new smallint,,,,,,,smallint,NULL,2.0,5.0,0.0,0.0
dbo,commitperson,template,COLUMN_ADDED,COLUMN_ADDED,new smallint,,,,,,,smallint,NULL,2.0,5.0,0.0,0.0
dbo,commitperson,personid,LENGTH_INCREASED,LENGTH_INCREASED,varchar(30) -> varchar(100),varchar(30),30.0,30.0,0.0,0.0,0.0,varchar(100),100.0,100.0,0.0,0.0,0.0
dbo,commlog,texttemplatename,COLUMN_ADDED,COLUMN_ADDED,new varchar(20),,,,,,,varchar(20),20.0,20.0,0.0,0.0,1.0
dbo,commlog,bcc,DATA_TYPE_CHANGED,DATA_TYPE_CHANGED,text -> varchar(max),text,NULL,16.0,0.0,0.0,1.0,varchar(max),NULL,-1.0,0.0,0.0,1.0
dbo,commlog,cc,DATA_TYPE_CHANGED,DATA_TYPE_CHANGED,text -> varchar(max),text,NULL,16.0,0.0,0.0,1.0,varchar(max),NULL,-1.0,0.0,0.0,1.0
dbo,commlog,createdate,DATA_TYPE_CHANGED,DATA_TYPE_CHANGED|PRECISION_INCREASED|SCALE_INCREASED,datetime -> datetime2(7),datetime,NULL,8.0,23.0,3.0,0.0,datetime2(7),NULL,8.0,27.0,7.0,0.0
dbo,commlog,message,DATA_TYPE_CHANGED,DATA_TYPE_CHANGED,text -> varchar(max),text,NULL,16.0,0.0,0.0,1.0,varchar(max),NULL,-1.0,0.0,0.0,1.0
dbo,commlog,sendto,DATA_TYPE_CHANGED,DATA_TYPE_CHANGED,text -> varchar(max),text,NULL,16.0,0.0,0.0,1.0,varchar(max),NULL,-1.0,0.0,0.0,1.0
dbo,commlog,createby,LENGTH_INCREASED,LENGTH_INCREASED,varchar(30) -> varchar(100),varchar(30),30.0,30.0,0.0,0.0,0.0,varchar(100),100.0,100.0,0.0,0.0,0.0
dbo,commodities,z_servicecategory,COLUMN_DROPPED,COLUMN_DROPPED,was varchar(15),varchar(15),15.0,15.0,0.0,0.0,1.0,,,,,,
dbo,commodities,owner,LENGTH_INCREASED,LENGTH_INCREASED,varchar(30) -> varchar(100),varchar(30),30.0,30.0,0.0,0.0,1.0,varchar(100),100.0,100.0,0.0,0.0,1.0
dbo,commtemplate,texttemplatename,COLUMN_ADDED,COLUMN_ADDED,new varchar(20),,,,,,,varchar(20),20.0,20.0,0.0,0.0,1.0
dbo,commtemplate,createdate,DATA_TYPE_CHANGED,DATA_TYPE_CHANGED|PRECISION_INCREASED|SCALE_INCREASED,datetime -> datetime2(7),datetime,NULL,8.0,23.0,3.0,0.0,datetime2(7),NULL,8.0,27.0,7.0,0.0
dbo,commtemplate,message,DATA_TYPE_CHANGED,DATA_TYPE_CHANGED,text -> varchar(max),text,NULL,16.0,0.0,0.0,1.0,varchar(max),NULL,-1.0,0.0,0.0,1.0
dbo,commtemplate,statusdate,DATA_TYPE_CHANGED,DATA_TYPE_CHANGED|PRECISION_INCREASED|SCALE_INCREASED,datetime -> datetime2(7),datetime,NULL,8.0,23.0,3.0,1.0,datetime2(7),NULL,8.0,27.0,7.0,1.0
dbo,commtemplate,createby,LENGTH_INCREASED,LENGTH_INCREASED,varchar(30) -> varchar(100),varchar(30),30.0,30.0,0.0,0.0,0.0,varchar(100),100.0,100.0,0.0,0.0,0.0
dbo,companies,changedate,DATA_TYPE_CHANGED,DATA_TYPE_CHANGED|PRECISION_INCREASED|SCALE_INCREASED,datetime -> datetime2(7),datetime,NULL,8.0,23.0,3.0,1.0,datetime2(7),NULL,8.0,27.0,7.0,1.0
dbo,companies,insurexpdate,DATA_TYPE_CHANGED,DATA_TYPE_CHANGED|PRECISION_INCREASED|SCALE_INCREASED,datetime -> datetime2(7),datetime,NULL,8.0,23.0,3.0,1.0,datetime2(7),NULL,8.0,27.0,7.0,1.0
dbo,companies,changeby,LENGTH_INCREASED,LENGTH_INCREASED,varchar(30) -> varchar(100),varchar(30),30.0,30.0,0.0,0.0,1.0,varchar(100),100.0,100.0,0.0,0.0,1.0
dbo,compcontact,proccardexpiredate,DATA_TYPE_CHANGED,DATA_TYPE_CHANGED|PRECISION_INCREASED|SCALE_INCREASED,datetime -> datetime2(7),datetime,NULL,8.0,23.0,3.0,1.0,datetime2(7),NULL,8.0,27.0,7.0,1.0
dbo,compcontact,classstructureid,LENGTH_INCREASED,LENGTH_INCREASED,varchar(20) -> varchar(25),varchar(20),20.0,20.0,0.0,0.0,1.0,varchar(25),25.0,25.0,0.0,0.0,1.0
dbo,compcontactmstr,proccardexpiredate,DATA_TYPE_CHANGED,DATA_TYPE_CHANGED|PRECISION_INCREASED|SCALE_INCREASED,datetime -> datetime2(7),datetime,NULL,8.0,23.0,3.0,1.0,datetime2(7),NULL,8.0,27.0,7.0,1.0
dbo,compmaster,changedate,DATA_TYPE_CHANGED,DATA_TYPE_CHANGED|PRECISION_INCREASED|SCALE_INCREASED,datetime -> datetime2(7),datetime,NULL,8.0,23.0,3.0,1.0,datetime2(7),NULL,8.0,27.0,7.0,1.0
dbo,compmaster,changeby,LENGTH_INCREASED,LENGTH_INCREASED,varchar(30) -> varchar(100),varchar(30),30.0,30.0,0.0,0.0,1.0,varchar(100),100.0,100.0,0.0,0.0,1.0
dbo,contlineasset,warrantyenddate,DATA_TYPE_CHANGED,DATA_TYPE_CHANGED|PRECISION_INCREASED|SCALE_INCREASED,datetime -> datetime2(7),datetime,NULL,8.0,23.0,3.0,1.0,datetime2(7),NULL,8.0,27.0,7.0,1.0
dbo,contlineasset,warrantystartdate,DATA_TYPE_CHANGED,DATA_TYPE_CHANGED|PRECISION_INCREASED|SCALE_INCREASED,datetime -> datetime2(7),datetime,NULL,8.0,23.0,3.0,0.0,datetime2(7),NULL,8.0,27.0,7.0,0.0
dbo,contlineasset,assettype,LENGTH_INCREASED,LENGTH_INCREASED,varchar(25) -> varchar(50),varchar(25),25.0,25.0,0.0,0.0,1.0,varchar(50),50.0,50.0,0.0,0.0,1.0
dbo,contract,changedate,DATA_TYPE_CHANGED,DATA_TYPE_CHANGED|PRECISION_INCREASED|SCALE_INCREASED,datetime -> datetime2(7),datetime,NULL,8.0,23.0,3.0,0.0,datetime2(7),NULL,8.0,27.0,7.0,0.0
dbo,contract,enddate,DATA_TYPE_CHANGED,DATA_TYPE_CHANGED|PRECISION_INCREASED|SCALE_INCREASED,datetime -> datetime2(7),datetime,NULL,8.0,23.0,3.0,1.0,datetime2(7),NULL,8.0,27.0,7.0,1.0
dbo,contract,exchangedate,DATA_TYPE_CHANGED,DATA_TYPE_CHANGED|PRECISION_INCREASED|SCALE_INCREASED,datetime -> datetime2(7),datetime,NULL,8.0,23.0,3.0,1.0,datetime2(7),NULL,8.0,27.0,7.0,1.0
dbo,contract,insuranceexpdate,DATA_TYPE_CHANGED,DATA_TYPE_CHANGED|PRECISION_INCREASED|SCALE_INCREASED,datetime -> datetime2(7),datetime,NULL,8.0,23.0,3.0,1.0,datetime2(7),NULL,8.0,27.0,7.0,1.0
dbo,contract,renewaldate,DATA_TYPE_CHANGED,DATA_TYPE_CHANGED|PRECISION_INCREASED|SCALE_INCREASED,datetime -> datetime2(7),datetime,NULL,8.0,23.0,3.0,1.0,datetime2(7),NULL,8.0,27.0,7.0,1.0
dbo,contract,startdate,DATA_TYPE_CHANGED,DATA_TYPE_CHANGED|PRECISION_INCREASED|SCALE_INCREASED,datetime -> datetime2(7),datetime,NULL,8.0,23.0,3.0,1.0,datetime2(7),NULL,8.0,27.0,7.0,1.0
dbo,contract,statusdate,DATA_TYPE_CHANGED,DATA_TYPE_CHANGED|PRECISION_INCREASED|SCALE_INCREASED,datetime -> datetime2(7),datetime,NULL,8.0,23.0,3.0,1.0,datetime2(7),NULL,8.0,27.0,7.0,1.0
dbo,contract,changeby,LENGTH_INCREASED,LENGTH_INCREASED,varchar(30) -> varchar(100),varchar(30),30.0,30.0,0.0,0.0,1.0,varchar(100),100.0,100.0,0.0,0.0,1.0
dbo,contract,purchaseagent,LENGTH_INCREASED,LENGTH_INCREASED,varchar(30) -> varchar(100),varchar(30),30.0,30.0,0.0,0.0,1.0,varchar(100),100.0,100.0,0.0,0.0,1.0
dbo,contractasset,enddate,DATA_TYPE_CHANGED,DATA_TYPE_CHANGED|PRECISION_INCREASED|SCALE_INCREASED,datetime -> datetime2(7),datetime,NULL,8.0,23.0,3.0,1.0,datetime2(7),NULL,8.0,27.0,7.0,1.0
dbo,contractasset,startdate,DATA_TYPE_CHANGED,DATA_TYPE_CHANGED|PRECISION_INCREASED|SCALE_INCREASED,datetime -> datetime2(7),datetime,NULL,8.0,23.0,3.0,1.0,datetime2(7),NULL,8.0,27.0,7.0,1.0
dbo,contractasset,warrantystartdate,DATA_TYPE_CHANGED,DATA_TYPE_CHANGED|PRECISION_INCREASED|SCALE_INCREASED,datetime -> datetime2(7),datetime,NULL,8.0,23.0,3.0,1.0,datetime2(7),NULL,8.0,27.0,7.0,1.0
dbo,contractauth,billtoattn,LENGTH_INCREASED,LENGTH_INCREASED,varchar(30) -> varchar(100),varchar(30),30.0,30.0,0.0,0.0,1.0,varchar(100),100.0,100.0,0.0,0.0,1.0
dbo,contractlease,lastscheduledate,DATA_TYPE_CHANGED,DATA_TYPE_CHANGED|PRECISION_INCREASED|SCALE_INCREASED,datetime -> datetime2(7),datetime,NULL,8.0,23.0,3.0,1.0,datetime2(7),NULL,8.0,27.0,7.0,1.0
dbo,contractlease,warrantystart,DATA_TYPE_CHANGED,DATA_TYPE_CHANGED|PRECISION_INCREASED|SCALE_INCREASED,datetime -> datetime2(7),datetime,NULL,8.0,23.0,3.0,1.0,datetime2(7),NULL,8.0,27.0,7.0,1.0
dbo,contractline,enterdate,DATA_TYPE_CHANGED,DATA_TYPE_CHANGED|PRECISION_INCREASED|SCALE_INCREASED,datetime -> datetime2(7),datetime,NULL,8.0,23.0,3.0,0.0,datetime2(7),NULL,8.0,27.0,7.0,0.0
dbo,contractline,enterby,LENGTH_INCREASED,LENGTH_INCREASED,varchar(30) -> varchar(100),varchar(30),30.0,30.0,0.0,0.0,0.0,varchar(100),100.0,100.0,0.0,0.0,0.0
dbo,contractmaster,lastassocdate,DATA_TYPE_CHANGED,DATA_TYPE_CHANGED|PRECISION_INCREASED|SCALE_INCREASED,datetime -> datetime2(7),datetime,NULL,8.0,23.0,3.0,1.0,datetime2(7),NULL,8.0,27.0,7.0,1.0
dbo,contractsfw,enddate,DATA_TYPE_CHANGED,DATA_TYPE_CHANGED|PRECISION_INCREASED|SCALE_INCREASED,datetime -> datetime2(7),datetime,NULL,8.0,23.0,3.0,1.0,datetime2(7),NULL,8.0,27.0,7.0,1.0
dbo,contractsfw,reinstatdate,DATA_TYPE_CHANGED,DATA_TYPE_CHANGED|PRECISION_INCREASED|SCALE_INCREASED,datetime -> datetime2(7),datetime,NULL,8.0,23.0,3.0,1.0,datetime2(7),NULL,8.0,27.0,7.0,1.0
dbo,contractstatus,changedate,DATA_TYPE_CHANGED,DATA_TYPE_CHANGED|PRECISION_INCREASED|SCALE_INCREASED,datetime -> datetime2(7),datetime,NULL,8.0,23.0,3.0,0.0,datetime2(7),NULL,8.0,27.0,7.0,0.0
dbo,contractstatus,changeby,LENGTH_INCREASED,LENGTH_INCREASED,varchar(30) -> varchar(100),varchar(30),30.0,30.0,0.0,0.0,0.0,varchar(100),100.0,100.0,0.0,0.0,0.0
dbo,conversion,changedate,DATA_TYPE_CHANGED,DATA_TYPE_CHANGED|PRECISION_INCREASED|SCALE_INCREASED,datetime -> datetime2(7),datetime,NULL,8.0,23.0,3.0,0.0,datetime2(7),NULL,8.0,27.0,7.0,0.0
dbo,conversion,changeby,LENGTH_INCREASED,LENGTH_INCREASED,varchar(30) -> varchar(100),varchar(30),30.0,30.0,0.0,0.0,0.0,varchar(100),100.0,100.0,0.0,0.0,0.0
dbo,countbook,latestdue,DATA_TYPE_CHANGED,DATA_TYPE_CHANGED|PRECISION_INCREASED|SCALE_INCREASED,datetime -> datetime2(7),datetime,NULL,8.0,23.0,3.0,1.0,datetime2(7),NULL,8.0,27.0,7.0,1.0
dbo,countbook,statusdate,DATA_TYPE_CHANGED,DATA_TYPE_CHANGED|PRECISION_INCREASED|SCALE_INCREASED,datetime -> datetime2(7),datetime,NULL,8.0,23.0,3.0,1.0,datetime2(7),NULL,8.0,27.0,7.0,1.0
dbo,countbook,owner,LENGTH_INCREASED,LENGTH_INCREASED,varchar(30) -> varchar(100),varchar(30),30.0,30.0,0.0,0.0,1.0,varchar(100),100.0,100.0,0.0,0.0,1.0
dbo,countbook,supervisor,LENGTH_INCREASED,LENGTH_INCREASED,varchar(30) -> varchar(100),varchar(30),30.0,30.0,0.0,0.0,1.0,varchar(100),100.0,100.0,0.0,0.0,1.0
dbo,countbookline,abctype,COLUMN_ADDED,COLUMN_ADDED,new varchar(1),,,,,,,varchar(1),1.0,1.0,0.0,0.0,1.0
dbo,countbookline,lastupdatedate,DATA_TYPE_CHANGED,DATA_TYPE_CHANGED|PRECISION_INCREASED|SCALE_INCREASED,datetime -> datetime2(7),datetime,NULL,8.0,23.0,3.0,1.0,datetime2(7),NULL,8.0,27.0,7.0,1.0
dbo,countbookline,nextphycntdate,DATA_TYPE_CHANGED,DATA_TYPE_CHANGED|PRECISION_INCREASED|SCALE_INCREASED,datetime -> datetime2(7),datetime,NULL,8.0,23.0,3.0,1.0,datetime2(7),NULL,8.0,27.0,7.0,1.0
dbo,countbookline,physcntdate,DATA_TYPE_CHANGED,DATA_TYPE_CHANGED|PRECISION_INCREASED|SCALE_INCREASED,datetime -> datetime2(7),datetime,NULL,8.0,23.0,3.0,1.0,datetime2(7),NULL,8.0,27.0,7.0,1.0
dbo,countbookline,lastupdateby,LENGTH_INCREASED,LENGTH_INCREASED,varchar(30) -> varchar(100),varchar(30),30.0,30.0,0.0,0.0,1.0,varchar(100),100.0,100.0,0.0,0.0,1.0
dbo,countbookline,physcntby,LENGTH_INCREASED,LENGTH_INCREASED,varchar(30) -> varchar(100),varchar(30),30.0,30.0,0.0,0.0,1.0,varchar(100),100.0,100.0,0.0,0.0,1.0
dbo,countbooksel,selectionabc,COLUMN_ADDED,COLUMN_ADDED,new varchar(1),,,,,,,varchar(1),1.0,1.0,0.0,0.0,1.0
dbo,countbooksel,cntfreqdate,DATA_TYPE_CHANGED,DATA_TYPE_CHANGED|PRECISION_INCREASED|SCALE_INCREASED,datetime -> datetime2(7),datetime,NULL,8.0,23.0,3.0,1.0,datetime2(7),NULL,8.0,27.0,7.0,1.0
dbo,countbookstatus,changedate,DATA_TYPE_CHANGED,DATA_TYPE_CHANGED|PRECISION_INCREASED|SCALE_INCREASED,datetime -> datetime2(7),datetime,NULL,8.0,23.0,3.0,0.0,datetime2(7),NULL,8.0,27.0,7.0,0.0
dbo,countbookstatus,changeby,LENGTH_INCREASED,LENGTH_INCREASED,varchar(30) -> varchar(100),varchar(30),30.0,30.0,0.0,0.0,0.0,varchar(100),100.0,100.0,0.0,0.0,0.0
dbo,crontaskdef,crontaskname,LENGTH_INCREASED,LENGTH_INCREASED,varchar(30) -> varchar(50),varchar(30),30.0,30.0,0.0,0.0,0.0,varchar(50),50.0,50.0,0.0,0.0,0.0
dbo,crontaskhistory,endtime,DATA_TYPE_CHANGED,DATA_TYPE_CHANGED|PRECISION_INCREASED|SCALE_INCREASED,datetime -> datetime2(7),datetime,NULL,8.0,23.0,3.0,0.0,datetime2(7),NULL,8.0,27.0,7.0,0.0
dbo,crontaskhistory,starttime,DATA_TYPE_CHANGED,DATA_TYPE_CHANGED|PRECISION_INCREASED|SCALE_INCREASED,datetime -> datetime2(7),datetime,NULL,8.0,23.0,3.0,0.0,datetime2(7),NULL,8.0,27.0,7.0,0.0
dbo,crontaskhistory,crontaskname,LENGTH_INCREASED,LENGTH_INCREASED,varchar(30) -> varchar(50),varchar(30),30.0,30.0,0.0,0.0,0.0,varchar(50),50.0,50.0,0.0,0.0,0.0
dbo,crontaskhistory,instancename,LENGTH_INCREASED,LENGTH_INCREASED,varchar(30) -> varchar(50),varchar(30),30.0,30.0,0.0,0.0,0.0,varchar(50),50.0,50.0,0.0,0.0,0.0
dbo,crontaskinstance,nextruntmoverwrite,DATA_TYPE_CHANGED,DATA_TYPE_CHANGED|PRECISION_INCREASED|SCALE_INCREASED,datetime -> datetime2(7),datetime,NULL,8.0,23.0,3.0,1.0,datetime2(7),NULL,8.0,27.0,7.0,1.0
dbo,crontaskinstance,reloadreqtime,DATA_TYPE_CHANGED,DATA_TYPE_CHANGED|PRECISION_INCREASED|SCALE_INCREASED,datetime -> datetime2(7),datetime,NULL,8.0,23.0,3.0,1.0,datetime2(7),NULL,8.0,27.0,7.0,1.0
dbo,crontaskinstance,crontaskname,LENGTH_INCREASED,LENGTH_INCREASED,varchar(30) -> varchar(50),varchar(30),30.0,30.0,0.0,0.0,0.0,varchar(50),50.0,50.0,0.0,0.0,0.0
dbo,crontaskinstance,instancename,LENGTH_INCREASED,LENGTH_INCREASED,varchar(30) -> varchar(50),varchar(30),30.0,30.0,0.0,0.0,0.0,varchar(50),50.0,50.0,0.0,0.0,0.0
dbo,crontaskinstance,runasuserid,LENGTH_INCREASED,LENGTH_INCREASED,varchar(30) -> varchar(100),varchar(30),30.0,30.0,0.0,0.0,0.0,varchar(100),100.0,100.0,0.0,0.0,0.0
dbo,crontaskparam,crontaskname,LENGTH_INCREASED,LENGTH_INCREASED,varchar(30) -> varchar(50),varchar(30),30.0,30.0,0.0,0.0,0.0,varchar(50),50.0,50.0,0.0,0.0,0.0
dbo,crontaskparam,instancename,LENGTH_INCREASED,LENGTH_INCREASED,varchar(30) -> varchar(50),varchar(30),30.0,30.0,0.0,0.0,0.0,varchar(50),50.0,50.0,0.0,0.0,0.0
dbo,cslmobquery,changedate,DATA_TYPE_CHANGED,DATA_TYPE_CHANGED|PRECISION_INCREASED|SCALE_INCREASED,datetime -> datetime2(7),datetime,NULL,8.0,23.0,3.0,1.0,datetime2(7),NULL,8.0,27.0,7.0,1.0
dbo,cslmobquery,createdate,DATA_TYPE_CHANGED,DATA_TYPE_CHANGED|PRECISION_INCREASED|SCALE_INCREASED,datetime -> datetime2(7),datetime,NULL,8.0,23.0,3.0,1.0,datetime2(7),NULL,8.0,27.0,7.0,1.0
dbo,cslmobquery,changeby,LENGTH_INCREASED,LENGTH_INCREASED,varchar(30) -> varchar(100),varchar(30),30.0,30.0,0.0,0.0,1.0,varchar(100),100.0,100.0,0.0,0.0,1.0
dbo,cslmobquery,createby,LENGTH_INCREASED,LENGTH_INCREASED,varchar(30) -> varchar(100),varchar(30),30.0,30.0,0.0,0.0,1.0,varchar(100),100.0,100.0,0.0,0.0,1.0
dbo,cslmobvars,changedate,DATA_TYPE_CHANGED,DATA_TYPE_CHANGED|PRECISION_INCREASED|SCALE_INCREASED,datetime -> datetime2(7),datetime,NULL,8.0,23.0,3.0,1.0,datetime2(7),NULL,8.0,27.0,7.0,1.0
dbo,cslmobvars,changeby,LENGTH_INCREASED,LENGTH_INCREASED,varchar(30) -> varchar(100),varchar(30),30.0,30.0,0.0,0.0,1.0,varchar(100),100.0,100.0,0.0,0.0,1.0
dbo,currency,changedate,DATA_TYPE_CHANGED,DATA_TYPE_CHANGED|PRECISION_INCREASED|SCALE_INCREASED,datetime -> datetime2(7),datetime,NULL,8.0,23.0,3.0,0.0,datetime2(7),NULL,8.0,27.0,7.0,0.0
dbo,currency,changeby,LENGTH_INCREASED,LENGTH_INCREASED,varchar(30) -> varchar(100),varchar(30),30.0,30.0,0.0,0.0,0.0,varchar(100),100.0,100.0,0.0,0.0,0.0
dbo,defaultosquery,userid,LENGTH_INCREASED,LENGTH_INCREASED,varchar(30) -> varchar(100),varchar(30),30.0,30.0,0.0,0.0,0.0,varchar(100),100.0,100.0,0.0,0.0,0.0
dbo,defaultquery,owner,LENGTH_INCREASED,LENGTH_INCREASED,varchar(30) -> varchar(100),varchar(30),30.0,30.0,0.0,0.0,1.0,varchar(100),100.0,100.0,0.0,0.0,1.0
dbo,defaultquery,userid,LENGTH_INCREASED,LENGTH_INCREASED,varchar(30) -> varchar(100),varchar(30),30.0,30.0,0.0,0.0,0.0,varchar(100),100.0,100.0,0.0,0.0,0.0
dbo,dephistory,changedate,DATA_TYPE_CHANGED,DATA_TYPE_CHANGED|PRECISION_INCREASED|SCALE_INCREASED,datetime -> datetime2(7),datetime,NULL,8.0,23.0,3.0,1.0,datetime2(7),NULL,8.0,27.0,7.0,1.0
dbo,dephistory,changeby,LENGTH_INCREASED,LENGTH_INCREASED,varchar(30) -> varchar(100),varchar(30),30.0,30.0,0.0,0.0,1.0,varchar(100),100.0,100.0,0.0,0.0,1.0
dbo,deployedasset,changedate,DATA_TYPE_CHANGED,DATA_TYPE_CHANGED|PRECISION_INCREASED|SCALE_INCREASED,datetime -> datetime2(7),datetime,NULL,8.0,23.0,3.0,0.0,datetime2(7),NULL,8.0,27.0,7.0,0.0
dbo,deployedasset,createdate,DATA_TYPE_CHANGED,DATA_TYPE_CHANGED|PRECISION_INCREASED|SCALE_INCREASED,datetime -> datetime2(7),datetime,NULL,8.0,23.0,3.0,0.0,datetime2(7),NULL,8.0,27.0,7.0,0.0
dbo,deployedasset,hwlastscandate,DATA_TYPE_CHANGED,DATA_TYPE_CHANGED|PRECISION_INCREASED|SCALE_INCREASED,datetime -> datetime2(7),datetime,NULL,8.0,23.0,3.0,1.0,datetime2(7),NULL,8.0,27.0,7.0,1.0
dbo,depsched,startdate,DATA_TYPE_CHANGED,DATA_TYPE_CHANGED|PRECISION_INCREASED|SCALE_INCREASED,datetime -> datetime2(7),datetime,NULL,8.0,23.0,3.0,1.0,datetime2(7),NULL,8.0,27.0,7.0,1.0
dbo,depschedhistory,changedate,DATA_TYPE_CHANGED,DATA_TYPE_CHANGED|PRECISION_INCREASED|SCALE_INCREASED,datetime -> datetime2(7),datetime,NULL,8.0,23.0,3.0,1.0,datetime2(7),NULL,8.0,27.0,7.0,1.0
dbo,depschedhistory,startdate,DATA_TYPE_CHANGED,DATA_TYPE_CHANGED|PRECISION_INCREASED|SCALE_INCREASED,datetime -> datetime2(7),datetime,NULL,8.0,23.0,3.0,1.0,datetime2(7),NULL,8.0,27.0,7.0,1.0
dbo,depschedperiods,depdate,DATA_TYPE_CHANGED,DATA_TYPE_CHANGED|PRECISION_INCREASED|SCALE_INCREASED,datetime -> datetime2(7),datetime,NULL,8.0,23.0,3.0,1.0,datetime2(7),NULL,8.0,27.0,7.0,1.0
dbo,deptrans,transdate,DATA_TYPE_CHANGED,DATA_TYPE_CHANGED|PRECISION_INCREASED|SCALE_INCREASED,datetime -> datetime2(7),datetime,NULL,8.0,23.0,3.0,1.0,datetime2(7),NULL,8.0,27.0,7.0,1.0
dbo,dmcfggroup,changedate,DATA_TYPE_CHANGED,DATA_TYPE_CHANGED|PRECISION_INCREASED|SCALE_INCREASED,datetime -> datetime2(7),datetime,NULL,8.0,23.0,3.0,0.0,datetime2(7),NULL,8.0,27.0,7.0,0.0
dbo,dmcfggroup,changeby,LENGTH_INCREASED,LENGTH_INCREASED,varchar(30) -> varchar(100),varchar(30),30.0,30.0,0.0,0.0,0.0,varchar(100),100.0,100.0,0.0,0.0,0.0
dbo,dmcfgobject,changedate,DATA_TYPE_CHANGED,DATA_TYPE_CHANGED|PRECISION_INCREASED|SCALE_INCREASED,datetime -> datetime2(7),datetime,NULL,8.0,23.0,3.0,0.0,datetime2(7),NULL,8.0,27.0,7.0,0.0
dbo,dmcfgobject,changeby,LENGTH_INCREASED,LENGTH_INCREASED,varchar(30) -> varchar(100),varchar(30),30.0,30.0,0.0,0.0,0.0,varchar(100),100.0,100.0,0.0,0.0,0.0
dbo,dmcollection,createdate,DATA_TYPE_CHANGED,DATA_TYPE_CHANGED|PRECISION_INCREASED|SCALE_INCREASED,datetime -> datetime2(7),datetime,NULL,8.0,23.0,3.0,0.0,datetime2(7),NULL,8.0,27.0,7.0,0.0
dbo,dmcollection,pkgdeferror,DATA_TYPE_CHANGED,DATA_TYPE_CHANGED,text -> varchar(max),text,NULL,16.0,0.0,0.0,1.0,varchar(max),NULL,-1.0,0.0,0.0,1.0
dbo,dmcollection,owner,LENGTH_INCREASED,LENGTH_INCREASED,varchar(30) -> varchar(100),varchar(30),30.0,30.0,0.0,0.0,1.0,varchar(100),100.0,100.0,0.0,0.0,1.0
dbo,dmcollectionexport,exportdate,DATA_TYPE_CHANGED,DATA_TYPE_CHANGED|PRECISION_INCREASED|SCALE_INCREASED,datetime -> datetime2(7),datetime,NULL,8.0,23.0,3.0,0.0,datetime2(7),NULL,8.0,27.0,7.0,0.0
dbo,dmcollectionobject,createdate,DATA_TYPE_CHANGED,DATA_TYPE_CHANGED|PRECISION_INCREASED|SCALE_INCREASED,datetime -> datetime2(7),datetime,NULL,8.0,23.0,3.0,0.0,datetime2(7),NULL,8.0,27.0,7.0,0.0
dbo,dmcollectionobject,createby,LENGTH_INCREASED,LENGTH_INCREASED,varchar(30) -> varchar(100),varchar(30),30.0,30.0,0.0,0.0,1.0,varchar(100),100.0,100.0,0.0,0.0,1.0
dbo,dmcollectionobject,eventuser,LENGTH_INCREASED,LENGTH_INCREASED,varchar(30) -> varchar(100),varchar(30),30.0,30.0,0.0,0.0,1.0,varchar(100),100.0,100.0,0.0,0.0,1.0
dbo,dmcollectionrelobj,createdate,DATA_TYPE_CHANGED,DATA_TYPE_CHANGED|PRECISION_INCREASED|SCALE_INCREASED,datetime -> datetime2(7),datetime,NULL,8.0,23.0,3.0,0.0,datetime2(7),NULL,8.0,27.0,7.0,0.0
dbo,dmcollectionrelobj,createby,LENGTH_INCREASED,LENGTH_INCREASED,varchar(30) -> varchar(100),varchar(30),30.0,30.0,0.0,0.0,0.0,varchar(100),100.0,100.0,0.0,0.0,0.0
dbo,dmcollpkgexception,exceptioncondition,DATA_TYPE_CHANGED,DATA_TYPE_CHANGED,text -> varchar(max),text,NULL,16.0,0.0,0.0,1.0,varchar(max),NULL,-1.0,0.0,0.0,1.0
dbo,dmcollpkgexception,exceptioninstr,DATA_TYPE_CHANGED,DATA_TYPE_CHANGED,text -> varchar(max),text,NULL,16.0,0.0,0.0,1.0,varchar(max),NULL,-1.0,0.0,0.0,1.0
dbo,dmcompjob,enddate,DATA_TYPE_CHANGED,DATA_TYPE_CHANGED|PRECISION_INCREASED|SCALE_INCREASED,datetime -> datetime2(7),datetime,NULL,8.0,23.0,3.0,1.0,datetime2(7),NULL,8.0,27.0,7.0,1.0
dbo,dmcompjob,startdate,DATA_TYPE_CHANGED,DATA_TYPE_CHANGED|PRECISION_INCREASED|SCALE_INCREASED,datetime -> datetime2(7),datetime,NULL,8.0,23.0,3.0,0.0,datetime2(7),NULL,8.0,27.0,7.0,0.0
dbo,dmcompjob,changeby,LENGTH_INCREASED,LENGTH_INCREASED,varchar(30) -> varchar(100),varchar(30),30.0,30.0,0.0,0.0,0.0,varchar(100),100.0,100.0,0.0,0.0,0.0
dbo,dmdependency,changedate,DATA_TYPE_CHANGED,DATA_TYPE_CHANGED|PRECISION_INCREASED|SCALE_INCREASED,datetime -> datetime2(7),datetime,NULL,8.0,23.0,3.0,0.0,datetime2(7),NULL,8.0,27.0,7.0,0.0
dbo,dmdependency,changeby,LENGTH_INCREASED,LENGTH_INCREASED,varchar(30) -> varchar(100),varchar(30),30.0,30.0,0.0,0.0,0.0,varchar(100),100.0,100.0,0.0,0.0,0.0
dbo,dmerror,changedate,DATA_TYPE_CHANGED,DATA_TYPE_CHANGED|PRECISION_INCREASED|SCALE_INCREASED,datetime -> datetime2(7),datetime,NULL,8.0,23.0,3.0,1.0,datetime2(7),NULL,8.0,27.0,7.0,1.0
dbo,dmerror,errordata,DATA_TYPE_CHANGED,DATA_TYPE_CHANGED,text -> varchar(max),text,NULL,16.0,0.0,0.0,1.0,varchar(max),NULL,-1.0,0.0,0.0,1.0
dbo,dmerror,errordate,DATA_TYPE_CHANGED,DATA_TYPE_CHANGED|PRECISION_INCREASED|SCALE_INCREASED,datetime -> datetime2(7),datetime,NULL,8.0,23.0,3.0,0.0,datetime2(7),NULL,8.0,27.0,7.0,0.0
dbo,dmerror,origerrordata,DATA_TYPE_CHANGED,DATA_TYPE_CHANGED,text -> varchar(max),text,NULL,16.0,0.0,0.0,1.0,varchar(max),NULL,-1.0,0.0,0.0,1.0
dbo,dmerror,changeby,LENGTH_INCREASED,LENGTH_INCREASED,varchar(30) -> varchar(100),varchar(30),30.0,30.0,0.0,0.0,1.0,varchar(100),100.0,100.0,0.0,0.0,1.0
dbo,dmmessage,changedate,DATA_TYPE_CHANGED,DATA_TYPE_CHANGED|PRECISION_INCREASED|SCALE_INCREASED,datetime -> datetime2(7),datetime,NULL,8.0,23.0,3.0,0.0,datetime2(7),NULL,8.0,27.0,7.0,0.0
dbo,dmmessage,changeby,LENGTH_INCREASED,LENGTH_INCREASED,varchar(30) -> varchar(100),varchar(30),30.0,30.0,0.0,0.0,0.0,varchar(100),100.0,100.0,0.0,0.0,0.0
dbo,dmpackage,createdate,DATA_TYPE_CHANGED,DATA_TYPE_CHANGED|PRECISION_INCREASED|SCALE_INCREASED,datetime -> datetime2(7),datetime,NULL,8.0,23.0,3.0,0.0,datetime2(7),NULL,8.0,27.0,7.0,0.0
dbo,dmpackage,statusdate,DATA_TYPE_CHANGED,DATA_TYPE_CHANGED|PRECISION_INCREASED|SCALE_INCREASED,datetime -> datetime2(7),datetime,NULL,8.0,23.0,3.0,0.0,datetime2(7),NULL,8.0,27.0,7.0,0.0
dbo,dmpackage,changeby,LENGTH_INCREASED,LENGTH_INCREASED,varchar(30) -> varchar(100),varchar(30),30.0,30.0,0.0,0.0,0.0,varchar(100),100.0,100.0,0.0,0.0,0.0
dbo,dmpackage,createby,LENGTH_INCREASED,LENGTH_INCREASED,varchar(30) -> varchar(100),varchar(30),30.0,30.0,0.0,0.0,0.0,varchar(100),100.0,100.0,0.0,0.0,0.0
dbo,dmpackagedef,changedate,DATA_TYPE_CHANGED,DATA_TYPE_CHANGED|PRECISION_INCREASED|SCALE_INCREASED,datetime -> datetime2(7),datetime,NULL,8.0,23.0,3.0,0.0,datetime2(7),NULL,8.0,27.0,7.0,0.0
dbo,dmpackagedef,statusdate,DATA_TYPE_CHANGED,DATA_TYPE_CHANGED|PRECISION_INCREASED|SCALE_INCREASED,datetime -> datetime2(7),datetime,NULL,8.0,23.0,3.0,0.0,datetime2(7),NULL,8.0,27.0,7.0,0.0
dbo,dmpackagedef,changeby,LENGTH_INCREASED,LENGTH_INCREASED,varchar(30) -> varchar(100),varchar(30),30.0,30.0,0.0,0.0,0.0,varchar(100),100.0,100.0,0.0,0.0,0.0
dbo,dmpkgdefstatus,statusdate,DATA_TYPE_CHANGED,DATA_TYPE_CHANGED|PRECISION_INCREASED|SCALE_INCREASED,datetime -> datetime2(7),datetime,NULL,8.0,23.0,3.0,0.0,datetime2(7),NULL,8.0,27.0,7.0,0.0
dbo,dmpkgdefstatus,changeby,LENGTH_INCREASED,LENGTH_INCREASED,varchar(30) -> varchar(100),varchar(30),30.0,30.0,0.0,0.0,0.0,varchar(100),100.0,100.0,0.0,0.0,0.0
dbo,dmpkgdist,changedate,DATA_TYPE_CHANGED,DATA_TYPE_CHANGED|PRECISION_INCREASED|SCALE_INCREASED,datetime -> datetime2(7),datetime,NULL,8.0,23.0,3.0,0.0,datetime2(7),NULL,8.0,27.0,7.0,0.0
dbo,dmpkgdist,changeby,LENGTH_INCREASED,LENGTH_INCREASED,varchar(30) -> varchar(100),varchar(30),30.0,30.0,0.0,0.0,0.0,varchar(100),100.0,100.0,0.0,0.0,0.0
dbo,dmpkgdisttrack,distributiondate,DATA_TYPE_CHANGED,DATA_TYPE_CHANGED|PRECISION_INCREASED|SCALE_INCREASED,datetime -> datetime2(7),datetime,NULL,8.0,23.0,3.0,0.0,datetime2(7),NULL,8.0,27.0,7.0,0.0
dbo,dmpkgdisttrack,distributedby,LENGTH_INCREASED,LENGTH_INCREASED,varchar(30) -> varchar(100),varchar(30),30.0,30.0,0.0,0.0,1.0,varchar(100),100.0,100.0,0.0,0.0,1.0
dbo,dmpkgdsttrgt,changedate,DATA_TYPE_CHANGED,DATA_TYPE_CHANGED|PRECISION_INCREASED|SCALE_INCREASED,datetime -> datetime2(7),datetime,NULL,8.0,23.0,3.0,0.0,datetime2(7),NULL,8.0,27.0,7.0,0.0
dbo,dmpkgdsttrgt,changeby,LENGTH_INCREASED,LENGTH_INCREASED,varchar(30) -> varchar(100),varchar(30),30.0,30.0,0.0,0.0,0.0,varchar(100),100.0,100.0,0.0,0.0,0.0
dbo,dmpkgeventtrk,eventdate,DATA_TYPE_CHANGED,DATA_TYPE_CHANGED|PRECISION_INCREASED|SCALE_INCREASED,datetime -> datetime2(7),datetime,NULL,8.0,23.0,3.0,0.0,datetime2(7),NULL,8.0,27.0,7.0,0.0
dbo,dmpkgeventtrk,eventuser,LENGTH_INCREASED,LENGTH_INCREASED,varchar(30) -> varchar(100),varchar(30),30.0,30.0,0.0,0.0,0.0,varchar(100),100.0,100.0,0.0,0.0,0.0
dbo,dmpkgstaging,content,DATA_TYPE_CHANGED,DATA_TYPE_CHANGED,image -> varbinary(max),image,NULL,16.0,0.0,0.0,0.0,varbinary(max),NULL,-1.0,0.0,0.0,0.0
dbo,dmpkgstatus,changedate,DATA_TYPE_CHANGED,DATA_TYPE_CHANGED|PRECISION_INCREASED|SCALE_INCREASED,datetime -> datetime2(7),datetime,NULL,8.0,23.0,3.0,0.0,datetime2(7),NULL,8.0,27.0,7.0,0.0
dbo,dmpkgstatus,changeby,LENGTH_INCREASED,LENGTH_INCREASED,varchar(30) -> varchar(100),varchar(30),30.0,30.0,0.0,0.0,0.0,varchar(100),100.0,100.0,0.0,0.0,0.0
dbo,dmpkgtrackhist,eventdate,DATA_TYPE_CHANGED,DATA_TYPE_CHANGED|PRECISION_INCREASED|SCALE_INCREASED,datetime -> datetime2(7),datetime,NULL,8.0,23.0,3.0,0.0,datetime2(7),NULL,8.0,27.0,7.0,0.0
dbo,dmpkgtrackhist,eventuser,LENGTH_INCREASED,LENGTH_INCREASED,varchar(30) -> varchar(100),varchar(30),30.0,30.0,0.0,0.0,0.0,varchar(100),100.0,100.0,0.0,0.0,0.0
dbo,docinfo,changedate,DATA_TYPE_CHANGED,DATA_TYPE_CHANGED|PRECISION_INCREASED|SCALE_INCREASED,datetime -> datetime2(7),datetime,NULL,8.0,23.0,3.0,1.0,datetime2(7),NULL,8.0,27.0,7.0,1.0
dbo,docinfo,createdate,DATA_TYPE_CHANGED,DATA_TYPE_CHANGED|PRECISION_INCREASED|SCALE_INCREASED,datetime -> datetime2(7),datetime,NULL,8.0,23.0,3.0,1.0,datetime2(7),NULL,8.0,27.0,7.0,1.0
dbo,docinfo,statusdate,DATA_TYPE_CHANGED,DATA_TYPE_CHANGED|PRECISION_INCREASED|SCALE_INCREASED,datetime -> datetime2(7),datetime,NULL,8.0,23.0,3.0,1.0,datetime2(7),NULL,8.0,27.0,7.0,1.0
dbo,docinfo,textcontent,DATA_TYPE_CHANGED,DATA_TYPE_CHANGED,text -> varchar(max),text,NULL,16.0,0.0,0.0,1.0,varchar(max),NULL,-1.0,0.0,0.0,1.0
dbo,docinfo,changeby,LENGTH_INCREASED,LENGTH_INCREASED,varchar(30) -> varchar(100),varchar(30),30.0,30.0,0.0,0.0,1.0,varchar(100),100.0,100.0,0.0,0.0,1.0
dbo,docinfo,createby,LENGTH_INCREASED,LENGTH_INCREASED,varchar(30) -> varchar(100),varchar(30),30.0,30.0,0.0,0.0,1.0,varchar(100),100.0,100.0,0.0,0.0,1.0
dbo,doclinks,changedate,DATA_TYPE_CHANGED,DATA_TYPE_CHANGED|PRECISION_INCREASED|SCALE_INCREASED,datetime -> datetime2(7),datetime,NULL,8.0,23.0,3.0,1.0,datetime2(7),NULL,8.0,27.0,7.0,1.0
dbo,doclinks,createdate,DATA_TYPE_CHANGED,DATA_TYPE_CHANGED|PRECISION_INCREASED|SCALE_INCREASED,datetime -> datetime2(7),datetime,NULL,8.0,23.0,3.0,1.0,datetime2(7),NULL,8.0,27.0,7.0,1.0
dbo,doclinks,changeby,LENGTH_INCREASED,LENGTH_INCREASED,varchar(30) -> varchar(100),varchar(30),30.0,30.0,0.0,0.0,1.0,varchar(100),100.0,100.0,0.0,0.0,1.0
dbo,doclinks,createby,LENGTH_INCREASED,LENGTH_INCREASED,varchar(30) -> varchar(100),varchar(30),30.0,30.0,0.0,0.0,1.0,varchar(100),100.0,100.0,0.0,0.0,1.0
dbo,dpacommdevice,changedate,DATA_TYPE_CHANGED,DATA_TYPE_CHANGED|PRECISION_INCREASED|SCALE_INCREASED,datetime -> datetime2(7),datetime,NULL,8.0,23.0,3.0,0.0,datetime2(7),NULL,8.0,27.0,7.0,0.0
dbo,dpacommdevice,createdate,DATA_TYPE_CHANGED,DATA_TYPE_CHANGED|PRECISION_INCREASED|SCALE_INCREASED,datetime -> datetime2(7),datetime,NULL,8.0,23.0,3.0,0.0,datetime2(7),NULL,8.0,27.0,7.0,0.0
dbo,dpacomputer,biosdate,DATA_TYPE_CHANGED,DATA_TYPE_CHANGED|PRECISION_INCREASED|SCALE_INCREASED,datetime -> datetime2(7),datetime,NULL,8.0,23.0,3.0,1.0,datetime2(7),NULL,8.0,27.0,7.0,1.0
dbo,dpacomputer,changedate,DATA_TYPE_CHANGED,DATA_TYPE_CHANGED|PRECISION_INCREASED|SCALE_INCREASED,datetime -> datetime2(7),datetime,NULL,8.0,23.0,3.0,0.0,datetime2(7),NULL,8.0,27.0,7.0,0.0
dbo,dpacomputer,createdate,DATA_TYPE_CHANGED,DATA_TYPE_CHANGED|PRECISION_INCREASED|SCALE_INCREASED,datetime -> datetime2(7),datetime,NULL,8.0,23.0,3.0,0.0,datetime2(7),NULL,8.0,27.0,7.0,0.0
dbo,dpacomputer,swlastscandate,DATA_TYPE_CHANGED,DATA_TYPE_CHANGED|PRECISION_INCREASED|SCALE_INCREASED,datetime -> datetime2(7),datetime,NULL,8.0,23.0,3.0,1.0,datetime2(7),NULL,8.0,27.0,7.0,1.0
dbo,dpacpu,changedate,DATA_TYPE_CHANGED,DATA_TYPE_CHANGED|PRECISION_INCREASED|SCALE_INCREASED,datetime -> datetime2(7),datetime,NULL,8.0,23.0,3.0,0.0,datetime2(7),NULL,8.0,27.0,7.0,0.0
dbo,dpacpu,createdate,DATA_TYPE_CHANGED,DATA_TYPE_CHANGED|PRECISION_INCREASED|SCALE_INCREASED,datetime -> datetime2(7),datetime,NULL,8.0,23.0,3.0,0.0,datetime2(7),NULL,8.0,27.0,7.0,0.0
dbo,dpadisk,changedate,DATA_TYPE_CHANGED,DATA_TYPE_CHANGED|PRECISION_INCREASED|SCALE_INCREASED,datetime -> datetime2(7),datetime,NULL,8.0,23.0,3.0,0.0,datetime2(7),NULL,8.0,27.0,7.0,0.0
dbo,dpadisk,createdate,DATA_TYPE_CHANGED,DATA_TYPE_CHANGED|PRECISION_INCREASED|SCALE_INCREASED,datetime -> datetime2(7),datetime,NULL,8.0,23.0,3.0,0.0,datetime2(7),NULL,8.0,27.0,7.0,0.0
dbo,dpadisplay,changedate,DATA_TYPE_CHANGED,DATA_TYPE_CHANGED|PRECISION_INCREASED|SCALE_INCREASED,datetime -> datetime2(7),datetime,NULL,8.0,23.0,3.0,0.0,datetime2(7),NULL,8.0,27.0,7.0,0.0
dbo,dpadisplay,createdate,DATA_TYPE_CHANGED,DATA_TYPE_CHANGED|PRECISION_INCREASED|SCALE_INCREASED,datetime -> datetime2(7),datetime,NULL,8.0,23.0,3.0,0.0,datetime2(7),NULL,8.0,27.0,7.0,0.0
dbo,dpafile,changedate,DATA_TYPE_CHANGED,DATA_TYPE_CHANGED|PRECISION_INCREASED|SCALE_INCREASED,datetime -> datetime2(7),datetime,NULL,8.0,23.0,3.0,0.0,datetime2(7),NULL,8.0,27.0,7.0,0.0
dbo,dpafile,createdate,DATA_TYPE_CHANGED,DATA_TYPE_CHANGED|PRECISION_INCREASED|SCALE_INCREASED,datetime -> datetime2(7),datetime,NULL,8.0,23.0,3.0,0.0,datetime2(7),NULL,8.0,27.0,7.0,0.0
dbo,dpafile,filecreatedate,DATA_TYPE_CHANGED,DATA_TYPE_CHANGED|PRECISION_INCREASED|SCALE_INCREASED,datetime -> datetime2(7),datetime,NULL,8.0,23.0,3.0,1.0,datetime2(7),NULL,8.0,27.0,7.0,1.0
dbo,dpafile,lastaccessdate,DATA_TYPE_CHANGED,DATA_TYPE_CHANGED|PRECISION_INCREASED|SCALE_INCREASED,datetime -> datetime2(7),datetime,NULL,8.0,23.0,3.0,1.0,datetime2(7),NULL,8.0,27.0,7.0,1.0
dbo,dpafile,lastchangedate,DATA_TYPE_CHANGED,DATA_TYPE_CHANGED|PRECISION_INCREASED|SCALE_INCREASED,datetime -> datetime2(7),datetime,NULL,8.0,23.0,3.0,1.0,datetime2(7),NULL,8.0,27.0,7.0,1.0
dbo,dpaimagedevice,changedate,DATA_TYPE_CHANGED,DATA_TYPE_CHANGED|PRECISION_INCREASED|SCALE_INCREASED,datetime -> datetime2(7),datetime,NULL,8.0,23.0,3.0,0.0,datetime2(7),NULL,8.0,27.0,7.0,0.0
dbo,dpaimagedevice,createdate,DATA_TYPE_CHANGED,DATA_TYPE_CHANGED|PRECISION_INCREASED|SCALE_INCREASED,datetime -> datetime2(7),datetime,NULL,8.0,23.0,3.0,0.0,datetime2(7),NULL,8.0,27.0,7.0,0.0
dbo,dpaipx,changedate,DATA_TYPE_CHANGED,DATA_TYPE_CHANGED|PRECISION_INCREASED|SCALE_INCREASED,datetime -> datetime2(7),datetime,NULL,8.0,23.0,3.0,0.0,datetime2(7),NULL,8.0,27.0,7.0,0.0
dbo,dpaipx,createdate,DATA_TYPE_CHANGED,DATA_TYPE_CHANGED|PRECISION_INCREASED|SCALE_INCREASED,datetime -> datetime2(7),datetime,NULL,8.0,23.0,3.0,0.0,datetime2(7),NULL,8.0,27.0,7.0,0.0
dbo,dpalogicaldrive,changedate,DATA_TYPE_CHANGED,DATA_TYPE_CHANGED|PRECISION_INCREASED|SCALE_INCREASED,datetime -> datetime2(7),datetime,NULL,8.0,23.0,3.0,0.0,datetime2(7),NULL,8.0,27.0,7.0,0.0
dbo,dpalogicaldrive,createdate,DATA_TYPE_CHANGED,DATA_TYPE_CHANGED|PRECISION_INCREASED|SCALE_INCREASED,datetime -> datetime2(7),datetime,NULL,8.0,23.0,3.0,0.0,datetime2(7),NULL,8.0,27.0,7.0,0.0
dbo,dpamediaadapter,changedate,DATA_TYPE_CHANGED,DATA_TYPE_CHANGED|PRECISION_INCREASED|SCALE_INCREASED,datetime -> datetime2(7),datetime,NULL,8.0,23.0,3.0,0.0,datetime2(7),NULL,8.0,27.0,7.0,0.0
dbo,dpamediaadapter,createdate,DATA_TYPE_CHANGED,DATA_TYPE_CHANGED|PRECISION_INCREASED|SCALE_INCREASED,datetime -> datetime2(7),datetime,NULL,8.0,23.0,3.0,0.0,datetime2(7),NULL,8.0,27.0,7.0,0.0
dbo,dpanetadapter,changedate,DATA_TYPE_CHANGED,DATA_TYPE_CHANGED|PRECISION_INCREASED|SCALE_INCREASED,datetime -> datetime2(7),datetime,NULL,8.0,23.0,3.0,0.0,datetime2(7),NULL,8.0,27.0,7.0,0.0
dbo,dpanetadapter,createdate,DATA_TYPE_CHANGED,DATA_TYPE_CHANGED|PRECISION_INCREASED|SCALE_INCREASED,datetime -> datetime2(7),datetime,NULL,8.0,23.0,3.0,0.0,datetime2(7),NULL,8.0,27.0,7.0,0.0
dbo,dpanetdevcard,changedate,DATA_TYPE_CHANGED,DATA_TYPE_CHANGED|PRECISION_INCREASED|SCALE_INCREASED,datetime -> datetime2(7),datetime,NULL,8.0,23.0,3.0,0.0,datetime2(7),NULL,8.0,27.0,7.0,0.0
dbo,dpanetdevcard,createdate,DATA_TYPE_CHANGED,DATA_TYPE_CHANGED|PRECISION_INCREASED|SCALE_INCREASED,datetime -> datetime2(7),datetime,NULL,8.0,23.0,3.0,0.0,datetime2(7),NULL,8.0,27.0,7.0,0.0
dbo,dpanetdevice,changedate,DATA_TYPE_CHANGED,DATA_TYPE_CHANGED|PRECISION_INCREASED|SCALE_INCREASED,datetime -> datetime2(7),datetime,NULL,8.0,23.0,3.0,0.0,datetime2(7),NULL,8.0,27.0,7.0,0.0
dbo,dpanetdevice,createdate,DATA_TYPE_CHANGED,DATA_TYPE_CHANGED|PRECISION_INCREASED|SCALE_INCREASED,datetime -> datetime2(7),datetime,NULL,8.0,23.0,3.0,0.0,datetime2(7),NULL,8.0,27.0,7.0,0.0
dbo,dpanetprinter,changedate,DATA_TYPE_CHANGED,DATA_TYPE_CHANGED|PRECISION_INCREASED|SCALE_INCREASED,datetime -> datetime2(7),datetime,NULL,8.0,23.0,3.0,0.0,datetime2(7),NULL,8.0,27.0,7.0,0.0
dbo,dpanetprinter,createdate,DATA_TYPE_CHANGED,DATA_TYPE_CHANGED|PRECISION_INCREASED|SCALE_INCREASED,datetime -> datetime2(7),datetime,NULL,8.0,23.0,3.0,0.0,datetime2(7),NULL,8.0,27.0,7.0,0.0
dbo,dpaos,changedate,DATA_TYPE_CHANGED,DATA_TYPE_CHANGED|PRECISION_INCREASED|SCALE_INCREASED,datetime -> datetime2(7),datetime,NULL,8.0,23.0,3.0,0.0,datetime2(7),NULL,8.0,27.0,7.0,0.0
dbo,dpaos,createdate,DATA_TYPE_CHANGED,DATA_TYPE_CHANGED|PRECISION_INCREASED|SCALE_INCREASED,datetime -> datetime2(7),datetime,NULL,8.0,23.0,3.0,0.0,datetime2(7),NULL,8.0,27.0,7.0,0.0
dbo,dpasoftware,changedate,DATA_TYPE_CHANGED,DATA_TYPE_CHANGED|PRECISION_INCREASED|SCALE_INCREASED,datetime -> datetime2(7),datetime,NULL,8.0,23.0,3.0,0.0,datetime2(7),NULL,8.0,27.0,7.0,0.0
dbo,dpasoftware,createdate,DATA_TYPE_CHANGED,DATA_TYPE_CHANGED|PRECISION_INCREASED|SCALE_INCREASED,datetime -> datetime2(7),datetime,NULL,8.0,23.0,3.0,0.0,datetime2(7),NULL,8.0,27.0,7.0,0.0
dbo,dpasoftware,firstencountered1,DATA_TYPE_CHANGED,DATA_TYPE_CHANGED|PRECISION_INCREASED|SCALE_INCREASED,datetime -> datetime2(7),datetime,NULL,8.0,23.0,3.0,1.0,datetime2(7),NULL,8.0,27.0,7.0,1.0
dbo,dpasoftware,installdate,DATA_TYPE_CHANGED,DATA_TYPE_CHANGED|PRECISION_INCREASED|SCALE_INCREASED,datetime -> datetime2(7),datetime,NULL,8.0,23.0,3.0,1.0,datetime2(7),NULL,8.0,27.0,7.0,1.0
dbo,dpasoftware,lastencountered1,DATA_TYPE_CHANGED,DATA_TYPE_CHANGED|PRECISION_INCREASED|SCALE_INCREASED,datetime -> datetime2(7),datetime,NULL,8.0,23.0,3.0,1.0,datetime2(7),NULL,8.0,27.0,7.0,1.0
dbo,dpasoftware,lastusagedate,DATA_TYPE_CHANGED,DATA_TYPE_CHANGED|PRECISION_INCREASED|SCALE_INCREASED,datetime -> datetime2(7),datetime,NULL,8.0,23.0,3.0,1.0,datetime2(7),NULL,8.0,27.0,7.0,1.0
dbo,dpasoftware,tloamuninstdate,DATA_TYPE_CHANGED,DATA_TYPE_CHANGED|PRECISION_INCREASED|SCALE_INCREASED,datetime -> datetime2(7),datetime,NULL,8.0,23.0,3.0,1.0,datetime2(7),NULL,8.0,27.0,7.0,1.0
dbo,dpaswsuite,changedate,DATA_TYPE_CHANGED,DATA_TYPE_CHANGED|PRECISION_INCREASED|SCALE_INCREASED,datetime -> datetime2(7),datetime,NULL,8.0,23.0,3.0,0.0,datetime2(7),NULL,8.0,27.0,7.0,0.0
dbo,dpaswsuite,createdate,DATA_TYPE_CHANGED,DATA_TYPE_CHANGED|PRECISION_INCREASED|SCALE_INCREASED,datetime -> datetime2(7),datetime,NULL,8.0,23.0,3.0,0.0,datetime2(7),NULL,8.0,27.0,7.0,0.0
dbo,dpaswsuite,installdate,DATA_TYPE_CHANGED,DATA_TYPE_CHANGED|PRECISION_INCREASED|SCALE_INCREASED,datetime -> datetime2(7),datetime,NULL,8.0,23.0,3.0,1.0,datetime2(7),NULL,8.0,27.0,7.0,1.0
dbo,dpaswsuite,lastusagedate,DATA_TYPE_CHANGED,DATA_TYPE_CHANGED|PRECISION_INCREASED|SCALE_INCREASED,datetime -> datetime2(7),datetime,NULL,8.0,23.0,3.0,1.0,datetime2(7),NULL,8.0,27.0,7.0,1.0
dbo,dpatcpip,changedate,DATA_TYPE_CHANGED,DATA_TYPE_CHANGED|PRECISION_INCREASED|SCALE_INCREASED,datetime -> datetime2(7),datetime,NULL,8.0,23.0,3.0,0.0,datetime2(7),NULL,8.0,27.0,7.0,0.0
dbo,dpatcpip,createdate,DATA_TYPE_CHANGED,DATA_TYPE_CHANGED|PRECISION_INCREASED|SCALE_INCREASED,datetime -> datetime2(7),datetime,NULL,8.0,23.0,3.0,0.0,datetime2(7),NULL,8.0,27.0,7.0,0.0
dbo,dpauserinfo,changedate,DATA_TYPE_CHANGED,DATA_TYPE_CHANGED|PRECISION_INCREASED|SCALE_INCREASED,datetime -> datetime2(7),datetime,NULL,8.0,23.0,3.0,0.0,datetime2(7),NULL,8.0,27.0,7.0,0.0
dbo,dpauserinfo,createdate,DATA_TYPE_CHANGED,DATA_TYPE_CHANGED|PRECISION_INCREASED|SCALE_INCREASED,datetime -> datetime2(7),datetime,NULL,8.0,23.0,3.0,0.0,datetime2(7),NULL,8.0,27.0,7.0,0.0
dbo,dummy_table,dummy_blob,DATA_TYPE_CHANGED,DATA_TYPE_CHANGED,image -> varbinary(max),image,NULL,16.0,0.0,0.0,1.0,varbinary(max),NULL,-1.0,0.0,0.0,1.0
dbo,dummy_table,dummy_clob,DATA_TYPE_CHANGED,DATA_TYPE_CHANGED,text -> varchar(max),text,NULL,16.0,0.0,0.0,1.0,varchar(max),NULL,-1.0,0.0,0.0,1.0
dbo,dummy_table,dummy_date,DATA_TYPE_CHANGED,DATA_TYPE_CHANGED|PRECISION_INCREASED|SCALE_INCREASED,datetime -> datetime2(7),datetime,NULL,8.0,23.0,3.0,1.0,datetime2(7),NULL,8.0,27.0,7.0,1.0
dbo,dummy_table,dummy_datetime,DATA_TYPE_CHANGED,DATA_TYPE_CHANGED|PRECISION_INCREASED|SCALE_INCREASED,datetime -> datetime2(7),datetime,NULL,8.0,23.0,3.0,1.0,datetime2(7),NULL,8.0,27.0,7.0,1.0
dbo,dummy_table,dummy_time,DATA_TYPE_CHANGED,DATA_TYPE_CHANGED|PRECISION_INCREASED|SCALE_INCREASED,datetime -> datetime2(7),datetime,NULL,8.0,23.0,3.0,1.0,datetime2(7),NULL,8.0,27.0,7.0,1.0
dbo,email,personid,LENGTH_INCREASED,LENGTH_INCREASED,varchar(30) -> varchar(100),varchar(30),30.0,30.0,0.0,0.0,0.0,varchar(100),100.0,100.0,0.0,0.0,0.0
dbo,escalation,changedate,DATA_TYPE_CHANGED,DATA_TYPE_CHANGED|PRECISION_INCREASED|SCALE_INCREASED,datetime -> datetime2(7),datetime,NULL,8.0,23.0,3.0,0.0,datetime2(7),NULL,8.0,27.0,7.0,0.0
dbo,escalation,changeby,LENGTH_INCREASED,LENGTH_INCREASED,varchar(50) -> varchar(100),varchar(50),50.0,50.0,0.0,0.0,0.0,varchar(100),100.0,100.0,0.0,0.0,0.0
dbo,escalation,crontaskname,LENGTH_INCREASED,LENGTH_INCREASED,varchar(30) -> varchar(50),varchar(30),30.0,30.0,0.0,0.0,1.0,varchar(50),50.0,50.0,0.0,0.0,1.0
dbo,escstatus,statusdate,DATA_TYPE_CHANGED,DATA_TYPE_CHANGED|PRECISION_INCREASED|SCALE_INCREASED,datetime -> datetime2(7),datetime,NULL,8.0,23.0,3.0,0.0,datetime2(7),NULL,8.0,27.0,7.0,0.0
dbo,eventresponse,installationdate,DATA_TYPE_CHANGED,DATA_TYPE_CHANGED|PRECISION_INCREASED|SCALE_INCREASED,datetime -> datetime2(7),datetime,NULL,8.0,23.0,3.0,0.0,datetime2(7),NULL,8.0,27.0,7.0,0.0
dbo,exchange,activedate,DATA_TYPE_CHANGED,DATA_TYPE_CHANGED|PRECISION_INCREASED|SCALE_INCREASED,datetime -> datetime2(7),datetime,NULL,8.0,23.0,3.0,0.0,datetime2(7),NULL,8.0,27.0,7.0,0.0
dbo,exchange,changedate,DATA_TYPE_CHANGED,DATA_TYPE_CHANGED|PRECISION_INCREASED|SCALE_INCREASED,datetime -> datetime2(7),datetime,NULL,8.0,23.0,3.0,1.0,datetime2(7),NULL,8.0,27.0,7.0,1.0
dbo,exchange,enterdate,DATA_TYPE_CHANGED,DATA_TYPE_CHANGED|PRECISION_INCREASED|SCALE_INCREASED,datetime -> datetime2(7),datetime,NULL,8.0,23.0,3.0,0.0,datetime2(7),NULL,8.0,27.0,7.0,0.0
dbo,exchange,expiredate,DATA_TYPE_CHANGED,DATA_TYPE_CHANGED|PRECISION_INCREASED|SCALE_INCREASED,datetime -> datetime2(7),datetime,NULL,8.0,23.0,3.0,0.0,datetime2(7),NULL,8.0,27.0,7.0,0.0
dbo,exchange,changeby,LENGTH_INCREASED,LENGTH_INCREASED,varchar(30) -> varchar(100),varchar(30),30.0,30.0,0.0,0.0,1.0,varchar(100),100.0,100.0,0.0,0.0,1.0
dbo,exchange,enterby,LENGTH_INCREASED,LENGTH_INCREASED,varchar(30) -> varchar(100),varchar(30),30.0,30.0,0.0,0.0,0.0,varchar(100),100.0,100.0,0.0,0.0,0.0
dbo,expexception,expgroupname,LENGTH_INCREASED,LENGTH_INCREASED,varchar(20) -> varchar(200),varchar(20),20.0,20.0,0.0,0.0,0.0,varchar(200),200.0,200.0,0.0,0.0,0.0
dbo,expexception,methodname,LENGTH_INCREASED,LENGTH_INCREASED,varchar(50) -> varchar(250),varchar(50),50.0,50.0,0.0,0.0,1.0,varchar(250),250.0,250.0,0.0,0.0,1.0
dbo,expgroup,clausename,COLUMN_ADDED,COLUMN_ADDED,new varchar(200),,,,,,,varchar(200),200.0,200.0,0.0,0.0,1.0
dbo,expgroup,egtype,COLUMN_ADDED,COLUMN_ADDED,new varchar(20),,,,,,,varchar(20),20.0,20.0,0.0,0.0,1.0
dbo,expgroup,extmodelname,COLUMN_ADDED,COLUMN_ADDED,new varchar(200),,,,,,,varchar(200),200.0,200.0,0.0,0.0,1.0
dbo,expgroup,groupcalctype,COLUMN_ADDED,COLUMN_ADDED,new varchar(100),,,,,,,varchar(100),100.0,100.0,0.0,0.0,0.0
dbo,expgroup,grouplabel,COLUMN_ADDED,COLUMN_ADDED,new varchar(200),,,,,,,varchar(200),200.0,200.0,0.0,0.0,0.0
dbo,expgroup,instancename,COLUMN_ADDED,COLUMN_ADDED,new varchar(50),,,,,,,varchar(50),50.0,50.0,0.0,0.0,1.0
dbo,expgroup,intobjectname,COLUMN_ADDED,COLUMN_ADDED,new varchar(30),,,,,,,varchar(30),30.0,30.0,0.0,0.0,1.0
dbo,expgroup,methodinstancename,COLUMN_ADDED,COLUMN_ADDED,new varchar(50),,,,,,,varchar(50),50.0,50.0,0.0,0.0,1.0
dbo,expgroup,methodschedule,COLUMN_ADDED,COLUMN_ADDED,new varchar(80),,,,,,,varchar(80),80.0,80.0,0.0,0.0,1.0
dbo,expgroup,pofanalysisid,COLUMN_ADDED,COLUMN_ADDED,new bigint,,,,,,,bigint,NULL,8.0,19.0,0.0,1.0
dbo,expgroup,schedule,COLUMN_ADDED,COLUMN_ADDED,new varchar(80),,,,,,,varchar(80),80.0,80.0,0.0,0.0,1.0
dbo,expgroup,usedby,COLUMN_ADDED,COLUMN_ADDED,new varchar(100),,,,,,,varchar(100),100.0,100.0,0.0,0.0,0.0
dbo,expgroup,attributename,LENGTH_INCREASED,LENGTH_INCREASED,varchar(50) -> varchar(80),varchar(50),50.0,50.0,0.0,0.0,1.0,varchar(80),80.0,80.0,0.0,0.0,1.0
dbo,expgroup,expgroupname,LENGTH_INCREASED,LENGTH_INCREASED,varchar(20) -> varchar(200),varchar(20),20.0,20.0,0.0,0.0,0.0,varchar(200),200.0,200.0,0.0,0.0,0.0
dbo,expgroup,methodname,LENGTH_INCREASED,LENGTH_INCREASED,varchar(50) -> varchar(250),varchar(50),50.0,50.0,0.0,0.0,1.0,varchar(250),250.0,250.0,0.0,0.0,1.0
dbo,expgroup,usewith,LENGTH_INCREASED,LENGTH_INCREASED,varchar(30) -> varchar(100),varchar(30),30.0,30.0,0.0,0.0,0.0,varchar(100),100.0,100.0,0.0,0.0,0.0
dbo,failureremark,exceptiondate,COLUMN_ADDED,COLUMN_ADDED,new datetime2(7),,,,,,,datetime2(7),NULL,8.0,27.0,7.0,1.0
dbo,failureremark,exceptionreason,COLUMN_ADDED,COLUMN_ADDED,new varchar(50),,,,,,,varchar(50),50.0,50.0,0.0,0.0,1.0
dbo,failureremark,exceptionreference,COLUMN_ADDED,COLUMN_ADDED,new varchar(500),,,,,,,varchar(500),500.0,500.0,0.0,0.0,1.0
dbo,failureremark,immediateaction,COLUMN_ADDED,COLUMN_ADDED,new varchar(500),,,,,,,varchar(500),500.0,500.0,0.0,0.0,1.0
dbo,failureremark,qualityimpact,COLUMN_ADDED,COLUMN_ADDED,new varchar(50),,,,,,,varchar(50),50.0,50.0,0.0,0.0,1.0
dbo,failureremark,readytouseaftercorrection,COLUMN_ADDED,COLUMN_ADDED,new varchar(50),,,,,,,varchar(50),50.0,50.0,0.0,0.0,1.0
dbo,failureremark,usedafteroverdue,COLUMN_ADDED,COLUMN_ADDED,new varchar(50),,,,,,,varchar(50),50.0,50.0,0.0,0.0,1.0
dbo,failureremark,enterdate,DATA_TYPE_CHANGED,DATA_TYPE_CHANGED|PRECISION_INCREASED|SCALE_INCREASED,datetime -> datetime2(7),datetime,NULL,8.0,23.0,3.0,1.0,datetime2(7),NULL,8.0,27.0,7.0,1.0
dbo,failureremark,wonum,LENGTH_INCREASED,LENGTH_INCREASED,varchar(10) -> varchar(25),varchar(10),10.0,10.0,0.0,0.0,1.0,varchar(25),25.0,25.0,0.0,0.0,1.0
dbo,failurereport,wonum,LENGTH_INCREASED,LENGTH_INCREASED,varchar(10) -> varchar(25),varchar(10),10.0,10.0,0.0,0.0,1.0,varchar(25),25.0,25.0,0.0,0.0,1.0
dbo,favitem,requireddate,DATA_TYPE_CHANGED,DATA_TYPE_CHANGED|PRECISION_INCREASED|SCALE_INCREASED,datetime -> datetime2(7),datetime,NULL,8.0,23.0,3.0,1.0,datetime2(7),NULL,8.0,27.0,7.0,1.0
dbo,favitem,personid,LENGTH_INCREASED,LENGTH_INCREASED,varchar(30) -> varchar(100),varchar(30),30.0,30.0,0.0,0.0,0.0,varchar(100),100.0,100.0,0.0,0.0,0.0
dbo,features,classstructureid,LENGTH_INCREASED,LENGTH_INCREASED,varchar(20) -> varchar(25),varchar(20),20.0,20.0,0.0,0.0,1.0,varchar(25),25.0,25.0,0.0,0.0,1.0
dbo,featurespec,datevalue,COLUMN_ADDED,COLUMN_ADDED,new datetime2(7),,,,,,,datetime2(7),NULL,8.0,27.0,7.0,1.0
dbo,featurespec,changedate,DATA_TYPE_CHANGED,DATA_TYPE_CHANGED|PRECISION_INCREASED|SCALE_INCREASED,datetime -> datetime2(7),datetime,NULL,8.0,23.0,3.0,0.0,datetime2(7),NULL,8.0,27.0,7.0,0.0
dbo,featurespec,createddate,DATA_TYPE_CHANGED,DATA_TYPE_CHANGED|PRECISION_INCREASED|SCALE_INCREASED,datetime -> datetime2(7),datetime,NULL,8.0,23.0,3.0,0.0,datetime2(7),NULL,8.0,27.0,7.0,0.0
dbo,featurespec,removeddate,DATA_TYPE_CHANGED,DATA_TYPE_CHANGED|PRECISION_INCREASED|SCALE_INCREASED,datetime -> datetime2(7),datetime,NULL,8.0,23.0,3.0,1.0,datetime2(7),NULL,8.0,27.0,7.0,1.0
dbo,featurespec,changeby,LENGTH_INCREASED,LENGTH_INCREASED,varchar(30) -> varchar(100),varchar(30),30.0,30.0,0.0,0.0,1.0,varchar(100),100.0,100.0,0.0,0.0,1.0
dbo,featurespec,classstructureid,LENGTH_INCREASED,LENGTH_INCREASED,varchar(20) -> varchar(25),varchar(20),20.0,20.0,0.0,0.0,0.0,varchar(25),25.0,25.0,0.0,0.0,0.0
dbo,featurestatus,changedate,DATA_TYPE_CHANGED,DATA_TYPE_CHANGED|PRECISION_INCREASED|SCALE_INCREASED,datetime -> datetime2(7),datetime,NULL,8.0,23.0,3.0,1.0,datetime2(7),NULL,8.0,27.0,7.0,1.0
dbo,featurestatus,changeby,LENGTH_INCREASED,LENGTH_INCREASED,varchar(30) -> varchar(100),varchar(30),30.0,30.0,0.0,0.0,1.0,varchar(100),100.0,100.0,0.0,0.0,1.0
dbo,fileexportreqqueue,recdatetime,DATA_TYPE_CHANGED,DATA_TYPE_CHANGED|PRECISION_INCREASED|SCALE_INCREASED,datetime -> datetime2(7),datetime,NULL,8.0,23.0,3.0,1.0,datetime2(7),NULL,8.0,27.0,7.0,1.0
dbo,fileexportreqqueue,reqdatetime,DATA_TYPE_CHANGED,DATA_TYPE_CHANGED|PRECISION_INCREASED|SCALE_INCREASED,datetime -> datetime2(7),datetime,NULL,8.0,23.0,3.0,1.0,datetime2(7),NULL,8.0,27.0,7.0,1.0
dbo,fileexportreqqueue,request,DATA_TYPE_CHANGED,DATA_TYPE_CHANGED,image -> varbinary(max),image,NULL,16.0,0.0,0.0,0.0,varbinary(max),NULL,-1.0,0.0,0.0,0.0
dbo,fileexportreqqueue,requser,LENGTH_INCREASED,LENGTH_INCREASED,varchar(30) -> varchar(100),varchar(30),30.0,30.0,0.0,0.0,0.0,varchar(100),100.0,100.0,0.0,0.0,0.0
dbo,fileimportreqqueue,errresp,DATA_TYPE_CHANGED,DATA_TYPE_CHANGED,text -> varchar(max),text,NULL,16.0,0.0,0.0,1.0,varchar(max),NULL,-1.0,0.0,0.0,1.0
dbo,fileimportreqqueue,reqdata,DATA_TYPE_CHANGED,DATA_TYPE_CHANGED,text -> varchar(max),text,NULL,16.0,0.0,0.0,1.0,varchar(max),NULL,-1.0,0.0,0.0,1.0
dbo,fileimportreqqueue,reqdatetime,DATA_TYPE_CHANGED,DATA_TYPE_CHANGED|PRECISION_INCREASED|SCALE_INCREASED,datetime -> datetime2(7),datetime,NULL,8.0,23.0,3.0,1.0,datetime2(7),NULL,8.0,27.0,7.0,1.0
dbo,fileimportreqqueue,request,DATA_TYPE_CHANGED,DATA_TYPE_CHANGED,image -> varbinary(max),image,NULL,16.0,0.0,0.0,0.0,varbinary(max),NULL,-1.0,0.0,0.0,0.0
dbo,fileimportreqqueue,uploaddatetime,DATA_TYPE_CHANGED,DATA_TYPE_CHANGED|PRECISION_INCREASED|SCALE_INCREASED,datetime -> datetime2(7),datetime,NULL,8.0,23.0,3.0,1.0,datetime2(7),NULL,8.0,27.0,7.0,1.0
dbo,fileimportreqqueue,requser,LENGTH_INCREASED,LENGTH_INCREASED,varchar(30) -> varchar(100),varchar(30),30.0,30.0,0.0,0.0,0.0,varchar(100),100.0,100.0,0.0,0.0,0.0
dbo,financialperiods,closedate,DATA_TYPE_CHANGED,DATA_TYPE_CHANGED|PRECISION_INCREASED|SCALE_INCREASED,datetime -> datetime2(7),datetime,NULL,8.0,23.0,3.0,1.0,datetime2(7),NULL,8.0,27.0,7.0,1.0
dbo,financialperiods,periodclosedate,DATA_TYPE_CHANGED,DATA_TYPE_CHANGED|PRECISION_INCREASED|SCALE_INCREASED,datetime -> datetime2(7),datetime,NULL,8.0,23.0,3.0,1.0,datetime2(7),NULL,8.0,27.0,7.0,1.0
dbo,financialperiods,periodend,DATA_TYPE_CHANGED,DATA_TYPE_CHANGED|PRECISION_INCREASED|SCALE_INCREASED,datetime -> datetime2(7),datetime,NULL,8.0,23.0,3.0,0.0,datetime2(7),NULL,8.0,27.0,7.0,0.0
dbo,financialperiods,periodstart,DATA_TYPE_CHANGED,DATA_TYPE_CHANGED|PRECISION_INCREASED|SCALE_INCREASED,datetime -> datetime2(7),datetime,NULL,8.0,23.0,3.0,0.0,datetime2(7),NULL,8.0,27.0,7.0,0.0
dbo,financialperiods,closedby,LENGTH_INCREASED,LENGTH_INCREASED,varchar(30) -> varchar(100),varchar(30),30.0,30.0,0.0,0.0,1.0,varchar(100),100.0,100.0,0.0,0.0,1.0
dbo,fincntrl,asofdate,DATA_TYPE_CHANGED,DATA_TYPE_CHANGED|PRECISION_INCREASED|SCALE_INCREASED,datetime -> datetime2(7),datetime,NULL,8.0,23.0,3.0,1.0,datetime2(7),NULL,8.0,27.0,7.0,1.0
dbo,fincntrl,changedate,DATA_TYPE_CHANGED,DATA_TYPE_CHANGED|PRECISION_INCREASED|SCALE_INCREASED,datetime -> datetime2(7),datetime,NULL,8.0,23.0,3.0,0.0,datetime2(7),NULL,8.0,27.0,7.0,0.0
dbo,fincntrl,enddate,DATA_TYPE_CHANGED,DATA_TYPE_CHANGED|PRECISION_INCREASED|SCALE_INCREASED,datetime -> datetime2(7),datetime,NULL,8.0,23.0,3.0,1.0,datetime2(7),NULL,8.0,27.0,7.0,1.0
dbo,fincntrl,startdate,DATA_TYPE_CHANGED,DATA_TYPE_CHANGED|PRECISION_INCREASED|SCALE_INCREASED,datetime -> datetime2(7),datetime,NULL,8.0,23.0,3.0,1.0,datetime2(7),NULL,8.0,27.0,7.0,1.0
dbo,fincntrl,changeby,LENGTH_INCREASED,LENGTH_INCREASED,varchar(30) -> varchar(100),varchar(30),30.0,30.0,0.0,0.0,0.0,varchar(100),100.0,100.0,0.0,0.0,0.0
dbo,fsnlastscan,lastscandate,DATA_TYPE_CHANGED,DATA_TYPE_CHANGED|PRECISION_INCREASED|SCALE_INCREASED,datetime -> datetime2(7),datetime,NULL,8.0,23.0,3.0,1.0,datetime2(7),NULL,8.0,27.0,7.0,1.0
dbo,glcomponents,userid,LENGTH_INCREASED,LENGTH_INCREASED,varchar(30) -> varchar(100),varchar(30),30.0,30.0,0.0,0.0,1.0,varchar(100),100.0,100.0,0.0,0.0,1.0
dbo,groupuser,userid,LENGTH_INCREASED,LENGTH_INCREASED,varchar(30) -> varchar(100),varchar(30),30.0,30.0,0.0,0.0,0.0,varchar(100),100.0,100.0,0.0,0.0,0.0
dbo,grpreassignauth,userid,LENGTH_INCREASED,LENGTH_INCREASED,varchar(30) -> varchar(100),varchar(30),30.0,30.0,0.0,0.0,0.0,varchar(100),100.0,100.0,0.0,0.0,0.0
dbo,hazard,haz13,DATA_TYPE_CHANGED,DATA_TYPE_CHANGED|PRECISION_INCREASED|SCALE_INCREASED,datetime -> datetime2(7),datetime,NULL,8.0,23.0,3.0,1.0,datetime2(7),NULL,8.0,27.0,7.0,1.0
dbo,hazard,haz14,DATA_TYPE_CHANGED,DATA_TYPE_CHANGED|PRECISION_INCREASED|SCALE_INCREASED,datetime -> datetime2(7),datetime,NULL,8.0,23.0,3.0,1.0,datetime2(7),NULL,8.0,27.0,7.0,1.0
dbo,ibmcontentreceipts,installdate,DATA_TYPE_CHANGED,DATA_TYPE_CHANGED|PRECISION_INCREASED|SCALE_INCREASED,datetime -> datetime2(7),datetime,NULL,8.0,23.0,3.0,1.0,datetime2(7),NULL,8.0,27.0,7.0,1.0
dbo,ibmcontentreceipts,installmessages,DATA_TYPE_CHANGED,DATA_TYPE_CHANGED,text -> varchar(max),text,NULL,16.0,0.0,0.0,1.0,varchar(max),NULL,-1.0,0.0,0.0,1.0
dbo,imageinference,inspectionstatus,COLUMN_ADDED,COLUMN_ADDED,new varchar(50),,,,,,,varchar(50),50.0,50.0,0.0,0.0,1.0
dbo,imageinference,actualresult,DATA_TYPE_CHANGED,DATA_TYPE_CHANGED,text -> varchar(max),text,NULL,16.0,0.0,0.0,1.0,varchar(max),NULL,-1.0,0.0,0.0,1.0
dbo,imageinference,changedate,DATA_TYPE_CHANGED,DATA_TYPE_CHANGED|PRECISION_INCREASED|SCALE_INCREASED,datetime -> datetime2(7),datetime,NULL,8.0,23.0,3.0,1.0,datetime2(7),NULL,8.0,27.0,7.0,1.0
dbo,imageinference,mviresult,DATA_TYPE_CHANGED,DATA_TYPE_CHANGED,text -> varchar(max),text,NULL,16.0,0.0,0.0,1.0,varchar(max),NULL,-1.0,0.0,0.0,1.0
dbo,imglib,image,DATA_TYPE_CHANGED,DATA_TYPE_CHANGED,image -> varbinary(max),image,NULL,16.0,0.0,0.0,1.0,varbinary(max),NULL,-1.0,0.0,0.0,1.0
dbo,inboundcomm,changedate,DATA_TYPE_CHANGED,DATA_TYPE_CHANGED|PRECISION_INCREASED|SCALE_INCREASED,datetime -> datetime2(7),datetime,NULL,8.0,23.0,3.0,0.0,datetime2(7),NULL,8.0,27.0,7.0,0.0
dbo,inboundcomm,createdate,DATA_TYPE_CHANGED,DATA_TYPE_CHANGED|PRECISION_INCREASED|SCALE_INCREASED,datetime -> datetime2(7),datetime,NULL,8.0,23.0,3.0,0.0,datetime2(7),NULL,8.0,27.0,7.0,0.0
dbo,inboundcomm,msgbody,DATA_TYPE_CHANGED,DATA_TYPE_CHANGED,text -> varchar(max),text,NULL,16.0,0.0,0.0,1.0,varchar(max),NULL,-1.0,0.0,0.0,1.0
dbo,inboundcomm,receivedate,DATA_TYPE_CHANGED,DATA_TYPE_CHANGED|PRECISION_INCREASED|SCALE_INCREASED,datetime -> datetime2(7),datetime,NULL,8.0,23.0,3.0,1.0,datetime2(7),NULL,8.0,27.0,7.0,1.0
dbo,inboundcomm,senddate,DATA_TYPE_CHANGED,DATA_TYPE_CHANGED|PRECISION_INCREASED|SCALE_INCREASED,datetime -> datetime2(7),datetime,NULL,8.0,23.0,3.0,1.0,datetime2(7),NULL,8.0,27.0,7.0,1.0
dbo,inboundcomm,statusdate,DATA_TYPE_CHANGED,DATA_TYPE_CHANGED|PRECISION_INCREASED|SCALE_INCREASED,datetime -> datetime2(7),datetime,NULL,8.0,23.0,3.0,0.0,datetime2(7),NULL,8.0,27.0,7.0,0.0
dbo,inboundcomm,changeby,LENGTH_INCREASED,LENGTH_INCREASED,varchar(30) -> varchar(100),varchar(30),30.0,30.0,0.0,0.0,0.0,varchar(100),100.0,100.0,0.0,0.0,0.0
dbo,inboundcomm,personid,LENGTH_INCREASED,LENGTH_INCREASED,varchar(30) -> varchar(100),varchar(30),30.0,30.0,0.0,0.0,0.0,varchar(100),100.0,100.0,0.0,0.0,0.0
dbo,inboundcommcfg,crontaskinstance,LENGTH_INCREASED,LENGTH_INCREASED,varchar(30) -> varchar(50),varchar(30),30.0,30.0,0.0,0.0,0.0,varchar(50),50.0,50.0,0.0,0.0,0.0
dbo,inboundcommcfg,crontaskname,LENGTH_INCREASED,LENGTH_INCREASED,varchar(30) -> varchar(50),varchar(30),30.0,30.0,0.0,0.0,0.0,varchar(50),50.0,50.0,0.0,0.0,0.0
dbo,inboundcommcfg,oauthrefreshtoken,LENGTH_INCREASED,LENGTH_INCREASED,varbinary(1024) -> varbinary(2000),varbinary(1024),1024.0,1024.0,0.0,0.0,1.0,varbinary(2000),2000.0,2000.0,0.0,0.0,1.0
dbo,insight,formula,LENGTH_INCREASED,LENGTH_INCREASED,varchar(1000) -> varchar(2000),varchar(1000),1000.0,1000.0,0.0,0.0,0.0,varchar(2000),2000.0,2000.0,0.0,0.0,0.0
dbo,inspectionform,enablescan,COLUMN_ADDED,COLUMN_ADDED,new smallint,,,,,,,smallint,NULL,2.0,5.0,0.0,0.0
dbo,inspectionform,audiocacheform,DATA_TYPE_CHANGED,DATA_TYPE_CHANGED,image -> varbinary(max),image,NULL,16.0,0.0,0.0,1.0,varbinary(max),NULL,-1.0,0.0,0.0,1.0
dbo,inspectionform,changedate,DATA_TYPE_CHANGED,DATA_TYPE_CHANGED|PRECISION_INCREASED|SCALE_INCREASED,datetime -> datetime2(7),datetime,NULL,8.0,23.0,3.0,0.0,datetime2(7),NULL,8.0,27.0,7.0,0.0
dbo,inspectionform,createdate,DATA_TYPE_CHANGED,DATA_TYPE_CHANGED|PRECISION_INCREASED|SCALE_INCREASED,datetime -> datetime2(7),datetime,NULL,8.0,23.0,3.0,0.0,datetime2(7),NULL,8.0,27.0,7.0,0.0
dbo,inspectionform,changeby,LENGTH_INCREASED,LENGTH_INCREASED,varchar(30) -> varchar(100),varchar(30),30.0,30.0,0.0,0.0,0.0,varchar(100),100.0,100.0,0.0,0.0,0.0
dbo,inspectionform,createdby,LENGTH_INCREASED,LENGTH_INCREASED,varchar(30) -> varchar(100),varchar(30),30.0,30.0,0.0,0.0,0.0,varchar(100),100.0,100.0,0.0,0.0,0.0
dbo,inspectionformstatus,changedate,DATA_TYPE_CHANGED,DATA_TYPE_CHANGED|PRECISION_INCREASED|SCALE_INCREASED,datetime -> datetime2(7),datetime,NULL,8.0,23.0,3.0,0.0,datetime2(7),NULL,8.0,27.0,7.0,0.0
dbo,inspectionformstatus,changeby,LENGTH_INCREASED,LENGTH_INCREASED,varchar(30) -> varchar(100),varchar(30),30.0,30.0,0.0,0.0,0.0,varchar(100),100.0,100.0,0.0,0.0,0.0
dbo,inspectionresult,assignee,COLUMN_ADDED,COLUMN_ADDED,new varchar(100),,,,,,,varchar(100),100.0,100.0,0.0,0.0,1.0
dbo,inspectionresult,assigngroup,COLUMN_ADDED,COLUMN_ADDED,new varchar(100),,,,,,,varchar(100),100.0,100.0,0.0,0.0,1.0
dbo,inspectionresult,reviewer,COLUMN_ADDED,COLUMN_ADDED,new varchar(100),,,,,,,varchar(100),100.0,100.0,0.0,0.0,1.0
dbo,inspectionresult,reviewgroup,COLUMN_ADDED,COLUMN_ADDED,new varchar(100),,,,,,,varchar(100),100.0,100.0,0.0,0.0,1.0
dbo,inspectionresult,createdate,DATA_TYPE_CHANGED,DATA_TYPE_CHANGED|PRECISION_INCREASED|SCALE_INCREASED,datetime -> datetime2(7),datetime,NULL,8.0,23.0,3.0,0.0,datetime2(7),NULL,8.0,27.0,7.0,0.0
dbo,inspectionresult,duedate,DATA_TYPE_CHANGED,DATA_TYPE_CHANGED|PRECISION_INCREASED|SCALE_INCREASED,datetime -> datetime2(7),datetime,NULL,8.0,23.0,3.0,1.0,datetime2(7),NULL,8.0,27.0,7.0,1.0
dbo,inspectionresult,statusdate,DATA_TYPE_CHANGED,DATA_TYPE_CHANGED|PRECISION_INCREASED|SCALE_INCREASED,datetime -> datetime2(7),datetime,NULL,8.0,23.0,3.0,1.0,datetime2(7),NULL,8.0,27.0,7.0,1.0
dbo,inspectionresult,createdby,LENGTH_INCREASED,LENGTH_INCREASED,varchar(30) -> varchar(100),varchar(30),30.0,30.0,0.0,0.0,0.0,varchar(100),100.0,100.0,0.0,0.0,0.0
dbo,inspectionresult,parent,LENGTH_INCREASED,LENGTH_INCREASED,varchar(10) -> varchar(25),varchar(10),10.0,10.0,0.0,0.0,1.0,varchar(25),25.0,25.0,0.0,0.0,1.0
dbo,inspfield,autoanalyze,COLUMN_ADDED,COLUMN_ADDED,new smallint,,,,,,,smallint,NULL,2.0,5.0,0.0,1.0
dbo,inspfield,fieldalias,COLUMN_ADDED,COLUMN_ADDED,new varchar(25),,,,,,,varchar(25),25.0,25.0,0.0,0.0,1.0
dbo,inspfield,measureunitid,COLUMN_ADDED,COLUMN_ADDED,new varchar(18),,,,,,,varchar(18),18.0,18.0,0.0,0.0,1.0
dbo,inspfield,audiocachefield,DATA_TYPE_CHANGED,DATA_TYPE_CHANGED,image -> varbinary(max),image,NULL,16.0,0.0,0.0,1.0,varbinary(max),NULL,-1.0,0.0,0.0,1.0
dbo,inspfield,audiocacheoption,DATA_TYPE_CHANGED,DATA_TYPE_CHANGED,image -> varbinary(max),image,NULL,16.0,0.0,0.0,1.0,varbinary(max),NULL,-1.0,0.0,0.0,1.0
dbo,inspfieldoption,audiocachefback,DATA_TYPE_CHANGED,DATA_TYPE_CHANGED,image -> varbinary(max),image,NULL,16.0,0.0,0.0,1.0,varbinary(max),NULL,-1.0,0.0,0.0,1.0
dbo,inspfieldresult,comments,COLUMN_ADDED,COLUMN_ADDED,new varchar(250),,,,,,,varchar(250),250.0,250.0,0.0,0.0,1.0
dbo,inspfieldresult,isrequired,COLUMN_ADDED,COLUMN_ADDED,new smallint,,,,,,,smallint,NULL,2.0,5.0,0.0,1.0
dbo,inspfieldresult,isvisible,COLUMN_ADDED,COLUMN_ADDED,new smallint,,,,,,,smallint,NULL,2.0,5.0,0.0,1.0
dbo,inspfieldresult,dateresponse,DATA_TYPE_CHANGED,DATA_TYPE_CHANGED|PRECISION_INCREASED|SCALE_INCREASED,datetime -> datetime2(7),datetime,NULL,8.0,23.0,3.0,1.0,datetime2(7),NULL,8.0,27.0,7.0,1.0
dbo,inspfieldresult,entereddate,DATA_TYPE_CHANGED,DATA_TYPE_CHANGED|PRECISION_INCREASED|SCALE_INCREASED,datetime -> datetime2(7),datetime,NULL,8.0,23.0,3.0,0.0,datetime2(7),NULL,8.0,27.0,7.0,0.0
dbo,inspfieldresult,plussgeojson,DATA_TYPE_CHANGED,DATA_TYPE_CHANGED,text -> varchar(max),text,NULL,16.0,0.0,0.0,1.0,varchar(max),NULL,-1.0,0.0,0.0,1.0
dbo,inspfieldresult,timeresponse,DATA_TYPE_CHANGED,DATA_TYPE_CHANGED|PRECISION_INCREASED|SCALE_INCREASED,datetime -> datetime2(7),datetime,NULL,8.0,23.0,3.0,1.0,datetime2(7),NULL,8.0,27.0,7.0,1.0
dbo,inspfieldresult,enteredby,LENGTH_INCREASED,LENGTH_INCREASED,varchar(30) -> varchar(100),varchar(30),30.0,30.0,0.0,0.0,0.0,varchar(100),100.0,100.0,0.0,0.0,0.0
dbo,inspquestion,audiocachequestion,DATA_TYPE_CHANGED,DATA_TYPE_CHANGED,image -> varbinary(max),image,NULL,16.0,0.0,0.0,1.0,varbinary(max),NULL,-1.0,0.0,0.0,1.0
dbo,inspresultstatus,changedate,DATA_TYPE_CHANGED,DATA_TYPE_CHANGED|PRECISION_INCREASED|SCALE_INCREASED,datetime -> datetime2(7),datetime,NULL,8.0,23.0,3.0,0.0,datetime2(7),NULL,8.0,27.0,7.0,0.0
dbo,inspresultstatus,changeby,LENGTH_INCREASED,LENGTH_INCREASED,varchar(30) -> varchar(100),varchar(30),30.0,30.0,0.0,0.0,0.0,varchar(100),100.0,100.0,0.0,0.0,0.0
dbo,invbalances,nextphycntdate,DATA_TYPE_CHANGED,DATA_TYPE_CHANGED|PRECISION_INCREASED|SCALE_INCREASED,datetime -> datetime2(7),datetime,NULL,8.0,23.0,3.0,1.0,datetime2(7),NULL,8.0,27.0,7.0,1.0
dbo,invbalances,physcntdate,DATA_TYPE_CHANGED,DATA_TYPE_CHANGED|PRECISION_INCREASED|SCALE_INCREASED,datetime -> datetime2(7),datetime,NULL,8.0,23.0,3.0,1.0,datetime2(7),NULL,8.0,27.0,7.0,1.0
dbo,invbalances,pre_date,DATA_TYPE_CHANGED,DATA_TYPE_CHANGED|PRECISION_INCREASED|SCALE_INCREASED,datetime -> datetime2(7),datetime,NULL,8.0,23.0,3.0,1.0,datetime2(7),NULL,8.0,27.0,7.0,1.0
dbo,inventory,lastissuedate,DATA_TYPE_CHANGED,DATA_TYPE_CHANGED|PRECISION_INCREASED|SCALE_INCREASED,datetime -> datetime2(7),datetime,NULL,8.0,23.0,3.0,1.0,datetime2(7),NULL,8.0,27.0,7.0,1.0
dbo,inventory,nextinvoicedate,DATA_TYPE_CHANGED,DATA_TYPE_CHANGED|PRECISION_INCREASED|SCALE_INCREASED,datetime -> datetime2(7),datetime,NULL,8.0,23.0,3.0,1.0,datetime2(7),NULL,8.0,27.0,7.0,1.0
dbo,inventory,statusdate,DATA_TYPE_CHANGED,DATA_TYPE_CHANGED|PRECISION_INCREASED|SCALE_INCREASED,datetime -> datetime2(7),datetime,NULL,8.0,23.0,3.0,0.0,datetime2(7),NULL,8.0,27.0,7.0,0.0
dbo,invlifofifocost,costdate,DATA_TYPE_CHANGED,DATA_TYPE_CHANGED|PRECISION_INCREASED|SCALE_INCREASED,datetime -> datetime2(7),datetime,NULL,8.0,23.0,3.0,0.0,datetime2(7),NULL,8.0,27.0,7.0,0.0
dbo,invlot,useby,DATA_TYPE_CHANGED,DATA_TYPE_CHANGED|PRECISION_INCREASED|SCALE_INCREASED,datetime -> datetime2(7),datetime,NULL,8.0,23.0,3.0,1.0,datetime2(7),NULL,8.0,27.0,7.0,1.0
dbo,invoice,changedate,DATA_TYPE_CHANGED,DATA_TYPE_CHANGED|PRECISION_INCREASED|SCALE_INCREASED,datetime -> datetime2(7),datetime,NULL,8.0,23.0,3.0,0.0,datetime2(7),NULL,8.0,27.0,7.0,0.0
dbo,invoice,discountdate,DATA_TYPE_CHANGED,DATA_TYPE_CHANGED|PRECISION_INCREASED|SCALE_INCREASED,datetime -> datetime2(7),datetime,NULL,8.0,23.0,3.0,1.0,datetime2(7),NULL,8.0,27.0,7.0,1.0
dbo,invoice,duedate,DATA_TYPE_CHANGED,DATA_TYPE_CHANGED|PRECISION_INCREASED|SCALE_INCREASED,datetime -> datetime2(7),datetime,NULL,8.0,23.0,3.0,1.0,datetime2(7),NULL,8.0,27.0,7.0,1.0
dbo,invoice,enterdate,DATA_TYPE_CHANGED,DATA_TYPE_CHANGED|PRECISION_INCREASED|SCALE_INCREASED,datetime -> datetime2(7),datetime,NULL,8.0,23.0,3.0,0.0,datetime2(7),NULL,8.0,27.0,7.0,0.0
dbo,invoice,exchangedate,DATA_TYPE_CHANGED,DATA_TYPE_CHANGED|PRECISION_INCREASED|SCALE_INCREASED,datetime -> datetime2(7),datetime,NULL,8.0,23.0,3.0,1.0,datetime2(7),NULL,8.0,27.0,7.0,1.0
dbo,invoice,glpostdate,DATA_TYPE_CHANGED,DATA_TYPE_CHANGED|PRECISION_INCREASED|SCALE_INCREASED,datetime -> datetime2(7),datetime,NULL,8.0,23.0,3.0,0.0,datetime2(7),NULL,8.0,27.0,7.0,0.0
dbo,invoice,invoicedate,DATA_TYPE_CHANGED,DATA_TYPE_CHANGED|PRECISION_INCREASED|SCALE_INCREASED,datetime -> datetime2(7),datetime,NULL,8.0,23.0,3.0,1.0,datetime2(7),NULL,8.0,27.0,7.0,1.0
dbo,invoice,paiddate,DATA_TYPE_CHANGED,DATA_TYPE_CHANGED|PRECISION_INCREASED|SCALE_INCREASED,datetime -> datetime2(7),datetime,NULL,8.0,23.0,3.0,1.0,datetime2(7),NULL,8.0,27.0,7.0,1.0
dbo,invoice,statusdate,DATA_TYPE_CHANGED,DATA_TYPE_CHANGED|PRECISION_INCREASED|SCALE_INCREASED,datetime -> datetime2(7),datetime,NULL,8.0,23.0,3.0,0.0,datetime2(7),NULL,8.0,27.0,7.0,0.0
dbo,invoice,changeby,LENGTH_INCREASED,LENGTH_INCREASED,varchar(30) -> varchar(100),varchar(30),30.0,30.0,0.0,0.0,0.0,varchar(100),100.0,100.0,0.0,0.0,0.0
dbo,invoice,enterby,LENGTH_INCREASED,LENGTH_INCREASED,varchar(30) -> varchar(100),varchar(30),30.0,30.0,0.0,0.0,0.0,varchar(100),100.0,100.0,0.0,0.0,0.0
dbo,invoicecost,refwo,LENGTH_INCREASED,LENGTH_INCREASED,varchar(10) -> varchar(25),varchar(10),10.0,10.0,0.0,0.0,1.0,varchar(25),25.0,25.0,0.0,0.0,1.0
dbo,invoiceline,enterdate,DATA_TYPE_CHANGED,DATA_TYPE_CHANGED|PRECISION_INCREASED|SCALE_INCREASED,datetime -> datetime2(7),datetime,NULL,8.0,23.0,3.0,0.0,datetime2(7),NULL,8.0,27.0,7.0,0.0
dbo,invoiceline,classstructureid,LENGTH_INCREASED,LENGTH_INCREASED,varchar(20) -> varchar(25),varchar(20),20.0,20.0,0.0,0.0,1.0,varchar(25),25.0,25.0,0.0,0.0,1.0
dbo,invoiceline,enterby,LENGTH_INCREASED,LENGTH_INCREASED,varchar(30) -> varchar(100),varchar(30),30.0,30.0,0.0,0.0,0.0,varchar(100),100.0,100.0,0.0,0.0,0.0
dbo,invoicematch,transdate,DATA_TYPE_CHANGED,DATA_TYPE_CHANGED|PRECISION_INCREASED|SCALE_INCREASED,datetime -> datetime2(7),datetime,NULL,8.0,23.0,3.0,1.0,datetime2(7),NULL,8.0,27.0,7.0,1.0
dbo,invoicestatus,changedate,DATA_TYPE_CHANGED,DATA_TYPE_CHANGED|PRECISION_INCREASED|SCALE_INCREASED,datetime -> datetime2(7),datetime,NULL,8.0,23.0,3.0,0.0,datetime2(7),NULL,8.0,27.0,7.0,0.0
dbo,invoicestatus,changeby,LENGTH_INCREASED,LENGTH_INCREASED,varchar(30) -> varchar(100),varchar(30),30.0,30.0,0.0,0.0,0.0,varchar(100),100.0,100.0,0.0,0.0,0.0
dbo,invoicetrans,actualdate,DATA_TYPE_CHANGED,DATA_TYPE_CHANGED|PRECISION_INCREASED|SCALE_INCREASED,datetime -> datetime2(7),datetime,NULL,8.0,23.0,3.0,0.0,datetime2(7),NULL,8.0,27.0,7.0,0.0
dbo,invoicetrans,transdate,DATA_TYPE_CHANGED,DATA_TYPE_CHANGED|PRECISION_INCREASED|SCALE_INCREASED,datetime -> datetime2(7),datetime,NULL,8.0,23.0,3.0,0.0,datetime2(7),NULL,8.0,27.0,7.0,0.0
dbo,invoicetrans,enterby,LENGTH_INCREASED,LENGTH_INCREASED,varchar(30) -> varchar(100),varchar(30),30.0,30.0,0.0,0.0,0.0,varchar(100),100.0,100.0,0.0,0.0,0.0
dbo,invpicklist,changedate,DATA_TYPE_CHANGED,DATA_TYPE_CHANGED|PRECISION_INCREASED|SCALE_INCREASED,datetime -> datetime2(7),datetime,NULL,8.0,23.0,3.0,0.0,datetime2(7),NULL,8.0,27.0,7.0,0.0
dbo,invpicklist,createddate,DATA_TYPE_CHANGED,DATA_TYPE_CHANGED|PRECISION_INCREASED|SCALE_INCREASED,datetime -> datetime2(7),datetime,NULL,8.0,23.0,3.0,1.0,datetime2(7),NULL,8.0,27.0,7.0,1.0
dbo,invpicklist,requireddate,DATA_TYPE_CHANGED,DATA_TYPE_CHANGED|PRECISION_INCREASED|SCALE_INCREASED,datetime -> datetime2(7),datetime,NULL,8.0,23.0,3.0,0.0,datetime2(7),NULL,8.0,27.0,7.0,0.0
dbo,invpicklist,statusdate,DATA_TYPE_CHANGED,DATA_TYPE_CHANGED|PRECISION_INCREASED|SCALE_INCREASED,datetime -> datetime2(7),datetime,NULL,8.0,23.0,3.0,0.0,datetime2(7),NULL,8.0,27.0,7.0,0.0
dbo,invpicklist,changeby,LENGTH_INCREASED,LENGTH_INCREASED,varchar(30) -> varchar(100),varchar(30),30.0,30.0,0.0,0.0,0.0,varchar(100),100.0,100.0,0.0,0.0,0.0
dbo,invpicklist,plowner,LENGTH_INCREASED,LENGTH_INCREASED,varchar(30) -> varchar(100),varchar(30),30.0,30.0,0.0,0.0,1.0,varchar(100),100.0,100.0,0.0,0.0,1.0
dbo,invpickliststatus,changedate,DATA_TYPE_CHANGED,DATA_TYPE_CHANGED|PRECISION_INCREASED|SCALE_INCREASED,datetime -> datetime2(7),datetime,NULL,8.0,23.0,3.0,0.0,datetime2(7),NULL,8.0,27.0,7.0,0.0
dbo,invpickliststatus,changeby,LENGTH_INCREASED,LENGTH_INCREASED,varchar(30) -> varchar(100),varchar(30),30.0,30.0,0.0,0.0,0.0,varchar(100),100.0,100.0,0.0,0.0,0.0
dbo,invreserve,requesteddate,DATA_TYPE_CHANGED,DATA_TYPE_CHANGED|PRECISION_INCREASED|SCALE_INCREASED,datetime -> datetime2(7),datetime,NULL,8.0,23.0,3.0,1.0,datetime2(7),NULL,8.0,27.0,7.0,1.0
dbo,invreserve,requireddate,DATA_TYPE_CHANGED,DATA_TYPE_CHANGED|PRECISION_INCREASED|SCALE_INCREASED,datetime -> datetime2(7),datetime,NULL,8.0,23.0,3.0,1.0,datetime2(7),NULL,8.0,27.0,7.0,1.0
dbo,invreserve,requestedby,LENGTH_INCREASED,LENGTH_INCREASED,varchar(30) -> varchar(100),varchar(30),30.0,30.0,0.0,0.0,1.0,varchar(100),100.0,100.0,0.0,0.0,1.0
dbo,invreserve,wogroup,LENGTH_INCREASED,LENGTH_INCREASED,varchar(10) -> varchar(25),varchar(10),10.0,10.0,0.0,0.0,1.0,varchar(25),25.0,25.0,0.0,0.0,1.0
dbo,invreserve,wonum,LENGTH_INCREASED,LENGTH_INCREASED,varchar(10) -> varchar(25),varchar(10),10.0,10.0,0.0,0.0,1.0,varchar(25),25.0,25.0,0.0,0.0,1.0
dbo,invstatus,changedate,DATA_TYPE_CHANGED,DATA_TYPE_CHANGED|PRECISION_INCREASED|SCALE_INCREASED,datetime -> datetime2(7),datetime,NULL,8.0,23.0,3.0,0.0,datetime2(7),NULL,8.0,27.0,7.0,0.0
dbo,invstatus,changeby,LENGTH_INCREASED,LENGTH_INCREASED,varchar(30) -> varchar(100),varchar(30),30.0,30.0,0.0,0.0,0.0,varchar(100),100.0,100.0,0.0,0.0,0.0
dbo,invtrans,transdate,DATA_TYPE_CHANGED,DATA_TYPE_CHANGED|PRECISION_INCREASED|SCALE_INCREASED,datetime -> datetime2(7),datetime,NULL,8.0,23.0,3.0,0.0,datetime2(7),NULL,8.0,27.0,7.0,0.0
dbo,invtrans,enterby,LENGTH_INCREASED,LENGTH_INCREASED,varchar(30) -> varchar(100),varchar(30),30.0,30.0,0.0,0.0,0.0,varchar(100),100.0,100.0,0.0,0.0,0.0
dbo,invuse,changedate,DATA_TYPE_CHANGED,DATA_TYPE_CHANGED|PRECISION_INCREASED|SCALE_INCREASED,datetime -> datetime2(7),datetime,NULL,8.0,23.0,3.0,0.0,datetime2(7),NULL,8.0,27.0,7.0,0.0
dbo,invuse,exchangedate,DATA_TYPE_CHANGED,DATA_TYPE_CHANGED|PRECISION_INCREASED|SCALE_INCREASED,datetime -> datetime2(7),datetime,NULL,8.0,23.0,3.0,1.0,datetime2(7),NULL,8.0,27.0,7.0,1.0
dbo,invuse,shipmentdate,DATA_TYPE_CHANGED,DATA_TYPE_CHANGED|PRECISION_INCREASED|SCALE_INCREASED,datetime -> datetime2(7),datetime,NULL,8.0,23.0,3.0,1.0,datetime2(7),NULL,8.0,27.0,7.0,1.0
dbo,invuse,statusdate,DATA_TYPE_CHANGED,DATA_TYPE_CHANGED|PRECISION_INCREASED|SCALE_INCREASED,datetime -> datetime2(7),datetime,NULL,8.0,23.0,3.0,0.0,datetime2(7),NULL,8.0,27.0,7.0,0.0
dbo,invuse,changeby,LENGTH_INCREASED,LENGTH_INCREASED,varchar(30) -> varchar(100),varchar(30),30.0,30.0,0.0,0.0,0.0,varchar(100),100.0,100.0,0.0,0.0,0.0
dbo,invuse,invowner,LENGTH_INCREASED,LENGTH_INCREASED,varchar(30) -> varchar(100),varchar(30),30.0,30.0,0.0,0.0,1.0,varchar(100),100.0,100.0,0.0,0.0,1.0
dbo,invuse,shiptoattn,LENGTH_INCREASED,LENGTH_INCREASED,varchar(30) -> varchar(100),varchar(30),30.0,30.0,0.0,0.0,1.0,varchar(100),100.0,100.0,0.0,0.0,1.0
dbo,invuseline,anywhererefid,COLUMN_ADDED,COLUMN_ADDED,new bigint,,,,,,,bigint,NULL,8.0,19.0,0.0,1.0
dbo,invuseline,actualdate,DATA_TYPE_CHANGED,DATA_TYPE_CHANGED|PRECISION_INCREASED|SCALE_INCREASED,datetime -> datetime2(7),datetime,NULL,8.0,23.0,3.0,0.0,datetime2(7),NULL,8.0,27.0,7.0,0.0
dbo,invuseline,physcntdate,DATA_TYPE_CHANGED,DATA_TYPE_CHANGED|PRECISION_INCREASED|SCALE_INCREASED,datetime -> datetime2(7),datetime,NULL,8.0,23.0,3.0,0.0,datetime2(7),NULL,8.0,27.0,7.0,0.0
dbo,invuseline,enterby,LENGTH_INCREASED,LENGTH_INCREASED,varchar(30) -> varchar(100),varchar(30),30.0,30.0,0.0,0.0,0.0,varchar(100),100.0,100.0,0.0,0.0,0.0
dbo,invuseline,issueto,LENGTH_INCREASED,LENGTH_INCREASED,varchar(30) -> varchar(100),varchar(30),30.0,30.0,0.0,0.0,1.0,varchar(100),100.0,100.0,0.0,0.0,1.0
dbo,invuseline,refwo,LENGTH_INCREASED,LENGTH_INCREASED,varchar(10) -> varchar(25),varchar(10),10.0,10.0,0.0,0.0,1.0,varchar(25),25.0,25.0,0.0,0.0,1.0
dbo,invuselinesplit,anywhererefid,COLUMN_ADDED,COLUMN_ADDED,new bigint,,,,,,,bigint,NULL,8.0,19.0,0.0,1.0
dbo,invuselinesplit,physcntdate,DATA_TYPE_CHANGED,DATA_TYPE_CHANGED|PRECISION_INCREASED|SCALE_INCREASED,datetime -> datetime2(7),datetime,NULL,8.0,23.0,3.0,1.0,datetime2(7),NULL,8.0,27.0,7.0,1.0
dbo,invusestatus,changedate,DATA_TYPE_CHANGED,DATA_TYPE_CHANGED|PRECISION_INCREASED|SCALE_INCREASED,datetime -> datetime2(7),datetime,NULL,8.0,23.0,3.0,0.0,datetime2(7),NULL,8.0,27.0,7.0,0.0
dbo,invusestatus,changeby,LENGTH_INCREASED,LENGTH_INCREASED,varchar(30) -> varchar(100),varchar(30),30.0,30.0,0.0,0.0,0.0,varchar(100),100.0,100.0,0.0,0.0,0.0
dbo,invvendor,biddate,DATA_TYPE_CHANGED,DATA_TYPE_CHANGED|PRECISION_INCREASED|SCALE_INCREASED,datetime -> datetime2(7),datetime,NULL,8.0,23.0,3.0,1.0,datetime2(7),NULL,8.0,27.0,7.0,1.0
dbo,invvendor,lastdate,DATA_TYPE_CHANGED,DATA_TYPE_CHANGED|PRECISION_INCREASED|SCALE_INCREASED,datetime -> datetime2(7),datetime,NULL,8.0,23.0,3.0,1.0,datetime2(7),NULL,8.0,27.0,7.0,1.0
dbo,item,in22,DATA_TYPE_CHANGED,DATA_TYPE_CHANGED|PRECISION_INCREASED|SCALE_INCREASED,datetime -> datetime2(7),datetime,NULL,8.0,23.0,3.0,1.0,datetime2(7),NULL,8.0,27.0,7.0,1.0
dbo,item,statusdate,DATA_TYPE_CHANGED,DATA_TYPE_CHANGED|PRECISION_INCREASED|SCALE_INCREASED,datetime -> datetime2(7),datetime,NULL,8.0,23.0,3.0,0.0,datetime2(7),NULL,8.0,27.0,7.0,0.0
dbo,item,classstructureid,LENGTH_INCREASED,LENGTH_INCREASED,varchar(20) -> varchar(25),varchar(20),20.0,20.0,0.0,0.0,1.0,varchar(25),25.0,25.0,0.0,0.0,1.0
dbo,itemorginfo,statusdate,DATA_TYPE_CHANGED,DATA_TYPE_CHANGED|PRECISION_INCREASED|SCALE_INCREASED,datetime -> datetime2(7),datetime,NULL,8.0,23.0,3.0,0.0,datetime2(7),NULL,8.0,27.0,7.0,0.0
dbo,itemorgstatus,changedate,DATA_TYPE_CHANGED,DATA_TYPE_CHANGED|PRECISION_INCREASED|SCALE_INCREASED,datetime -> datetime2(7),datetime,NULL,8.0,23.0,3.0,0.0,datetime2(7),NULL,8.0,27.0,7.0,0.0
dbo,itemorgstatus,changeby,LENGTH_INCREASED,LENGTH_INCREASED,varchar(30) -> varchar(100),varchar(30),30.0,30.0,0.0,0.0,0.0,varchar(100),100.0,100.0,0.0,0.0,0.0
dbo,itemspec,changedate,DATA_TYPE_CHANGED,DATA_TYPE_CHANGED|PRECISION_INCREASED|SCALE_INCREASED,datetime -> datetime2(7),datetime,NULL,8.0,23.0,3.0,0.0,datetime2(7),NULL,8.0,27.0,7.0,0.0
dbo,itemspec,datevalue,DATA_TYPE_CHANGED,DATA_TYPE_CHANGED|PRECISION_INCREASED|SCALE_INCREASED,datetime -> datetime2(7),datetime,NULL,8.0,23.0,3.0,1.0,datetime2(7),NULL,8.0,27.0,7.0,1.0
dbo,itemspec,is04,DATA_TYPE_CHANGED,DATA_TYPE_CHANGED|PRECISION_INCREASED|SCALE_INCREASED,datetime -> datetime2(7),datetime,NULL,8.0,23.0,3.0,1.0,datetime2(7),NULL,8.0,27.0,7.0,1.0
dbo,itemspec,changeby,LENGTH_INCREASED,LENGTH_INCREASED,varchar(30) -> varchar(100),varchar(30),30.0,30.0,0.0,0.0,0.0,varchar(100),100.0,100.0,0.0,0.0,0.0
dbo,itemspec,classstructureid,LENGTH_INCREASED,LENGTH_INCREASED,varchar(20) -> varchar(25),varchar(20),20.0,20.0,0.0,0.0,0.0,varchar(25),25.0,25.0,0.0,0.0,0.0
dbo,itemstatus,changedate,DATA_TYPE_CHANGED,DATA_TYPE_CHANGED|PRECISION_INCREASED|SCALE_INCREASED,datetime -> datetime2(7),datetime,NULL,8.0,23.0,3.0,0.0,datetime2(7),NULL,8.0,27.0,7.0,0.0
dbo,itemstatus,changeby,LENGTH_INCREASED,LENGTH_INCREASED,varchar(30) -> varchar(100),varchar(30),30.0,30.0,0.0,0.0,0.0,varchar(100),100.0,100.0,0.0,0.0,0.0
dbo,itemstruct,ias4,DATA_TYPE_CHANGED,DATA_TYPE_CHANGED|PRECISION_INCREASED|SCALE_INCREASED,datetime -> datetime2(7),datetime,NULL,8.0,23.0,3.0,1.0,datetime2(7),NULL,8.0,27.0,7.0,1.0
dbo,joblabor,jl2,DATA_TYPE_CHANGED,DATA_TYPE_CHANGED|PRECISION_INCREASED|SCALE_INCREASED,datetime -> datetime2(7),datetime,NULL,8.0,23.0,3.0,1.0,datetime2(7),NULL,8.0,27.0,7.0,1.0
dbo,jobplan,milestone,COLUMN_ADDED,COLUMN_ADDED,new smallint,,,,,,,smallint,NULL,2.0,5.0,0.0,0.0
dbo,jobplan,pluscchangedate,DATA_TYPE_CHANGED,DATA_TYPE_CHANGED|PRECISION_INCREASED|SCALE_INCREASED,datetime -> datetime2(7),datetime,NULL,8.0,23.0,3.0,0.0,datetime2(7),NULL,8.0,27.0,7.0,0.0
dbo,jobplan,pluscstatusdate,DATA_TYPE_CHANGED,DATA_TYPE_CHANGED|PRECISION_INCREASED|SCALE_INCREASED,datetime -> datetime2(7),datetime,NULL,8.0,23.0,3.0,1.0,datetime2(7),NULL,8.0,27.0,7.0,1.0
dbo,jobplan,classstructureid,LENGTH_INCREASED,LENGTH_INCREASED,varchar(20) -> varchar(25),varchar(20),20.0,20.0,0.0,0.0,1.0,varchar(25),25.0,25.0,0.0,0.0,1.0
dbo,jobplan,laborcode,LENGTH_INCREASED,LENGTH_INCREASED,varchar(30) -> varchar(100),varchar(30),30.0,30.0,0.0,0.0,1.0,varchar(100),100.0,100.0,0.0,0.0,1.0
dbo,jobplan,owner,LENGTH_INCREASED,LENGTH_INCREASED,varchar(30) -> varchar(100),varchar(30),30.0,30.0,0.0,0.0,1.0,varchar(100),100.0,100.0,0.0,0.0,1.0
dbo,jobplan,pluscchangeby,LENGTH_INCREASED,LENGTH_INCREASED,varchar(30) -> varchar(100),varchar(30),30.0,30.0,0.0,0.0,0.0,varchar(100),100.0,100.0,0.0,0.0,0.0
dbo,jobplan,supervisor,LENGTH_INCREASED,LENGTH_INCREASED,varchar(30) -> varchar(100),varchar(30),30.0,30.0,0.0,0.0,1.0,varchar(100),100.0,100.0,0.0,0.0,1.0
dbo,jobplanspec,changedate,DATA_TYPE_CHANGED,DATA_TYPE_CHANGED|PRECISION_INCREASED|SCALE_INCREASED,datetime -> datetime2(7),datetime,NULL,8.0,23.0,3.0,0.0,datetime2(7),NULL,8.0,27.0,7.0,0.0
dbo,jobplanspec,datevalue,DATA_TYPE_CHANGED,DATA_TYPE_CHANGED|PRECISION_INCREASED|SCALE_INCREASED,datetime -> datetime2(7),datetime,NULL,8.0,23.0,3.0,1.0,datetime2(7),NULL,8.0,27.0,7.0,1.0
dbo,jobplanspec,changeby,LENGTH_INCREASED,LENGTH_INCREASED,varchar(30) -> varchar(100),varchar(30),30.0,30.0,0.0,0.0,0.0,varchar(100),100.0,100.0,0.0,0.0,0.0
dbo,jobplanspec,classstructureid,LENGTH_INCREASED,LENGTH_INCREASED,varchar(20) -> varchar(25),varchar(20),20.0,20.0,0.0,0.0,0.0,varchar(25),25.0,25.0,0.0,0.0,0.0
dbo,jobtask,milestone,COLUMN_ADDED,COLUMN_ADDED,new smallint,,,,,,,smallint,NULL,2.0,5.0,0.0,0.0
dbo,jobtask,classstructureid,LENGTH_INCREASED,LENGTH_INCREASED,varchar(20) -> varchar(25),varchar(20),20.0,20.0,0.0,0.0,1.0,varchar(25),25.0,25.0,0.0,0.0,1.0
dbo,jobtask,owner,LENGTH_INCREASED,LENGTH_INCREASED,varchar(30) -> varchar(100),varchar(30),30.0,30.0,0.0,0.0,1.0,varchar(100),100.0,100.0,0.0,0.0,1.0
dbo,jobtaskspec,changedate,DATA_TYPE_CHANGED,DATA_TYPE_CHANGED|PRECISION_INCREASED|SCALE_INCREASED,datetime -> datetime2(7),datetime,NULL,8.0,23.0,3.0,1.0,datetime2(7),NULL,8.0,27.0,7.0,1.0
dbo,jobtaskspec,datevalue,DATA_TYPE_CHANGED,DATA_TYPE_CHANGED|PRECISION_INCREASED|SCALE_INCREASED,datetime -> datetime2(7),datetime,NULL,8.0,23.0,3.0,1.0,datetime2(7),NULL,8.0,27.0,7.0,1.0
dbo,jobtaskspec,changeby,LENGTH_INCREASED,LENGTH_INCREASED,varchar(30) -> varchar(100),varchar(30),30.0,30.0,0.0,0.0,1.0,varchar(100),100.0,100.0,0.0,0.0,1.0
dbo,jobtaskspec,classstructureid,LENGTH_INCREASED,LENGTH_INCREASED,varchar(20) -> varchar(25),varchar(20),20.0,20.0,0.0,0.0,1.0,varchar(25),25.0,25.0,0.0,0.0,1.0
dbo,jsonmapdetail,relation,LENGTH_INCREASED,LENGTH_INCREASED,varchar(50) -> varchar(100),varchar(50),50.0,50.0,0.0,0.0,1.0,varchar(100),100.0,100.0,0.0,0.0,1.0
dbo,jsonmapping,jsondata,DATA_TYPE_CHANGED,DATA_TYPE_CHANGED,text -> varchar(max),text,NULL,16.0,0.0,0.0,0.0,varchar(max),NULL,-1.0,0.0,0.0,0.0
dbo,kpihistory,recordedon,DATA_TYPE_CHANGED,DATA_TYPE_CHANGED|PRECISION_INCREASED|SCALE_INCREASED,datetime -> datetime2(7),datetime,NULL,8.0,23.0,3.0,1.0,datetime2(7),NULL,8.0,27.0,7.0,1.0
dbo,kpimain,endpointname,COLUMN_ADDED,COLUMN_ADDED,new varchar(20),,,,,,,varchar(20),20.0,20.0,0.0,0.0,1.0
dbo,kpimain,expression,COLUMN_ADDED,COLUMN_ADDED,new varchar(200),,,,,,,varchar(200),200.0,200.0,0.0,0.0,1.0
dbo,kpimain,clause,DATA_TYPE_CHANGED,DATA_TYPE_CHANGED,text -> varchar(max),text,NULL,16.0,0.0,0.0,1.0,varchar(max),NULL,-1.0,0.0,0.0,1.0
dbo,kpimain,kpidate,DATA_TYPE_CHANGED,DATA_TYPE_CHANGED|PRECISION_INCREASED|SCALE_INCREASED,datetime -> datetime2(7),datetime,NULL,8.0,23.0,3.0,0.0,datetime2(7),NULL,8.0,27.0,7.0,0.0
dbo,kpimain,lastupdated,DATA_TYPE_CHANGED,DATA_TYPE_CHANGED|PRECISION_INCREASED|SCALE_INCREASED,datetime -> datetime2(7),datetime,NULL,8.0,23.0,3.0,1.0,datetime2(7),NULL,8.0,27.0,7.0,1.0
dbo,kpimain,selectstmt,DATA_TYPE_CHANGED,DATA_TYPE_CHANGED|NOW_NULLABLE,text -> varchar(max),text,NULL,16.0,0.0,0.0,0.0,varchar(max),NULL,-1.0,0.0,0.0,1.0
dbo,kpimain,owner,LENGTH_INCREASED,LENGTH_INCREASED,varchar(30) -> varchar(100),varchar(30),30.0,30.0,0.0,0.0,1.0,varchar(100),100.0,100.0,0.0,0.0,1.0
dbo,kpioee,oeedate,DATA_TYPE_CHANGED,DATA_TYPE_CHANGED|PRECISION_INCREASED|SCALE_INCREASED,datetime -> datetime2(7),datetime,NULL,8.0,23.0,3.0,0.0,datetime2(7),NULL,8.0,27.0,7.0,0.0
dbo,kpischedule,instancename,LENGTH_INCREASED,LENGTH_INCREASED,varchar(30) -> varchar(50),varchar(30),30.0,30.0,0.0,0.0,0.0,varchar(50),50.0,50.0,0.0,0.0,0.0
dbo,kpitemplate,createddate,DATA_TYPE_CHANGED,DATA_TYPE_CHANGED|PRECISION_INCREASED|SCALE_INCREASED,datetime -> datetime2(7),datetime,NULL,8.0,23.0,3.0,1.0,datetime2(7),NULL,8.0,27.0,7.0,1.0
dbo,kpitemplate,query,DATA_TYPE_CHANGED,DATA_TYPE_CHANGED,text -> varchar(max),text,NULL,16.0,0.0,0.0,0.0,varchar(max),NULL,-1.0,0.0,0.0,0.0
dbo,kpitemplate,reviseddate,DATA_TYPE_CHANGED,DATA_TYPE_CHANGED|PRECISION_INCREASED|SCALE_INCREASED,datetime -> datetime2(7),datetime,NULL,8.0,23.0,3.0,1.0,datetime2(7),NULL,8.0,27.0,7.0,1.0
dbo,kpitemplate,owner,LENGTH_INCREASED,LENGTH_INCREASED,varchar(30) -> varchar(100),varchar(30),30.0,30.0,0.0,0.0,1.0,varchar(100),100.0,100.0,0.0,0.0,1.0
dbo,kpitemplate,revisedby,LENGTH_INCREASED,LENGTH_INCREASED,varchar(30) -> varchar(100),varchar(30),30.0,30.0,0.0,0.0,1.0,varchar(100),100.0,100.0,0.0,0.0,1.0
dbo,kpitrendcfg,custenddate,DATA_TYPE_CHANGED,DATA_TYPE_CHANGED|PRECISION_INCREASED|SCALE_INCREASED,datetime -> datetime2(7),datetime,NULL,8.0,23.0,3.0,1.0,datetime2(7),NULL,8.0,27.0,7.0,1.0
dbo,kpitrendcfg,custstartdate,DATA_TYPE_CHANGED,DATA_TYPE_CHANGED|PRECISION_INCREASED|SCALE_INCREASED,datetime -> datetime2(7),datetime,NULL,8.0,23.0,3.0,1.0,datetime2(7),NULL,8.0,27.0,7.0,1.0
dbo,l_commtemplate,message,DATA_TYPE_CHANGED,DATA_TYPE_CHANGED,text -> varchar(max),text,NULL,16.0,0.0,0.0,1.0,varchar(max),NULL,-1.0,0.0,0.0,1.0
dbo,labor,savelbsdatahistory,COLUMN_ADDED,COLUMN_ADDED,new smallint,,,,,,,smallint,NULL,2.0,5.0,0.0,1.0
dbo,labor,personid,LENGTH_INCREASED,LENGTH_INCREASED,varchar(30) -> varchar(100),varchar(30),30.0,30.0,0.0,0.0,0.0,varchar(100),100.0,100.0,0.0,0.0,0.0
dbo,laborcerthist,changedate,DATA_TYPE_CHANGED,DATA_TYPE_CHANGED|PRECISION_INCREASED|SCALE_INCREASED,datetime -> datetime2(7),datetime,NULL,8.0,23.0,3.0,0.0,datetime2(7),NULL,8.0,27.0,7.0,0.0
dbo,laborcerthist,effdate,DATA_TYPE_CHANGED,DATA_TYPE_CHANGED|PRECISION_INCREASED|SCALE_INCREASED,datetime -> datetime2(7),datetime,NULL,8.0,23.0,3.0,1.0,datetime2(7),NULL,8.0,27.0,7.0,1.0
dbo,laborcerthist,enddate,DATA_TYPE_CHANGED,DATA_TYPE_CHANGED|PRECISION_INCREASED|SCALE_INCREASED,datetime -> datetime2(7),datetime,NULL,8.0,23.0,3.0,1.0,datetime2(7),NULL,8.0,27.0,7.0,1.0
dbo,laborcerthist,validationdate,DATA_TYPE_CHANGED,DATA_TYPE_CHANGED|PRECISION_INCREASED|SCALE_INCREASED,datetime -> datetime2(7),datetime,NULL,8.0,23.0,3.0,1.0,datetime2(7),NULL,8.0,27.0,7.0,1.0
dbo,laborcerthist,changedby,LENGTH_INCREASED,LENGTH_INCREASED,varchar(30) -> varchar(100),varchar(30),30.0,30.0,0.0,0.0,0.0,varchar(100),100.0,100.0,0.0,0.0,0.0
dbo,laborqual,effdate,DATA_TYPE_CHANGED,DATA_TYPE_CHANGED|PRECISION_INCREASED|SCALE_INCREASED,datetime -> datetime2(7),datetime,NULL,8.0,23.0,3.0,1.0,datetime2(7),NULL,8.0,27.0,7.0,1.0
dbo,laborqual,enddate,DATA_TYPE_CHANGED,DATA_TYPE_CHANGED|PRECISION_INCREASED|SCALE_INCREASED,datetime -> datetime2(7),datetime,NULL,8.0,23.0,3.0,1.0,datetime2(7),NULL,8.0,27.0,7.0,1.0
dbo,laborqual,lastreporteduse,DATA_TYPE_CHANGED,DATA_TYPE_CHANGED|PRECISION_INCREASED|SCALE_INCREASED,datetime -> datetime2(7),datetime,NULL,8.0,23.0,3.0,1.0,datetime2(7),NULL,8.0,27.0,7.0,1.0
dbo,laborqual,statusdate,DATA_TYPE_CHANGED,DATA_TYPE_CHANGED|PRECISION_INCREASED|SCALE_INCREASED,datetime -> datetime2(7),datetime,NULL,8.0,23.0,3.0,1.0,datetime2(7),NULL,8.0,27.0,7.0,1.0
dbo,laborqual,validationdate,DATA_TYPE_CHANGED,DATA_TYPE_CHANGED|PRECISION_INCREASED|SCALE_INCREASED,datetime -> datetime2(7),datetime,NULL,8.0,23.0,3.0,1.0,datetime2(7),NULL,8.0,27.0,7.0,1.0
dbo,laborqualstatus,changedate,DATA_TYPE_CHANGED,DATA_TYPE_CHANGED|PRECISION_INCREASED|SCALE_INCREASED,datetime -> datetime2(7),datetime,NULL,8.0,23.0,3.0,0.0,datetime2(7),NULL,8.0,27.0,7.0,0.0
dbo,laborqualstatus,statusdate,DATA_TYPE_CHANGED,DATA_TYPE_CHANGED|PRECISION_INCREASED|SCALE_INCREASED,datetime -> datetime2(7),datetime,NULL,8.0,23.0,3.0,0.0,datetime2(7),NULL,8.0,27.0,7.0,0.0
dbo,laborqualstatus,changedby,LENGTH_INCREASED,LENGTH_INCREASED,varchar(30) -> varchar(100),varchar(30),30.0,30.0,0.0,0.0,1.0,varchar(100),100.0,100.0,0.0,0.0,1.0
dbo,laborstatus,changedate,DATA_TYPE_CHANGED,DATA_TYPE_CHANGED|PRECISION_INCREASED|SCALE_INCREASED,datetime -> datetime2(7),datetime,NULL,8.0,23.0,3.0,1.0,datetime2(7),NULL,8.0,27.0,7.0,1.0
dbo,laborstatus,changeby,LENGTH_INCREASED,LENGTH_INCREASED,varchar(30) -> varchar(100),varchar(30),30.0,30.0,0.0,0.0,1.0,varchar(100),100.0,100.0,0.0,0.0,1.0
dbo,labtrans,qualmet,COLUMN_ADDED,COLUMN_ADDED,new varchar(12),,,,,,,varchar(12),12.0,12.0,0.0,0.0,1.0
dbo,labtrans,enterdate,DATA_TYPE_CHANGED,DATA_TYPE_CHANGED|PRECISION_INCREASED|SCALE_INCREASED,datetime -> datetime2(7),datetime,NULL,8.0,23.0,3.0,0.0,datetime2(7),NULL,8.0,27.0,7.0,0.0
dbo,labtrans,finishdate,DATA_TYPE_CHANGED,DATA_TYPE_CHANGED|PRECISION_INCREASED|SCALE_INCREASED,datetime -> datetime2(7),datetime,NULL,8.0,23.0,3.0,1.0,datetime2(7),NULL,8.0,27.0,7.0,1.0
dbo,labtrans,finishdatetime,DATA_TYPE_CHANGED,DATA_TYPE_CHANGED|PRECISION_INCREASED|SCALE_INCREASED,datetime -> datetime2(7),datetime,NULL,8.0,23.0,3.0,1.0,datetime2(7),NULL,8.0,27.0,7.0,1.0
dbo,labtrans,finishtime,DATA_TYPE_CHANGED,DATA_TYPE_CHANGED|PRECISION_INCREASED|SCALE_INCREASED,datetime -> datetime2(7),datetime,NULL,8.0,23.0,3.0,1.0,datetime2(7),NULL,8.0,27.0,7.0,1.0
dbo,labtrans,paymenttransdate,DATA_TYPE_CHANGED,DATA_TYPE_CHANGED|PRECISION_INCREASED|SCALE_INCREASED,datetime -> datetime2(7),datetime,NULL,8.0,23.0,3.0,1.0,datetime2(7),NULL,8.0,27.0,7.0,1.0
dbo,labtrans,pluspcustcurdate,DATA_TYPE_CHANGED,DATA_TYPE_CHANGED|PRECISION_INCREASED|SCALE_INCREASED,datetime -> datetime2(7),datetime,NULL,8.0,23.0,3.0,1.0,datetime2(7),NULL,8.0,27.0,7.0,1.0
dbo,labtrans,startdate,DATA_TYPE_CHANGED,DATA_TYPE_CHANGED|PRECISION_INCREASED|SCALE_INCREASED,datetime -> datetime2(7),datetime,NULL,8.0,23.0,3.0,0.0,datetime2(7),NULL,8.0,27.0,7.0,0.0
dbo,labtrans,startdatetime,DATA_TYPE_CHANGED,DATA_TYPE_CHANGED|PRECISION_INCREASED|SCALE_INCREASED,datetime -> datetime2(7),datetime,NULL,8.0,23.0,3.0,1.0,datetime2(7),NULL,8.0,27.0,7.0,1.0
dbo,labtrans,starttime,DATA_TYPE_CHANGED,DATA_TYPE_CHANGED|PRECISION_INCREASED|SCALE_INCREASED,datetime -> datetime2(7),datetime,NULL,8.0,23.0,3.0,1.0,datetime2(7),NULL,8.0,27.0,7.0,1.0
dbo,labtrans,transdate,DATA_TYPE_CHANGED,DATA_TYPE_CHANGED|PRECISION_INCREASED|SCALE_INCREASED,datetime -> datetime2(7),datetime,NULL,8.0,23.0,3.0,0.0,datetime2(7),NULL,8.0,27.0,7.0,0.0
dbo,labtrans,enterby,LENGTH_INCREASED,LENGTH_INCREASED,varchar(30) -> varchar(100),varchar(30),30.0,30.0,0.0,0.0,0.0,varchar(100),100.0,100.0,0.0,0.0,0.0
dbo,labtrans,refwo,LENGTH_INCREASED,LENGTH_INCREASED,varchar(10) -> varchar(25),varchar(10),10.0,10.0,0.0,0.0,1.0,varchar(25),25.0,25.0,0.0,0.0,1.0
dbo,layout,queryowner,LENGTH_INCREASED,LENGTH_INCREASED,varchar(30) -> varchar(100),varchar(30),30.0,30.0,0.0,0.0,1.0,varchar(100),100.0,100.0,0.0,0.0,1.0
dbo,lbslocation,lastupdate,DATA_TYPE_CHANGED,DATA_TYPE_CHANGED|PRECISION_INCREASED|SCALE_INCREASED,datetime -> datetime2(7),datetime,NULL,8.0,23.0,3.0,1.0,datetime2(7),NULL,8.0,27.0,7.0,1.0
dbo,lbslocation,wonum,LENGTH_INCREASED,LENGTH_INCREASED,varchar(10) -> varchar(25),varchar(10),10.0,10.0,0.0,0.0,1.0,varchar(25),25.0,25.0,0.0,0.0,1.0
dbo,ldapsyncparams,taskinstance,LENGTH_INCREASED,LENGTH_INCREASED,varchar(30) -> varchar(50),varchar(30),30.0,30.0,0.0,0.0,1.0,varchar(50),50.0,50.0,0.0,0.0,1.0
dbo,ldapsyncparams,taskname,LENGTH_INCREASED,LENGTH_INCREASED,varchar(30) -> varchar(50),varchar(30),30.0,30.0,0.0,0.0,1.0,varchar(50),50.0,50.0,0.0,0.0,1.0
dbo,linearattributedefault,idlabel,DATA_TYPE_CHANGED,DATA_TYPE_CHANGED,text -> varchar(max),text,NULL,16.0,0.0,0.0,1.0,varchar(max),NULL,-1.0,0.0,0.0,1.0
dbo,linearattributedefault,infoattributestemplate,DATA_TYPE_CHANGED,DATA_TYPE_CHANGED,text -> varchar(max),text,NULL,16.0,0.0,0.0,1.0,varchar(max),NULL,-1.0,0.0,0.0,1.0
dbo,linearlayer,idlabel,DATA_TYPE_CHANGED,DATA_TYPE_CHANGED,text -> varchar(max),text,NULL,16.0,0.0,0.0,1.0,varchar(max),NULL,-1.0,0.0,0.0,1.0
dbo,linearlayer,infoattributestemplate,DATA_TYPE_CHANGED,DATA_TYPE_CHANGED,text -> varchar(max),text,NULL,16.0,0.0,0.0,1.0,varchar(max),NULL,-1.0,0.0,0.0,1.0
dbo,lmo,changedate,DATA_TYPE_CHANGED,DATA_TYPE_CHANGED|PRECISION_INCREASED|SCALE_INCREASED,datetime -> datetime2(7),datetime,NULL,8.0,23.0,3.0,0.0,datetime2(7),NULL,8.0,27.0,7.0,0.0
dbo,lmo,changeby,LENGTH_INCREASED,LENGTH_INCREASED,varchar(30) -> varchar(100),varchar(30),30.0,30.0,0.0,0.0,0.0,varchar(100),100.0,100.0,0.0,0.0,0.0
dbo,lmoatt,changedate,DATA_TYPE_CHANGED,DATA_TYPE_CHANGED|PRECISION_INCREASED|SCALE_INCREASED,datetime -> datetime2(7),datetime,NULL,8.0,23.0,3.0,0.0,datetime2(7),NULL,8.0,27.0,7.0,0.0
dbo,lmoatt,changeby,LENGTH_INCREASED,LENGTH_INCREASED,varchar(30) -> varchar(100),varchar(30),30.0,30.0,0.0,0.0,0.0,varchar(100),100.0,100.0,0.0,0.0,0.0
dbo,lmoimrln,changedate,DATA_TYPE_CHANGED,DATA_TYPE_CHANGED|PRECISION_INCREASED|SCALE_INCREASED,datetime -> datetime2(7),datetime,NULL,8.0,23.0,3.0,0.0,datetime2(7),NULL,8.0,27.0,7.0,0.0
dbo,lmoimrln,changeby,LENGTH_INCREASED,LENGTH_INCREASED,varchar(30) -> varchar(100),varchar(30),30.0,30.0,0.0,0.0,0.0,varchar(100),100.0,100.0,0.0,0.0,0.0
dbo,locationmeter,description,COLUMN_ADDED,COLUMN_ADDED,new varchar(200),,,,,,,varchar(200),200.0,200.0,0.0,0.0,1.0
dbo,locationmeter,changedate,DATA_TYPE_CHANGED,DATA_TYPE_CHANGED|PRECISION_INCREASED|SCALE_INCREASED,datetime -> datetime2(7),datetime,NULL,8.0,23.0,3.0,0.0,datetime2(7),NULL,8.0,27.0,7.0,0.0
dbo,locationmeter,lastreadingdate,DATA_TYPE_CHANGED,DATA_TYPE_CHANGED|PRECISION_INCREASED|SCALE_INCREASED,datetime -> datetime2(7),datetime,NULL,8.0,23.0,3.0,1.0,datetime2(7),NULL,8.0,27.0,7.0,1.0
dbo,locationmeter,changeby,LENGTH_INCREASED,LENGTH_INCREASED,varchar(30) -> varchar(100),varchar(30),30.0,30.0,0.0,0.0,0.0,varchar(100),100.0,100.0,0.0,0.0,0.0
dbo,locationmeter,lastreadinginspctr,LENGTH_INCREASED,LENGTH_INCREASED,varchar(30) -> varchar(100),varchar(30),30.0,30.0,0.0,0.0,1.0,varchar(100),100.0,100.0,0.0,0.0,1.0
dbo,locationmntskd,enddatetime,DATA_TYPE_CHANGED,DATA_TYPE_CHANGED|PRECISION_INCREASED|SCALE_INCREASED,datetime -> datetime2(7),datetime,NULL,8.0,23.0,3.0,1.0,datetime2(7),NULL,8.0,27.0,7.0,1.0
dbo,locationmntskd,enterdate,DATA_TYPE_CHANGED,DATA_TYPE_CHANGED|PRECISION_INCREASED|SCALE_INCREASED,datetime -> datetime2(7),datetime,NULL,8.0,23.0,3.0,0.0,datetime2(7),NULL,8.0,27.0,7.0,0.0
dbo,locationmntskd,startdatetime,DATA_TYPE_CHANGED,DATA_TYPE_CHANGED|PRECISION_INCREASED|SCALE_INCREASED,datetime -> datetime2(7),datetime,NULL,8.0,23.0,3.0,0.0,datetime2(7),NULL,8.0,27.0,7.0,0.0
dbo,locationmntskd,enterby,LENGTH_INCREASED,LENGTH_INCREASED,varchar(30) -> varchar(100),varchar(30),30.0,30.0,0.0,0.0,0.0,varchar(100),100.0,100.0,0.0,0.0,0.0
dbo,locationopskd,enddatetime,DATA_TYPE_CHANGED,DATA_TYPE_CHANGED|PRECISION_INCREASED|SCALE_INCREASED,datetime -> datetime2(7),datetime,NULL,8.0,23.0,3.0,1.0,datetime2(7),NULL,8.0,27.0,7.0,1.0
dbo,locationopskd,enterdate,DATA_TYPE_CHANGED,DATA_TYPE_CHANGED|PRECISION_INCREASED|SCALE_INCREASED,datetime -> datetime2(7),datetime,NULL,8.0,23.0,3.0,0.0,datetime2(7),NULL,8.0,27.0,7.0,0.0
dbo,locationopskd,startdatetime,DATA_TYPE_CHANGED,DATA_TYPE_CHANGED|PRECISION_INCREASED|SCALE_INCREASED,datetime -> datetime2(7),datetime,NULL,8.0,23.0,3.0,0.0,datetime2(7),NULL,8.0,27.0,7.0,0.0
dbo,locationopskd,enterby,LENGTH_INCREASED,LENGTH_INCREASED,varchar(30) -> varchar(100),varchar(30),30.0,30.0,0.0,0.0,0.0,varchar(100),100.0,100.0,0.0,0.0,0.0
dbo,locations,adjustedlifedate,COLUMN_ADDED,COLUMN_ADDED,new datetime2(7),,,,,,,datetime2(7),NULL,8.0,27.0,7.0,1.0
dbo,locations,ahcainspformnum,COLUMN_ADDED,COLUMN_ADDED,new varchar(12),,,,,,,varchar(12),12.0,12.0,0.0,0.0,1.0
dbo,locations,ahcainspstatus,COLUMN_ADDED,COLUMN_ADDED,new varchar(20),,,,,,,varchar(20),20.0,20.0,0.0,0.0,1.0
dbo,locations,ahcajpnum,COLUMN_ADDED,COLUMN_ADDED,new varchar(20),,,,,,,varchar(20),20.0,20.0,0.0,0.0,1.0
dbo,locations,ahcalastcompdate,COLUMN_ADDED,COLUMN_ADDED,new datetime2(7),,,,,,,datetime2(7),NULL,8.0,27.0,7.0,1.0
dbo,locations,ahcapmnextduedate,COLUMN_ADDED,COLUMN_ADDED,new datetime2(7),,,,,,,datetime2(7),NULL,8.0,27.0,7.0,1.0
dbo,locations,ahcapmnum,COLUMN_ADDED,COLUMN_ADDED,new varchar(25),,,,,,,varchar(25),25.0,25.0,0.0,0.0,1.0
dbo,locations,ahcaresultnum,COLUMN_ADDED,COLUMN_ADDED,new varchar(12),,,,,,,varchar(12),12.0,12.0,0.0,0.0,1.0
dbo,locations,ahcarevision,COLUMN_ADDED,COLUMN_ADDED,new int,,,,,,,int,NULL,4.0,10.0,0.0,1.0
dbo,locations,ahcawonum,COLUMN_ADDED,COLUMN_ADDED,new varchar(25),,,,,,,varchar(25),25.0,25.0,0.0,0.0,1.0
dbo,locations,ahcaworktype,COLUMN_ADDED,COLUMN_ADDED,new varchar(5),,,,,,,varchar(5),5.0,5.0,0.0,0.0,1.0
dbo,locations,ahcawostatus,COLUMN_ADDED,COLUMN_ADDED,new varchar(16),,,,,,,varchar(16),16.0,16.0,0.0,0.0,1.0
dbo,locations,inhibitalertgen,COLUMN_ADDED,COLUMN_ADDED,new smallint,,,,,,,smallint,NULL,2.0,5.0,0.0,0.0
dbo,locations,lastahscoredate,COLUMN_ADDED,COLUMN_ADDED,new datetime2(7),,,,,,,datetime2(7),NULL,8.0,27.0,7.0,1.0
dbo,locations,methodname,COLUMN_ADDED,COLUMN_ADDED,new varchar(250),,,,,,,varchar(250),250.0,250.0,0.0,0.0,1.0
dbo,locations,mrefid,COLUMN_ADDED,COLUMN_ADDED,new varchar(1000),,,,,,,varchar(1000),1000.0,1000.0,0.0,0.0,1.0
dbo,locations,mrefloctype,COLUMN_ADDED,COLUMN_ADDED,new varchar(50),,,,,,,varchar(50),50.0,50.0,0.0,0.0,1.0
dbo,locations,mrefrecordid,COLUMN_ADDED,COLUMN_ADDED,new varchar(50),,,,,,,varchar(50),50.0,50.0,0.0,0.0,1.0
dbo,locations,geometry,COLUMN_DROPPED,COLUMN_DROPPED,was image,image,NULL,16.0,0.0,0.0,1.0,,,,,,
dbo,locations,plussgeojson,COLUMN_DROPPED,COLUMN_DROPPED,was text,text,NULL,16.0,0.0,0.0,1.0,,,,,,
dbo,locations,changedate,DATA_TYPE_CHANGED,DATA_TYPE_CHANGED|PRECISION_INCREASED|SCALE_INCREASED,datetime -> datetime2(7),datetime,NULL,8.0,23.0,3.0,0.0,datetime2(7),NULL,8.0,27.0,7.0,0.0
dbo,locations,estendoflife,DATA_TYPE_CHANGED,DATA_TYPE_CHANGED|PRECISION_INCREASED|SCALE_INCREASED,datetime -> datetime2(7),datetime,NULL,8.0,23.0,3.0,1.0,datetime2(7),NULL,8.0,27.0,7.0,1.0
dbo,locations,expectedlifedate,DATA_TYPE_CHANGED,DATA_TYPE_CHANGED|PRECISION_INCREASED|SCALE_INCREASED,datetime -> datetime2(7),datetime,NULL,8.0,23.0,3.0,1.0,datetime2(7),NULL,8.0,27.0,7.0,1.0
dbo,locations,fhdecomdate,DATA_TYPE_CHANGED,DATA_TYPE_CHANGED|PRECISION_INCREASED|SCALE_INCREASED,datetime -> datetime2(7),datetime,NULL,8.0,23.0,3.0,1.0,datetime2(7),NULL,8.0,27.0,7.0,1.0
dbo,locations,health,DATA_TYPE_CHANGED,DATA_TYPE_CHANGED|PRECISION_INCREASED|SCALE_INCREASED,"int -> decimal(12,2)",int,NULL,4.0,10.0,0.0,1.0,"decimal(12,2)",NULL,9.0,12.0,2.0,1.0
dbo,locations,installdate,DATA_TYPE_CHANGED,DATA_TYPE_CHANGED|PRECISION_INCREASED|SCALE_INCREASED,datetime -> datetime2(7),datetime,NULL,8.0,23.0,3.0,1.0,datetime2(7),NULL,8.0,27.0,7.0,1.0
dbo,locations,pluscduedate,DATA_TYPE_CHANGED,DATA_TYPE_CHANGED|PRECISION_INCREASED|SCALE_INCREASED,datetime -> datetime2(7),datetime,NULL,8.0,23.0,3.0,1.0,datetime2(7),NULL,8.0,27.0,7.0,1.0
dbo,locations,statusdate,DATA_TYPE_CHANGED,DATA_TYPE_CHANGED|PRECISION_INCREASED|SCALE_INCREASED,datetime -> datetime2(7),datetime,NULL,8.0,23.0,3.0,0.0,datetime2(7),NULL,8.0,27.0,7.0,0.0
dbo,locations,billtolaborcode,LENGTH_INCREASED,LENGTH_INCREASED,varchar(30) -> varchar(100),varchar(30),30.0,30.0,0.0,0.0,1.0,varchar(100),100.0,100.0,0.0,0.0,1.0
dbo,locations,changeby,LENGTH_INCREASED,LENGTH_INCREASED,varchar(30) -> varchar(100),varchar(30),30.0,30.0,0.0,0.0,0.0,varchar(100),100.0,100.0,0.0,0.0,0.0
dbo,locations,classstructureid,LENGTH_INCREASED,LENGTH_INCREASED,varchar(20) -> varchar(25),varchar(20),20.0,20.0,0.0,0.0,1.0,varchar(25),25.0,25.0,0.0,0.0,1.0
dbo,locations,invowner,LENGTH_INCREASED,LENGTH_INCREASED,varchar(30) -> varchar(100),varchar(30),30.0,30.0,0.0,0.0,1.0,varchar(100),100.0,100.0,0.0,0.0,1.0
dbo,locations,saddresscode,LENGTH_INCREASED,LENGTH_INCREASED,varchar(12) -> varchar(25),varchar(12),12.0,12.0,0.0,0.0,1.0,varchar(25),25.0,25.0,0.0,0.0,1.0
dbo,locations,shiptolaborcode,LENGTH_INCREASED,LENGTH_INCREASED,varchar(30) -> varchar(100),varchar(30),30.0,30.0,0.0,0.0,1.0,varchar(100),100.0,100.0,0.0,0.0,1.0
dbo,locationspec,anywhererefid,COLUMN_ADDED,COLUMN_ADDED,new bigint,,,,,,,bigint,NULL,8.0,19.0,0.0,1.0
dbo,locationspec,changedate,DATA_TYPE_CHANGED,DATA_TYPE_CHANGED|PRECISION_INCREASED|SCALE_INCREASED,datetime -> datetime2(7),datetime,NULL,8.0,23.0,3.0,0.0,datetime2(7),NULL,8.0,27.0,7.0,0.0
dbo,locationspec,datevalue,DATA_TYPE_CHANGED,DATA_TYPE_CHANGED|PRECISION_INCREASED|SCALE_INCREASED,datetime -> datetime2(7),datetime,NULL,8.0,23.0,3.0,1.0,datetime2(7),NULL,8.0,27.0,7.0,1.0
dbo,locationspec,ls04,DATA_TYPE_CHANGED,DATA_TYPE_CHANGED|PRECISION_INCREASED|SCALE_INCREASED,datetime -> datetime2(7),datetime,NULL,8.0,23.0,3.0,1.0,datetime2(7),NULL,8.0,27.0,7.0,1.0
dbo,locationspec,changeby,LENGTH_INCREASED,LENGTH_INCREASED,varchar(30) -> varchar(100),varchar(30),30.0,30.0,0.0,0.0,0.0,varchar(100),100.0,100.0,0.0,0.0,0.0
dbo,locationspec,classstructureid,LENGTH_INCREASED,LENGTH_INCREASED,varchar(20) -> varchar(25),varchar(20),20.0,20.0,0.0,0.0,0.0,varchar(25),25.0,25.0,0.0,0.0,0.0
dbo,lockout,lck07,DATA_TYPE_CHANGED,DATA_TYPE_CHANGED|PRECISION_INCREASED|SCALE_INCREASED,datetime -> datetime2(7),datetime,NULL,8.0,23.0,3.0,1.0,datetime2(7),NULL,8.0,27.0,7.0,1.0
dbo,locmeterreading,enterdate,DATA_TYPE_CHANGED,DATA_TYPE_CHANGED|PRECISION_INCREASED|SCALE_INCREASED,datetime -> datetime2(7),datetime,NULL,8.0,23.0,3.0,0.0,datetime2(7),NULL,8.0,27.0,7.0,0.0
dbo,locmeterreading,readingdate,DATA_TYPE_CHANGED,DATA_TYPE_CHANGED|PRECISION_INCREASED|SCALE_INCREASED,datetime -> datetime2(7),datetime,NULL,8.0,23.0,3.0,0.0,datetime2(7),NULL,8.0,27.0,7.0,0.0
dbo,locmeterreading,enterby,LENGTH_INCREASED,LENGTH_INCREASED,varchar(30) -> varchar(100),varchar(30),30.0,30.0,0.0,0.0,0.0,varchar(100),100.0,100.0,0.0,0.0,0.0
dbo,locmeterreading,inspector,LENGTH_INCREASED,LENGTH_INCREASED,varchar(30) -> varchar(100),varchar(30),30.0,30.0,0.0,0.0,0.0,varchar(100),100.0,100.0,0.0,0.0,0.0
dbo,locoper,flo7,DATA_TYPE_CHANGED,DATA_TYPE_CHANGED|PRECISION_INCREASED|SCALE_INCREASED,datetime -> datetime2(7),datetime,NULL,8.0,23.0,3.0,1.0,datetime2(7),NULL,8.0,27.0,7.0,1.0
dbo,locoper,warrantyexpdate,DATA_TYPE_CHANGED,DATA_TYPE_CHANGED|PRECISION_INCREASED|SCALE_INCREASED,datetime -> datetime2(7),datetime,NULL,8.0,23.0,3.0,1.0,datetime2(7),NULL,8.0,27.0,7.0,1.0
dbo,locstatus,changedate,DATA_TYPE_CHANGED,DATA_TYPE_CHANGED|PRECISION_INCREASED|SCALE_INCREASED,datetime -> datetime2(7),datetime,NULL,8.0,23.0,3.0,0.0,datetime2(7),NULL,8.0,27.0,7.0,0.0
dbo,locstatus,changeby,LENGTH_INCREASED,LENGTH_INCREASED,varchar(30) -> varchar(100),varchar(30),30.0,30.0,0.0,0.0,0.0,varchar(100),100.0,100.0,0.0,0.0,0.0
dbo,locsystem,mrefsync,COLUMN_ADDED,COLUMN_ADDED,new smallint,,,,,,,smallint,NULL,2.0,5.0,0.0,0.0
dbo,locsystem,mrefsystemtype,COLUMN_ADDED,COLUMN_ADDED,new varchar(15),,,,,,,varchar(15),15.0,15.0,0.0,0.0,1.0
dbo,locsystem,usage,COLUMN_ADDED,COLUMN_ADDED,new varchar(30),,,,,,,varchar(30),30.0,30.0,0.0,0.0,1.0
dbo,locsystem,classstructureid,LENGTH_INCREASED,LENGTH_INCREASED,varchar(20) -> varchar(25),varchar(20),20.0,20.0,0.0,0.0,1.0,varchar(25),25.0,25.0,0.0,0.0,1.0
dbo,loginblock,blockdate,DATA_TYPE_CHANGED,DATA_TYPE_CHANGED|PRECISION_INCREASED|SCALE_INCREASED,datetime -> datetime2(7),datetime,NULL,8.0,23.0,3.0,0.0,datetime2(7),NULL,8.0,27.0,7.0,0.0
dbo,loginblock,blockby,LENGTH_INCREASED,LENGTH_INCREASED,varchar(30) -> varchar(100),varchar(30),30.0,30.0,0.0,0.0,0.0,varchar(100),100.0,100.0,0.0,0.0,0.0
dbo,logintracking,clientid,COLUMN_ADDED,COLUMN_ADDED,new varchar(100),,,,,,,varchar(100),100.0,100.0,0.0,0.0,1.0
dbo,logintracking,attemptdate,DATA_TYPE_CHANGED,DATA_TYPE_CHANGED|PRECISION_INCREASED|SCALE_INCREASED,datetime -> datetime2(7),datetime,NULL,8.0,23.0,3.0,0.0,datetime2(7),NULL,8.0,27.0,7.0,0.0
dbo,logintracking,adminuserid,LENGTH_INCREASED,LENGTH_INCREASED,varchar(30) -> varchar(100),varchar(30),30.0,30.0,0.0,0.0,1.0,varchar(100),100.0,100.0,0.0,0.0,1.0
dbo,logintracking,loginid,LENGTH_INCREASED,LENGTH_INCREASED,varchar(50) -> varchar(100),varchar(50),50.0,50.0,0.0,0.0,1.0,varchar(100),100.0,100.0,0.0,0.0,1.0
dbo,logintracking,name,LENGTH_INCREASED,LENGTH_INCREASED,varchar(62) -> varchar(82),varchar(62),62.0,62.0,0.0,0.0,1.0,varchar(82),82.0,82.0,0.0,0.0,1.0
dbo,logintracking,userid,LENGTH_INCREASED,LENGTH_INCREASED,varchar(30) -> varchar(100),varchar(30),30.0,30.0,0.0,0.0,1.0,varchar(100),100.0,100.0,0.0,0.0,1.0
dbo,logrequest,requestts,DATA_TYPE_CHANGED,DATA_TYPE_CHANGED|PRECISION_INCREASED|SCALE_INCREASED,datetime -> datetime2(7),datetime,NULL,8.0,23.0,3.0,0.0,datetime2(7),NULL,8.0,27.0,7.0,0.0
dbo,longdescription,ldtext,DATA_TYPE_CHANGED,DATA_TYPE_CHANGED,text -> varchar(max),text,NULL,16.0,0.0,0.0,1.0,varchar(max),NULL,-1.0,0.0,0.0,1.0
dbo,ltpatoken,logouttime,DATA_TYPE_CHANGED,DATA_TYPE_CHANGED|PRECISION_INCREASED|SCALE_INCREASED,datetime -> datetime2(7),datetime,NULL,8.0,23.0,3.0,1.0,datetime2(7),NULL,8.0,27.0,7.0,1.0
dbo,lvcmsginfo,infoattributestemplate,DATA_TYPE_CHANGED,DATA_TYPE_CHANGED,text -> varchar(max),text,NULL,16.0,0.0,0.0,1.0,varchar(max),NULL,-1.0,0.0,0.0,1.0
dbo,lvcmsginfo,label,DATA_TYPE_CHANGED,DATA_TYPE_CHANGED,text -> varchar(max),text,NULL,16.0,0.0,0.0,1.0,varchar(max),NULL,-1.0,0.0,0.0,1.0
dbo,lvcmsginfo,relationship,LENGTH_INCREASED,LENGTH_INCREASED,varchar(50) -> varchar(100),varchar(50),50.0,50.0,0.0,0.0,0.0,varchar(100),100.0,100.0,0.0,0.0,0.0
dbo,lvcmsginfodflt,infoattributestemplate,DATA_TYPE_CHANGED,DATA_TYPE_CHANGED,text -> varchar(max),text,NULL,16.0,0.0,0.0,1.0,varchar(max),NULL,-1.0,0.0,0.0,1.0
dbo,lvcmsginfodflt,label,DATA_TYPE_CHANGED,DATA_TYPE_CHANGED,text -> varchar(max),text,NULL,16.0,0.0,0.0,1.0,varchar(max),NULL,-1.0,0.0,0.0,1.0
dbo,lvcmsginfodflt,relationship,LENGTH_INCREASED,LENGTH_INCREASED,varchar(50) -> varchar(100),varchar(50),50.0,50.0,0.0,0.0,0.0,varchar(100),100.0,100.0,0.0,0.0,0.0
dbo,lvcsymbology,lvcsymbologyconfig,DATA_TYPE_CHANGED,DATA_TYPE_CHANGED,text -> varchar(max),text,NULL,16.0,0.0,0.0,1.0,varchar(max),NULL,-1.0,0.0,0.0,1.0
dbo,lvcsymbology,lvcsymbologyconfiginfo,DATA_TYPE_CHANGED,DATA_TYPE_CHANGED,text -> varchar(max),text,NULL,16.0,0.0,0.0,1.0,varchar(max),NULL,-1.0,0.0,0.0,1.0
dbo,lvcsymbology,lvcsymbologyconfigschema,DATA_TYPE_CHANGED,DATA_TYPE_CHANGED,text -> varchar(max),text,NULL,16.0,0.0,0.0,1.0,varchar(max),NULL,-1.0,0.0,0.0,1.0
dbo,lvcsymbologydflt,configtemplate,DATA_TYPE_CHANGED,DATA_TYPE_CHANGED,text -> varchar(max),text,NULL,16.0,0.0,0.0,1.0,varchar(max),NULL,-1.0,0.0,0.0,1.0
dbo,lvcsymbologydflt,configtemplateinfo,DATA_TYPE_CHANGED,DATA_TYPE_CHANGED,text -> varchar(max),text,NULL,16.0,0.0,0.0,1.0,varchar(max),NULL,-1.0,0.0,0.0,1.0
dbo,lvcsymbologydflt,configtemplateschema,DATA_TYPE_CHANGED,DATA_TYPE_CHANGED,text -> varchar(max),text,NULL,16.0,0.0,0.0,1.0,varchar(max),NULL,-1.0,0.0,0.0,1.0
dbo,mafappdata,app,DATA_TYPE_CHANGED,DATA_TYPE_CHANGED,image -> varbinary(max),image,NULL,16.0,0.0,0.0,0.0,varbinary(max),NULL,-1.0,0.0,0.0,0.0
dbo,mafappdata,buildtimestamp,DATA_TYPE_CHANGED,DATA_TYPE_CHANGED|PRECISION_INCREASED|SCALE_INCREASED,datetime -> datetime2(7),datetime,NULL,8.0,23.0,3.0,0.0,datetime2(7),NULL,8.0,27.0,7.0,0.0
dbo,mafappdata,deploydatetime,DATA_TYPE_CHANGED,DATA_TYPE_CHANGED|PRECISION_INCREASED|SCALE_INCREASED,datetime -> datetime2(7),datetime,NULL,8.0,23.0,3.0,0.0,datetime2(7),NULL,8.0,27.0,7.0,0.0
dbo,mafappdata,checksum,LENGTH_INCREASED,LENGTH_INCREASED,varchar(40) -> varchar(64),varchar(40),40.0,40.0,0.0,0.0,1.0,varchar(64),64.0,64.0,0.0,0.0,1.0
dbo,mafappdata,mafappdataid,NOW_NOT_NULL,NOW_NOT_NULL,bigint -> bigint,bigint,NULL,8.0,19.0,0.0,1.0,bigint,NULL,8.0,19.0,0.0,0.0
dbo,mapmanager,plusswebsceneenabled,COLUMN_ADDED,COLUMN_ADDED,new smallint,,,,,,,smallint,NULL,2.0,5.0,0.0,0.0
dbo,mapmanager,plusswebsceneid,COLUMN_ADDED,COLUMN_ADDED,new varchar(256),,,,,,,varchar(256),256.0,256.0,0.0,0.0,1.0
dbo,mapmanager,routejobtokenpswd,COLUMN_ADDED,COLUMN_ADDED,new varbinary(2000),,,,,,,varbinary(2000),2000.0,2000.0,0.0,0.0,1.0
dbo,mapmanager,routejobtokenusername,COLUMN_ADDED,COLUMN_ADDED,new varchar(1000),,,,,,,varchar(1000),1000.0,1000.0,0.0,0.0,1.0
dbo,mapmanager,routetokenpswd,COLUMN_ADDED,COLUMN_ADDED,new varbinary(2000),,,,,,,varbinary(2000),2000.0,2000.0,0.0,0.0,1.0
dbo,mapmanager,routetokenusername,COLUMN_ADDED,COLUMN_ADDED,new varchar(1000),,,,,,,varchar(1000),1000.0,1000.0,0.0,0.0,1.0
dbo,mapmanager,spatialjobmatrix,COLUMN_ADDED,COLUMN_ADDED,new varchar(1000),,,,,,,varchar(1000),1000.0,1000.0,0.0,0.0,1.0
dbo,mapmanager,mapconfiguration,DATA_TYPE_CHANGED,DATA_TYPE_CHANGED,image -> varbinary(max),image,NULL,16.0,0.0,0.0,1.0,varbinary(max),NULL,-1.0,0.0,0.0,1.0
dbo,mapmanager,mapsymbologyconfig,DATA_TYPE_CHANGED,DATA_TYPE_CHANGED,text -> varchar(max),text,NULL,16.0,0.0,0.0,1.0,varchar(max),NULL,-1.0,0.0,0.0,1.0
dbo,mapmanager,mapsymbologyconfiginfo,DATA_TYPE_CHANGED,DATA_TYPE_CHANGED,text -> varchar(max),text,NULL,16.0,0.0,0.0,1.0,varchar(max),NULL,-1.0,0.0,0.0,1.0
dbo,mapmanager,mapsymbologyconfigschema,DATA_TYPE_CHANGED,DATA_TYPE_CHANGED,text -> varchar(max),text,NULL,16.0,0.0,0.0,1.0,varchar(max),NULL,-1.0,0.0,0.0,1.0
dbo,mapmanager,spatialdistancematrix,NOW_NULLABLE,NOW_NULLABLE,varchar(1000) -> varchar(1000),varchar(1000),1000.0,1000.0,0.0,0.0,0.0,varchar(1000),1000.0,1000.0,0.0,0.0,1.0
dbo,mapsketch,datecreated,DATA_TYPE_CHANGED,DATA_TYPE_CHANGED|PRECISION_INCREASED|SCALE_INCREASED,datetime -> datetime2(7),datetime,NULL,8.0,23.0,3.0,1.0,datetime2(7),NULL,8.0,27.0,7.0,1.0
dbo,mapsketch,sketchextent,DATA_TYPE_CHANGED,DATA_TYPE_CHANGED,text -> varchar(max),text,NULL,16.0,0.0,0.0,1.0,varchar(max),NULL,-1.0,0.0,0.0,1.0
dbo,mapsketch,sketchlist,DATA_TYPE_CHANGED,DATA_TYPE_CHANGED,text -> varchar(max),text,NULL,16.0,0.0,0.0,1.0,varchar(max),NULL,-1.0,0.0,0.0,1.0
dbo,mapsymbologydefault,configtemplate,DATA_TYPE_CHANGED,DATA_TYPE_CHANGED,text -> varchar(max),text,NULL,16.0,0.0,0.0,1.0,varchar(max),NULL,-1.0,0.0,0.0,1.0
dbo,mapsymbologydefault,configtemplateinfo,DATA_TYPE_CHANGED,DATA_TYPE_CHANGED,text -> varchar(max),text,NULL,16.0,0.0,0.0,1.0,varchar(max),NULL,-1.0,0.0,0.0,1.0
dbo,mapsymbologydefault,configtemplateschema,DATA_TYPE_CHANGED,DATA_TYPE_CHANGED,text -> varchar(max),text,NULL,16.0,0.0,0.0,1.0,varchar(max),NULL,-1.0,0.0,0.0,1.0
dbo,maptip,maptipsummarytemplate,DATA_TYPE_CHANGED,DATA_TYPE_CHANGED,text -> varchar(max),text,NULL,16.0,0.0,0.0,1.0,varchar(max),NULL,-1.0,0.0,0.0,1.0
dbo,maptip,maptiptemplate,DATA_TYPE_CHANGED,DATA_TYPE_CHANGED,text -> varchar(max),text,NULL,16.0,0.0,0.0,1.0,varchar(max),NULL,-1.0,0.0,0.0,1.0
dbo,maptip,mouseovertemplate,DATA_TYPE_CHANGED,DATA_TYPE_CHANGED,text -> varchar(max),text,NULL,16.0,0.0,0.0,1.0,varchar(max),NULL,-1.0,0.0,0.0,1.0
dbo,maptipdefaults,maptipsummarytemplate,DATA_TYPE_CHANGED,DATA_TYPE_CHANGED,text -> varchar(max),text,NULL,16.0,0.0,0.0,1.0,varchar(max),NULL,-1.0,0.0,0.0,1.0
dbo,maptipdefaults,maptiptemplate,DATA_TYPE_CHANGED,DATA_TYPE_CHANGED,text -> varchar(max),text,NULL,16.0,0.0,0.0,1.0,varchar(max),NULL,-1.0,0.0,0.0,1.0
dbo,maptipdefaults,mouseovertemplate,DATA_TYPE_CHANGED,DATA_TYPE_CHANGED,text -> varchar(max),text,NULL,16.0,0.0,0.0,1.0,varchar(max),NULL,-1.0,0.0,0.0,1.0
dbo,maslicappoptprod,maxprodid,LENGTH_INCREASED,LENGTH_INCREASED,varchar(15) -> varchar(30),varchar(15),15.0,15.0,0.0,0.0,0.0,varchar(30),30.0,30.0,0.0,0.0,0.0
dbo,maslicusage,enddate,DATA_TYPE_CHANGED,DATA_TYPE_CHANGED|PRECISION_INCREASED|SCALE_INCREASED,datetime -> datetime2(7),datetime,NULL,8.0,23.0,3.0,1.0,datetime2(7),NULL,8.0,27.0,7.0,1.0
dbo,maslicusage,startdate,DATA_TYPE_CHANGED,DATA_TYPE_CHANGED|PRECISION_INCREASED|SCALE_INCREASED,datetime -> datetime2(7),datetime,NULL,8.0,23.0,3.0,0.0,datetime2(7),NULL,8.0,27.0,7.0,0.0
dbo,maslicusage,maxprodid,LENGTH_INCREASED,LENGTH_INCREASED,varchar(15) -> varchar(30),varchar(15),15.0,15.0,0.0,0.0,0.0,varchar(30),30.0,30.0,0.0,0.0,0.0
dbo,maslicusage,userid,LENGTH_INCREASED,LENGTH_INCREASED,varchar(30) -> varchar(100),varchar(30),30.0,30.0,0.0,0.0,0.0,varchar(100),100.0,100.0,0.0,0.0,0.0
dbo,masterpm,enforcemaxdayofmonth,COLUMN_ADDED,COLUMN_ADDED,new smallint,,,,,,,smallint,NULL,2.0,5.0,0.0,0.0
dbo,masterpm,changedate,DATA_TYPE_CHANGED,DATA_TYPE_CHANGED|PRECISION_INCREASED|SCALE_INCREASED,datetime -> datetime2(7),datetime,NULL,8.0,23.0,3.0,0.0,datetime2(7),NULL,8.0,27.0,7.0,0.0
dbo,masterpm,extdate,DATA_TYPE_CHANGED,DATA_TYPE_CHANGED|PRECISION_INCREASED|SCALE_INCREASED,datetime -> datetime2(7),datetime,NULL,8.0,23.0,3.0,1.0,datetime2(7),NULL,8.0,27.0,7.0,1.0
dbo,masterpm,nextdate,DATA_TYPE_CHANGED,DATA_TYPE_CHANGED|PRECISION_INCREASED|SCALE_INCREASED,datetime -> datetime2(7),datetime,NULL,8.0,23.0,3.0,1.0,datetime2(7),NULL,8.0,27.0,7.0,1.0
dbo,masterpm,changeby,LENGTH_INCREASED,LENGTH_INCREASED,varchar(30) -> varchar(100),varchar(30),30.0,30.0,0.0,0.0,0.0,varchar(100),100.0,100.0,0.0,0.0,0.0
dbo,matrectrans,inspresultnum,COLUMN_ADDED,COLUMN_ADDED,new varchar(12),,,,,,,varchar(12),12.0,12.0,0.0,0.0,1.0
dbo,matrectrans,actualdate,DATA_TYPE_CHANGED,DATA_TYPE_CHANGED|PRECISION_INCREASED|SCALE_INCREASED,datetime -> datetime2(7),datetime,NULL,8.0,23.0,3.0,0.0,datetime2(7),NULL,8.0,27.0,7.0,0.0
dbo,matrectrans,statusdate,DATA_TYPE_CHANGED,DATA_TYPE_CHANGED|PRECISION_INCREASED|SCALE_INCREASED,datetime -> datetime2(7),datetime,NULL,8.0,23.0,3.0,1.0,datetime2(7),NULL,8.0,27.0,7.0,1.0
dbo,matrectrans,transdate,DATA_TYPE_CHANGED,DATA_TYPE_CHANGED|PRECISION_INCREASED|SCALE_INCREASED,datetime -> datetime2(7),datetime,NULL,8.0,23.0,3.0,0.0,datetime2(7),NULL,8.0,27.0,7.0,0.0
dbo,matrectrans,enterby,LENGTH_INCREASED,LENGTH_INCREASED,varchar(30) -> varchar(100),varchar(30),30.0,30.0,0.0,0.0,0.0,varchar(100),100.0,100.0,0.0,0.0,0.0
dbo,matrectrans,issueto,LENGTH_INCREASED,LENGTH_INCREASED,varchar(30) -> varchar(100),varchar(30),30.0,30.0,0.0,0.0,1.0,varchar(100),100.0,100.0,0.0,0.0,1.0
dbo,matrectrans,refwo,LENGTH_INCREASED,LENGTH_INCREASED,varchar(10) -> varchar(25),varchar(10),10.0,10.0,0.0,0.0,1.0,varchar(25),25.0,25.0,0.0,0.0,1.0
dbo,matrectrans,requestedby,LENGTH_INCREASED,LENGTH_INCREASED,varchar(30) -> varchar(100),varchar(30),30.0,30.0,0.0,0.0,1.0,varchar(100),100.0,100.0,0.0,0.0,1.0
dbo,matrectrans,statuschangeby,LENGTH_INCREASED,LENGTH_INCREASED,varchar(30) -> varchar(100),varchar(30),30.0,30.0,0.0,0.0,1.0,varchar(100),100.0,100.0,0.0,0.0,1.0
dbo,matusetrans,actualdate,DATA_TYPE_CHANGED,DATA_TYPE_CHANGED|PRECISION_INCREASED|SCALE_INCREASED,datetime -> datetime2(7),datetime,NULL,8.0,23.0,3.0,0.0,datetime2(7),NULL,8.0,27.0,7.0,0.0
dbo,matusetrans,pluspcustcurdate,DATA_TYPE_CHANGED,DATA_TYPE_CHANGED|PRECISION_INCREASED|SCALE_INCREASED,datetime -> datetime2(7),datetime,NULL,8.0,23.0,3.0,1.0,datetime2(7),NULL,8.0,27.0,7.0,1.0
dbo,matusetrans,transdate,DATA_TYPE_CHANGED,DATA_TYPE_CHANGED|PRECISION_INCREASED|SCALE_INCREASED,datetime -> datetime2(7),datetime,NULL,8.0,23.0,3.0,0.0,datetime2(7),NULL,8.0,27.0,7.0,0.0
dbo,matusetrans,enterby,LENGTH_INCREASED,LENGTH_INCREASED,varchar(30) -> varchar(100),varchar(30),30.0,30.0,0.0,0.0,0.0,varchar(100),100.0,100.0,0.0,0.0,0.0
dbo,matusetrans,issueto,LENGTH_INCREASED,LENGTH_INCREASED,varchar(30) -> varchar(100),varchar(30),30.0,30.0,0.0,0.0,1.0,varchar(100),100.0,100.0,0.0,0.0,1.0
dbo,matusetrans,refwo,LENGTH_INCREASED,LENGTH_INCREASED,varchar(10) -> varchar(25),varchar(10),10.0,10.0,0.0,0.0,1.0,varchar(25),25.0,25.0,0.0,0.0,1.0
dbo,maxapps,skipnavigation,COLUMN_ADDED,COLUMN_ADDED,new smallint,,,,,,,smallint,NULL,2.0,5.0,0.0,0.0
dbo,maxasyncjob,scheduletime,DATA_TYPE_CHANGED,DATA_TYPE_CHANGED|PRECISION_INCREASED|SCALE_INCREASED,datetime -> datetime2(7),datetime,NULL,8.0,23.0,3.0,1.0,datetime2(7),NULL,8.0,27.0,7.0,1.0
dbo,maxasyncjob,statusdate,DATA_TYPE_CHANGED,DATA_TYPE_CHANGED|PRECISION_INCREASED|SCALE_INCREASED,datetime -> datetime2(7),datetime,NULL,8.0,23.0,3.0,0.0,datetime2(7),NULL,8.0,27.0,7.0,0.0
dbo,maxasyncjob,submittime,DATA_TYPE_CHANGED,DATA_TYPE_CHANGED|PRECISION_INCREASED|SCALE_INCREASED,datetime -> datetime2(7),datetime,NULL,8.0,23.0,3.0,0.0,datetime2(7),NULL,8.0,27.0,7.0,0.0
dbo,maxasyncjob,userid,LENGTH_INCREASED,LENGTH_INCREASED,varchar(30) -> varchar(100),varchar(30),30.0,30.0,0.0,0.0,0.0,varchar(100),100.0,100.0,0.0,0.0,0.0
dbo,maxasyncjobmsg,msgdate,DATA_TYPE_CHANGED,DATA_TYPE_CHANGED|PRECISION_INCREASED|SCALE_INCREASED,datetime -> datetime2(7),datetime,NULL,8.0,23.0,3.0,0.0,datetime2(7),NULL,8.0,27.0,7.0,0.0
dbo,maxattribute,internalindicator,COLUMN_ADDED,COLUMN_ADDED,new varchar(1),,,,,,,varchar(1),1.0,1.0,0.0,0.0,1.0
dbo,maxattributecfg,internalindicator,COLUMN_ADDED,COLUMN_ADDED,new varchar(1),,,,,,,varchar(1),1.0,1.0,0.0,0.0,1.0
dbo,maxcomponent,changedate,DATA_TYPE_CHANGED,DATA_TYPE_CHANGED|PRECISION_INCREASED|SCALE_INCREASED,datetime -> datetime2(7),datetime,NULL,8.0,23.0,3.0,0.0,datetime2(7),NULL,8.0,27.0,7.0,0.0
dbo,maxcomponent,content,DATA_TYPE_CHANGED,DATA_TYPE_CHANGED,text -> varchar(max),text,NULL,16.0,0.0,0.0,1.0,varchar(max),NULL,-1.0,0.0,0.0,1.0
dbo,maxcomponent,delta,DATA_TYPE_CHANGED,DATA_TYPE_CHANGED,text -> varchar(max),text,NULL,16.0,0.0,0.0,1.0,varchar(max),NULL,-1.0,0.0,0.0,1.0
dbo,maxcomponent,revisiondate,DATA_TYPE_CHANGED,DATA_TYPE_CHANGED|PRECISION_INCREASED|SCALE_INCREASED,datetime -> datetime2(7),datetime,NULL,8.0,23.0,3.0,1.0,datetime2(7),NULL,8.0,27.0,7.0,1.0
dbo,maxconddetail,changedate,DATA_TYPE_CHANGED,DATA_TYPE_CHANGED|PRECISION_INCREASED|SCALE_INCREASED,datetime -> datetime2(7),datetime,NULL,8.0,23.0,3.0,0.0,datetime2(7),NULL,8.0,27.0,7.0,0.0
dbo,maxconddetail,changeby,LENGTH_INCREASED,LENGTH_INCREASED,varchar(30) -> varchar(100),varchar(30),30.0,30.0,0.0,0.0,0.0,varchar(100),100.0,100.0,0.0,0.0,0.0
dbo,maxcontrolvalue,changedate,DATA_TYPE_CHANGED,DATA_TYPE_CHANGED|PRECISION_INCREASED|SCALE_INCREASED,datetime -> datetime2(7),datetime,NULL,8.0,23.0,3.0,0.0,datetime2(7),NULL,8.0,27.0,7.0,0.0
dbo,maxcontrolvalue,changeby,LENGTH_INCREASED,LENGTH_INCREASED,varchar(30) -> varchar(100),varchar(30),30.0,30.0,0.0,0.0,0.0,varchar(100),100.0,100.0,0.0,0.0,0.0
dbo,maxdomain,changed,COLUMN_ADDED,COLUMN_ADDED,new varchar(1),,,,,,,varchar(1),1.0,1.0,0.0,0.0,1.0
dbo,maxendpoint,changedate,DATA_TYPE_CHANGED,DATA_TYPE_CHANGED|PRECISION_INCREASED|SCALE_INCREASED,datetime -> datetime2(7),datetime,NULL,8.0,23.0,3.0,0.0,datetime2(7),NULL,8.0,27.0,7.0,0.0
dbo,maxendpoint,changeby,LENGTH_INCREASED,LENGTH_INCREASED,varchar(30) -> varchar(100),varchar(30),30.0,30.0,0.0,0.0,0.0,varchar(100),100.0,100.0,0.0,0.0,0.0
dbo,maxendpointdtl,setbyoperator,COLUMN_ADDED,COLUMN_ADDED,new int,,,,,,,int,NULL,4.0,10.0,0.0,1.0
dbo,maxendpointdtl,changedate,DATA_TYPE_CHANGED,DATA_TYPE_CHANGED|PRECISION_INCREASED|SCALE_INCREASED,datetime -> datetime2(7),datetime,NULL,8.0,23.0,3.0,0.0,datetime2(7),NULL,8.0,27.0,7.0,0.0
dbo,maxendpointdtl,changeby,LENGTH_INCREASED,LENGTH_INCREASED,varchar(30) -> varchar(100),varchar(30),30.0,30.0,0.0,0.0,0.0,varchar(100),100.0,100.0,0.0,0.0,0.0
dbo,maxextboolval,changedate,DATA_TYPE_CHANGED,DATA_TYPE_CHANGED|PRECISION_INCREASED|SCALE_INCREASED,datetime -> datetime2(7),datetime,NULL,8.0,23.0,3.0,0.0,datetime2(7),NULL,8.0,27.0,7.0,0.0
dbo,maxextboolval,changeby,LENGTH_INCREASED,LENGTH_INCREASED,varchar(30) -> varchar(100),varchar(30),30.0,30.0,0.0,0.0,0.0,varchar(100),100.0,100.0,0.0,0.0,0.0
dbo,maxextctlval,changedate,DATA_TYPE_CHANGED,DATA_TYPE_CHANGED|PRECISION_INCREASED|SCALE_INCREASED,datetime -> datetime2(7),datetime,NULL,8.0,23.0,3.0,0.0,datetime2(7),NULL,8.0,27.0,7.0,0.0
dbo,maxextctlval,changeby,LENGTH_INCREASED,LENGTH_INCREASED,varchar(30) -> varchar(100),varchar(30),30.0,30.0,0.0,0.0,0.0,varchar(100),100.0,100.0,0.0,0.0,0.0
dbo,maxextifacein,changedate,DATA_TYPE_CHANGED,DATA_TYPE_CHANGED|PRECISION_INCREASED|SCALE_INCREASED,datetime -> datetime2(7),datetime,NULL,8.0,23.0,3.0,0.0,datetime2(7),NULL,8.0,27.0,7.0,0.0
dbo,maxextifacein,changeby,LENGTH_INCREASED,LENGTH_INCREASED,varchar(30) -> varchar(100),varchar(30),30.0,30.0,0.0,0.0,0.0,varchar(100),100.0,100.0,0.0,0.0,0.0
dbo,maxextifaceout,iscontinuousqueue,COLUMN_ADDED,COLUMN_ADDED,new smallint,,,,,,,smallint,NULL,2.0,5.0,0.0,1.0
dbo,maxextifaceout,changedate,DATA_TYPE_CHANGED,DATA_TYPE_CHANGED|PRECISION_INCREASED|SCALE_INCREASED,datetime -> datetime2(7),datetime,NULL,8.0,23.0,3.0,0.0,datetime2(7),NULL,8.0,27.0,7.0,0.0
dbo,maxextifaceout,changeby,LENGTH_INCREASED,LENGTH_INCREASED,varchar(30) -> varchar(100),varchar(30),30.0,30.0,0.0,0.0,0.0,varchar(100),100.0,100.0,0.0,0.0,0.0
dbo,maxextlistval,changedate,DATA_TYPE_CHANGED,DATA_TYPE_CHANGED|PRECISION_INCREASED|SCALE_INCREASED,datetime -> datetime2(7),datetime,NULL,8.0,23.0,3.0,0.0,datetime2(7),NULL,8.0,27.0,7.0,0.0
dbo,maxextlistval,changeby,LENGTH_INCREASED,LENGTH_INCREASED,varchar(30) -> varchar(100),varchar(30),30.0,30.0,0.0,0.0,0.0,varchar(100),100.0,100.0,0.0,0.0,0.0
dbo,maxextover,changedate,DATA_TYPE_CHANGED,DATA_TYPE_CHANGED|PRECISION_INCREASED|SCALE_INCREASED,datetime -> datetime2(7),datetime,NULL,8.0,23.0,3.0,0.0,datetime2(7),NULL,8.0,27.0,7.0,0.0
dbo,maxextover,changeby,LENGTH_INCREASED,LENGTH_INCREASED,varchar(30) -> varchar(100),varchar(30),30.0,30.0,0.0,0.0,0.0,varchar(100),100.0,100.0,0.0,0.0,0.0
dbo,maxextsyscontrol,changedate,DATA_TYPE_CHANGED,DATA_TYPE_CHANGED|PRECISION_INCREASED|SCALE_INCREASED,datetime -> datetime2(7),datetime,NULL,8.0,23.0,3.0,0.0,datetime2(7),NULL,8.0,27.0,7.0,0.0
dbo,maxextsyscontrol,changeby,LENGTH_INCREASED,LENGTH_INCREASED,varchar(30) -> varchar(100),varchar(30),30.0,30.0,0.0,0.0,0.0,varchar(100),100.0,100.0,0.0,0.0,0.0
dbo,maxextsystem,outcontqueuename,COLUMN_ADDED,COLUMN_ADDED,new varchar(250),,,,,,,varchar(250),250.0,250.0,0.0,0.0,1.0
dbo,maxextsystem,changedate,DATA_TYPE_CHANGED,DATA_TYPE_CHANGED|PRECISION_INCREASED|SCALE_INCREASED,datetime -> datetime2(7),datetime,NULL,8.0,23.0,3.0,0.0,datetime2(7),NULL,8.0,27.0,7.0,0.0
dbo,maxextsystem,changeby,LENGTH_INCREASED,LENGTH_INCREASED,varchar(30) -> varchar(100),varchar(30),30.0,30.0,0.0,0.0,0.0,varchar(100),100.0,100.0,0.0,0.0,0.0
dbo,maxextxrefval,changedate,DATA_TYPE_CHANGED,DATA_TYPE_CHANGED|PRECISION_INCREASED|SCALE_INCREASED,datetime -> datetime2(7),datetime,NULL,8.0,23.0,3.0,0.0,datetime2(7),NULL,8.0,27.0,7.0,0.0
dbo,maxextxrefval,changeby,LENGTH_INCREASED,LENGTH_INCREASED,varchar(30) -> varchar(100),varchar(30),30.0,30.0,0.0,0.0,0.0,varchar(100),100.0,100.0,0.0,0.0,0.0
dbo,maxgraphrelation,relation,LENGTH_INCREASED,LENGTH_INCREASED,varchar(50) -> varchar(100),varchar(50),50.0,50.0,0.0,0.0,0.0,varchar(100),100.0,100.0,0.0,0.0,0.0
dbo,maxgroup,changeby,COLUMN_ADDED,COLUMN_ADDED,new varchar(100),,,,,,,varchar(100),100.0,100.0,0.0,0.0,1.0
dbo,maxgroup,changedate,COLUMN_ADDED,COLUMN_ADDED,new datetime2(7),,,,,,,datetime2(7),NULL,8.0,27.0,7.0,1.0
dbo,maxgroup,createdby,COLUMN_ADDED,COLUMN_ADDED,new varchar(100),,,,,,,varchar(100),100.0,100.0,0.0,0.0,1.0
dbo,maxgroup,createddate,COLUMN_ADDED,COLUMN_ADDED,new datetime2(7),,,,,,,datetime2(7),NULL,8.0,27.0,7.0,1.0
dbo,maxgroup,groupexternalid,COLUMN_ADDED,COLUMN_ADDED,new varchar(100),,,,,,,varchar(100),100.0,100.0,0.0,0.0,1.0
dbo,maxgroup,groupprofileid,COLUMN_ADDED,COLUMN_ADDED,new varchar(100),,,,,,,varchar(100),100.0,100.0,0.0,0.0,1.0
dbo,maxgroup,masissuer,COLUMN_ADDED,COLUMN_ADDED,new varchar(20),,,,,,,varchar(20),20.0,20.0,0.0,0.0,1.0
dbo,maxhandler,changedate,DATA_TYPE_CHANGED,DATA_TYPE_CHANGED|PRECISION_INCREASED|SCALE_INCREASED,datetime -> datetime2(7),datetime,NULL,8.0,23.0,3.0,0.0,datetime2(7),NULL,8.0,27.0,7.0,0.0
dbo,maxhandler,changeby,LENGTH_INCREASED,LENGTH_INCREASED,varchar(30) -> varchar(100),varchar(30),30.0,30.0,0.0,0.0,0.0,varchar(100),100.0,100.0,0.0,0.0,0.0
dbo,maxifacecond,changedate,DATA_TYPE_CHANGED,DATA_TYPE_CHANGED|PRECISION_INCREASED|SCALE_INCREASED,datetime -> datetime2(7),datetime,NULL,8.0,23.0,3.0,0.0,datetime2(7),NULL,8.0,27.0,7.0,0.0
dbo,maxifacecond,changeby,LENGTH_INCREASED,LENGTH_INCREASED,varchar(30) -> varchar(100),varchar(30),30.0,30.0,0.0,0.0,0.0,varchar(100),100.0,100.0,0.0,0.0,0.0
dbo,maxifacecontrol,changedate,DATA_TYPE_CHANGED,DATA_TYPE_CHANGED|PRECISION_INCREASED|SCALE_INCREASED,datetime -> datetime2(7),datetime,NULL,8.0,23.0,3.0,0.0,datetime2(7),NULL,8.0,27.0,7.0,0.0
dbo,maxifacecontrol,changeby,LENGTH_INCREASED,LENGTH_INCREASED,varchar(30) -> varchar(100),varchar(30),30.0,30.0,0.0,0.0,0.0,varchar(100),100.0,100.0,0.0,0.0,0.0
dbo,maxifacein,changedate,DATA_TYPE_CHANGED,DATA_TYPE_CHANGED|PRECISION_INCREASED|SCALE_INCREASED,datetime -> datetime2(7),datetime,NULL,8.0,23.0,3.0,0.0,datetime2(7),NULL,8.0,27.0,7.0,0.0
dbo,maxifacein,changeby,LENGTH_INCREASED,LENGTH_INCREASED,varchar(30) -> varchar(100),varchar(30),30.0,30.0,0.0,0.0,0.0,varchar(100),100.0,100.0,0.0,0.0,0.0
dbo,maxifaceincntl,changedate,DATA_TYPE_CHANGED,DATA_TYPE_CHANGED|PRECISION_INCREASED|SCALE_INCREASED,datetime -> datetime2(7),datetime,NULL,8.0,23.0,3.0,0.0,datetime2(7),NULL,8.0,27.0,7.0,0.0
dbo,maxifaceincntl,changeby,LENGTH_INCREASED,LENGTH_INCREASED,varchar(30) -> varchar(100),varchar(30),30.0,30.0,0.0,0.0,1.0,varchar(100),100.0,100.0,0.0,0.0,1.0
dbo,maxifaceindetail,changedate,DATA_TYPE_CHANGED,DATA_TYPE_CHANGED|PRECISION_INCREASED|SCALE_INCREASED,datetime -> datetime2(7),datetime,NULL,8.0,23.0,3.0,0.0,datetime2(7),NULL,8.0,27.0,7.0,0.0
dbo,maxifaceindetail,changeby,LENGTH_INCREASED,LENGTH_INCREASED,varchar(30) -> varchar(100),varchar(30),30.0,30.0,0.0,0.0,1.0,varchar(100),100.0,100.0,0.0,0.0,1.0
dbo,maxifaceinvoke,publishjson,COLUMN_ADDED,COLUMN_ADDED,new smallint,,,,,,,smallint,NULL,2.0,5.0,0.0,0.0
dbo,maxifaceinvoke,templatename,COLUMN_ADDED,COLUMN_ADDED,new varchar(50),,,,,,,varchar(50),50.0,50.0,0.0,0.0,1.0
dbo,maxifaceinvoke,changedate,DATA_TYPE_CHANGED,DATA_TYPE_CHANGED|PRECISION_INCREASED|SCALE_INCREASED,datetime -> datetime2(7),datetime,NULL,8.0,23.0,3.0,0.0,datetime2(7),NULL,8.0,27.0,7.0,0.0
dbo,maxifaceinvoke,changeby,LENGTH_INCREASED,LENGTH_INCREASED,varchar(30) -> varchar(100),varchar(30),30.0,30.0,0.0,0.0,0.0,varchar(100),100.0,100.0,0.0,0.0,0.0
dbo,maxifaceinvoke,intobjectname,NOW_NULLABLE,NOW_NULLABLE,varchar(30) -> varchar(30),varchar(30),30.0,30.0,0.0,0.0,0.0,varchar(30),30.0,30.0,0.0,0.0,1.0
dbo,maxifaceout,changedate,DATA_TYPE_CHANGED,DATA_TYPE_CHANGED|PRECISION_INCREASED|SCALE_INCREASED,datetime -> datetime2(7),datetime,NULL,8.0,23.0,3.0,0.0,datetime2(7),NULL,8.0,27.0,7.0,0.0
dbo,maxifaceout,changeby,LENGTH_INCREASED,LENGTH_INCREASED,varchar(30) -> varchar(100),varchar(30),30.0,30.0,0.0,0.0,0.0,varchar(100),100.0,100.0,0.0,0.0,0.0
dbo,maxifaceoutcntl,changedate,DATA_TYPE_CHANGED,DATA_TYPE_CHANGED|PRECISION_INCREASED|SCALE_INCREASED,datetime -> datetime2(7),datetime,NULL,8.0,23.0,3.0,0.0,datetime2(7),NULL,8.0,27.0,7.0,0.0
dbo,maxifaceoutcntl,changeby,LENGTH_INCREASED,LENGTH_INCREASED,varchar(30) -> varchar(100),varchar(30),30.0,30.0,0.0,0.0,1.0,varchar(100),100.0,100.0,0.0,0.0,1.0
dbo,maxifaceproc,changedate,DATA_TYPE_CHANGED,DATA_TYPE_CHANGED|PRECISION_INCREASED|SCALE_INCREASED,datetime -> datetime2(7),datetime,NULL,8.0,23.0,3.0,0.0,datetime2(7),NULL,8.0,27.0,7.0,0.0
dbo,maxifaceproc,changeby,LENGTH_INCREASED,LENGTH_INCREASED,varchar(30) -> varchar(100),varchar(30),30.0,30.0,0.0,0.0,0.0,varchar(100),100.0,100.0,0.0,0.0,0.0
dbo,maxim,changedate,DATA_TYPE_CHANGED,DATA_TYPE_CHANGED|PRECISION_INCREASED|SCALE_INCREASED,datetime -> datetime2(7),datetime,NULL,8.0,23.0,3.0,1.0,datetime2(7),NULL,8.0,27.0,7.0,1.0
dbo,maxim,changeby,LENGTH_INCREASED,LENGTH_INCREASED,varchar(30) -> varchar(100),varchar(30),30.0,30.0,0.0,0.0,1.0,varchar(100),100.0,100.0,0.0,0.0,1.0
dbo,maximprop,changedate,DATA_TYPE_CHANGED,DATA_TYPE_CHANGED|PRECISION_INCREASED|SCALE_INCREASED,datetime -> datetime2(7),datetime,NULL,8.0,23.0,3.0,1.0,datetime2(7),NULL,8.0,27.0,7.0,1.0
dbo,maximprop,changeby,LENGTH_INCREASED,LENGTH_INCREASED,varchar(30) -> varchar(100),varchar(30),30.0,30.0,0.0,0.0,1.0,varchar(100),100.0,100.0,0.0,0.0,1.0
dbo,maxinteraction,changedate,DATA_TYPE_CHANGED,DATA_TYPE_CHANGED|PRECISION_INCREASED|SCALE_INCREASED,datetime -> datetime2(7),datetime,NULL,8.0,23.0,3.0,1.0,datetime2(7),NULL,8.0,27.0,7.0,1.0
dbo,maxinteraction,obp,DATA_TYPE_CHANGED,DATA_TYPE_CHANGED,text -> varchar(max),text,NULL,16.0,0.0,0.0,1.0,varchar(max),NULL,-1.0,0.0,0.0,1.0
dbo,maxinteraction,requestxml,DATA_TYPE_CHANGED,DATA_TYPE_CHANGED,text -> varchar(max),text,NULL,16.0,0.0,0.0,1.0,varchar(max),NULL,-1.0,0.0,0.0,1.0
dbo,maxinteraction,responsexml,DATA_TYPE_CHANGED,DATA_TYPE_CHANGED,text -> varchar(max),text,NULL,16.0,0.0,0.0,1.0,varchar(max),NULL,-1.0,0.0,0.0,1.0
dbo,maxinteraction,changeby,LENGTH_INCREASED,LENGTH_INCREASED,varchar(30) -> varchar(100),varchar(30),30.0,30.0,0.0,0.0,1.0,varchar(100),100.0,100.0,0.0,0.0,1.0
dbo,maxinterror,consumername,COLUMN_ADDED,COLUMN_ADDED,new varchar(101),,,,,,,varchar(101),101.0,101.0,0.0,0.0,1.0
dbo,maxinterror,changedate,DATA_TYPE_CHANGED,DATA_TYPE_CHANGED|PRECISION_INCREASED|SCALE_INCREASED,datetime -> datetime2(7),datetime,NULL,8.0,23.0,3.0,0.0,datetime2(7),NULL,8.0,27.0,7.0,0.0
dbo,maxinterror,errordate,DATA_TYPE_CHANGED,DATA_TYPE_CHANGED|PRECISION_INCREASED|SCALE_INCREASED,datetime -> datetime2(7),datetime,NULL,8.0,23.0,3.0,1.0,datetime2(7),NULL,8.0,27.0,7.0,1.0
dbo,maxinterror,jmsheader,DATA_TYPE_CHANGED,DATA_TYPE_CHANGED,image -> varbinary(max),image,NULL,16.0,0.0,0.0,1.0,varbinary(max),NULL,-1.0,0.0,0.0,1.0
dbo,maxinterror,statusdate,DATA_TYPE_CHANGED,DATA_TYPE_CHANGED|PRECISION_INCREASED|SCALE_INCREASED,datetime -> datetime2(7),datetime,NULL,8.0,23.0,3.0,0.0,datetime2(7),NULL,8.0,27.0,7.0,0.0
dbo,maxinterror,changeby,LENGTH_INCREASED,LENGTH_INCREASED,varchar(30) -> varchar(100),varchar(30),30.0,30.0,0.0,0.0,1.0,varchar(100),100.0,100.0,0.0,0.0,1.0
dbo,maxinterror,userid,LENGTH_INCREASED,LENGTH_INCREASED,varchar(30) -> varchar(100),varchar(30),30.0,30.0,0.0,0.0,1.0,varchar(100),100.0,100.0,0.0,0.0,1.0
dbo,maxinterrorextract,changedate,DATA_TYPE_CHANGED,DATA_TYPE_CHANGED|PRECISION_INCREASED|SCALE_INCREASED,datetime -> datetime2(7),datetime,NULL,8.0,23.0,3.0,1.0,datetime2(7),NULL,8.0,27.0,7.0,1.0
dbo,maxinterrorextract,fileattributes,DATA_TYPE_CHANGED,DATA_TYPE_CHANGED,text -> varchar(max),text,NULL,16.0,0.0,0.0,1.0,varchar(max),NULL,-1.0,0.0,0.0,1.0
dbo,maxinterrorextract,importdate,DATA_TYPE_CHANGED,DATA_TYPE_CHANGED|PRECISION_INCREASED|SCALE_INCREASED,datetime -> datetime2(7),datetime,NULL,8.0,23.0,3.0,1.0,datetime2(7),NULL,8.0,27.0,7.0,1.0
dbo,maxinterrorextract,changeby,LENGTH_INCREASED,LENGTH_INCREASED,varchar(30) -> varchar(100),varchar(30),30.0,30.0,0.0,0.0,1.0,varchar(100),100.0,100.0,0.0,0.0,1.0
dbo,maxinterrormsg,changedate,DATA_TYPE_CHANGED,DATA_TYPE_CHANGED|PRECISION_INCREASED|SCALE_INCREASED,datetime -> datetime2(7),datetime,NULL,8.0,23.0,3.0,0.0,datetime2(7),NULL,8.0,27.0,7.0,0.0
dbo,maxinterrormsg,errordate,DATA_TYPE_CHANGED,DATA_TYPE_CHANGED|PRECISION_INCREASED|SCALE_INCREASED,datetime -> datetime2(7),datetime,NULL,8.0,23.0,3.0,0.0,datetime2(7),NULL,8.0,27.0,7.0,0.0
dbo,maxinterrormsg,intmsgdata,DATA_TYPE_CHANGED,DATA_TYPE_CHANGED,image -> varbinary(max),image,NULL,16.0,0.0,0.0,1.0,varbinary(max),NULL,-1.0,0.0,0.0,1.0
dbo,maxinterrormsg,msgdata,DATA_TYPE_CHANGED,DATA_TYPE_CHANGED,image -> varbinary(max),image,NULL,16.0,0.0,0.0,1.0,varbinary(max),NULL,-1.0,0.0,0.0,1.0
dbo,maxinterrormsg,changeby,LENGTH_INCREASED,LENGTH_INCREASED,varchar(30) -> varchar(100),varchar(30),30.0,30.0,0.0,0.0,0.0,varchar(100),100.0,100.0,0.0,0.0,0.0
dbo,maxintlistener,changedate,DATA_TYPE_CHANGED,DATA_TYPE_CHANGED|PRECISION_INCREASED|SCALE_INCREASED,datetime -> datetime2(7),datetime,NULL,8.0,23.0,3.0,0.0,datetime2(7),NULL,8.0,27.0,7.0,0.0
dbo,maxintlistener,changeby,LENGTH_INCREASED,LENGTH_INCREASED,varchar(30) -> varchar(100),varchar(30),30.0,30.0,0.0,0.0,0.0,varchar(100),100.0,100.0,0.0,0.0,0.0
dbo,maxintmapping,changedate,DATA_TYPE_CHANGED,DATA_TYPE_CHANGED|PRECISION_INCREASED|SCALE_INCREASED,datetime -> datetime2(7),datetime,NULL,8.0,23.0,3.0,1.0,datetime2(7),NULL,8.0,27.0,7.0,1.0
dbo,maxintmapping,changeby,LENGTH_INCREASED,LENGTH_INCREASED,varchar(30) -> varchar(100),varchar(30),30.0,30.0,0.0,0.0,1.0,varchar(100),100.0,100.0,0.0,0.0,1.0
dbo,maxintmappingdetail,changedate,DATA_TYPE_CHANGED,DATA_TYPE_CHANGED|PRECISION_INCREASED|SCALE_INCREASED,datetime -> datetime2(7),datetime,NULL,8.0,23.0,3.0,1.0,datetime2(7),NULL,8.0,27.0,7.0,1.0
dbo,maxintmappingdetail,changeby,LENGTH_INCREASED,LENGTH_INCREASED,varchar(30) -> varchar(100),varchar(30),30.0,30.0,0.0,0.0,1.0,varchar(100),100.0,100.0,0.0,0.0,1.0
dbo,maxintmsgtrk,isjmsmdb,COLUMN_ADDED,COLUMN_ADDED,new smallint,,,,,,,smallint,NULL,2.0,5.0,0.0,0.0
dbo,maxintmsgtrk,initialdatetime,DATA_TYPE_CHANGED,DATA_TYPE_CHANGED|PRECISION_INCREASED|SCALE_INCREASED,datetime -> datetime2(7),datetime,NULL,8.0,23.0,3.0,1.0,datetime2(7),NULL,8.0,27.0,7.0,1.0
dbo,maxintmsgtrk,msgdata,DATA_TYPE_CHANGED,DATA_TYPE_CHANGED,image -> varbinary(max),image,NULL,16.0,0.0,0.0,1.0,varbinary(max),NULL,-1.0,0.0,0.0,1.0
dbo,maxintmsgtrkdtl,consumername,COLUMN_ADDED,COLUMN_ADDED,new varchar(101),,,,,,,varchar(101),101.0,101.0,0.0,0.0,1.0
dbo,maxintmsgtrkdtl,statusdate,DATA_TYPE_CHANGED,DATA_TYPE_CHANGED|PRECISION_INCREASED|SCALE_INCREASED,datetime -> datetime2(7),datetime,NULL,8.0,23.0,3.0,1.0,datetime2(7),NULL,8.0,27.0,7.0,1.0
dbo,maxintobjapp,changedate,DATA_TYPE_CHANGED,DATA_TYPE_CHANGED|PRECISION_INCREASED|SCALE_INCREASED,datetime -> datetime2(7),datetime,NULL,8.0,23.0,3.0,1.0,datetime2(7),NULL,8.0,27.0,7.0,1.0
dbo,maxintobjapp,changeby,LENGTH_INCREASED,LENGTH_INCREASED,varchar(30) -> varchar(100),varchar(30),30.0,30.0,0.0,0.0,1.0,varchar(100),100.0,100.0,0.0,0.0,1.0
dbo,maxintobjcols,changedate,DATA_TYPE_CHANGED,DATA_TYPE_CHANGED|PRECISION_INCREASED|SCALE_INCREASED,datetime -> datetime2(7),datetime,NULL,8.0,23.0,3.0,0.0,datetime2(7),NULL,8.0,27.0,7.0,0.0
dbo,maxintobjcols,changeby,LENGTH_INCREASED,LENGTH_INCREASED,varchar(30) -> varchar(100),varchar(30),30.0,30.0,0.0,0.0,0.0,varchar(100),100.0,100.0,0.0,0.0,0.0
dbo,maxintobjdetail,changedate,DATA_TYPE_CHANGED,DATA_TYPE_CHANGED|PRECISION_INCREASED|SCALE_INCREASED,datetime -> datetime2(7),datetime,NULL,8.0,23.0,3.0,0.0,datetime2(7),NULL,8.0,27.0,7.0,0.0
dbo,maxintobjdetail,changeby,LENGTH_INCREASED,LENGTH_INCREASED,varchar(30) -> varchar(100),varchar(30),30.0,30.0,0.0,0.0,0.0,varchar(100),100.0,100.0,0.0,0.0,0.0
dbo,maxintobject,trackrequests,COLUMN_ADDED,COLUMN_ADDED,new smallint,,,,,,,smallint,NULL,2.0,5.0,0.0,0.0
dbo,maxintobject,useforassistant,COLUMN_ADDED,COLUMN_ADDED,new smallint,,,,,,,smallint,NULL,2.0,5.0,0.0,0.0
dbo,maxintobject,usewithproduct,COLUMN_ADDED,COLUMN_ADDED,new int,,,,,,,int,NULL,4.0,10.0,0.0,0.0
dbo,maxintobject,changedate,DATA_TYPE_CHANGED,DATA_TYPE_CHANGED|PRECISION_INCREASED|SCALE_INCREASED,datetime -> datetime2(7),datetime,NULL,8.0,23.0,3.0,0.0,datetime2(7),NULL,8.0,27.0,7.0,0.0
dbo,maxintobject,changeby,LENGTH_INCREASED,LENGTH_INCREASED,varchar(30) -> varchar(100),varchar(30),30.0,30.0,0.0,0.0,0.0,varchar(100),100.0,100.0,0.0,0.0,0.0
dbo,maxintpolicy,changedate,DATA_TYPE_CHANGED,DATA_TYPE_CHANGED|PRECISION_INCREASED|SCALE_INCREASED,datetime -> datetime2(7),datetime,NULL,8.0,23.0,3.0,1.0,datetime2(7),NULL,8.0,27.0,7.0,1.0
dbo,maxintpolicy,changeby,LENGTH_INCREASED,LENGTH_INCREASED,varchar(30) -> varchar(100),varchar(30),30.0,30.0,0.0,0.0,1.0,varchar(100),100.0,100.0,0.0,0.0,1.0
dbo,maxintpolicyparam,changedate,DATA_TYPE_CHANGED,DATA_TYPE_CHANGED|PRECISION_INCREASED|SCALE_INCREASED,datetime -> datetime2(7),datetime,NULL,8.0,23.0,3.0,1.0,datetime2(7),NULL,8.0,27.0,7.0,1.0
dbo,maxintpolicyparam,changeby,LENGTH_INCREASED,LENGTH_INCREASED,varchar(30) -> varchar(100),varchar(30),30.0,30.0,0.0,0.0,1.0,varchar(100),100.0,100.0,0.0,0.0,1.0
dbo,maxlaunchentry,changedate,DATA_TYPE_CHANGED,DATA_TYPE_CHANGED|PRECISION_INCREASED|SCALE_INCREASED,datetime -> datetime2(7),datetime,NULL,8.0,23.0,3.0,1.0,datetime2(7),NULL,8.0,27.0,7.0,1.0
dbo,maxlaunchentry,changeby,LENGTH_INCREASED,LENGTH_INCREASED,varchar(30) -> varchar(100),varchar(30),30.0,30.0,0.0,0.0,1.0,varchar(100),100.0,100.0,0.0,0.0,1.0
dbo,maxlecontext,changedate,DATA_TYPE_CHANGED,DATA_TYPE_CHANGED|PRECISION_INCREASED|SCALE_INCREASED,datetime -> datetime2(7),datetime,NULL,8.0,23.0,3.0,1.0,datetime2(7),NULL,8.0,27.0,7.0,1.0
dbo,maxlecontext,changeby,LENGTH_INCREASED,LENGTH_INCREASED,varchar(30) -> varchar(100),varchar(30),30.0,30.0,0.0,0.0,1.0,varchar(100),100.0,100.0,0.0,0.0,1.0
dbo,maxlicapps,maxprodid,LENGTH_INCREASED,LENGTH_INCREASED,varchar(15) -> varchar(30),varchar(15),15.0,15.0,0.0,0.0,0.0,varchar(30),30.0,30.0,0.0,0.0,0.0
dbo,maxlicconcitvlusage,createdate,DATA_TYPE_CHANGED,DATA_TYPE_CHANGED|PRECISION_INCREASED|SCALE_INCREASED,datetime -> datetime2(7),datetime,NULL,8.0,23.0,3.0,1.0,datetime2(7),NULL,8.0,27.0,7.0,1.0
dbo,maxlicconcitvlusage,endtime,DATA_TYPE_CHANGED,DATA_TYPE_CHANGED|PRECISION_INCREASED|SCALE_INCREASED,datetime -> datetime2(7),datetime,NULL,8.0,23.0,3.0,1.0,datetime2(7),NULL,8.0,27.0,7.0,1.0
dbo,maxlicconcitvlusage,starttime,DATA_TYPE_CHANGED,DATA_TYPE_CHANGED|PRECISION_INCREASED|SCALE_INCREASED,datetime -> datetime2(7),datetime,NULL,8.0,23.0,3.0,0.0,datetime2(7),NULL,8.0,27.0,7.0,0.0
dbo,maxlicense,createdate,DATA_TYPE_CHANGED,DATA_TYPE_CHANGED|PRECISION_INCREASED|SCALE_INCREASED,datetime -> datetime2(7),datetime,NULL,8.0,23.0,3.0,1.0,datetime2(7),NULL,8.0,27.0,7.0,1.0
dbo,maxlicense,licenddate,DATA_TYPE_CHANGED,DATA_TYPE_CHANGED|PRECISION_INCREASED|SCALE_INCREASED,datetime -> datetime2(7),datetime,NULL,8.0,23.0,3.0,1.0,datetime2(7),NULL,8.0,27.0,7.0,1.0
dbo,maxlicense,licstartdate,DATA_TYPE_CHANGED,DATA_TYPE_CHANGED|PRECISION_INCREASED|SCALE_INCREASED,datetime -> datetime2(7),datetime,NULL,8.0,23.0,3.0,1.0,datetime2(7),NULL,8.0,27.0,7.0,1.0
dbo,maxlicense,mainrenewaldate,DATA_TYPE_CHANGED,DATA_TYPE_CHANGED|PRECISION_INCREASED|SCALE_INCREASED,datetime -> datetime2(7),datetime,NULL,8.0,23.0,3.0,1.0,datetime2(7),NULL,8.0,27.0,7.0,1.0
dbo,maxlicense,purchaseddate,DATA_TYPE_CHANGED,DATA_TYPE_CHANGED|PRECISION_INCREASED|SCALE_INCREASED,datetime -> datetime2(7),datetime,NULL,8.0,23.0,3.0,1.0,datetime2(7),NULL,8.0,27.0,7.0,1.0
dbo,maxlicense,statusdate,DATA_TYPE_CHANGED,DATA_TYPE_CHANGED|PRECISION_INCREASED|SCALE_INCREASED,datetime -> datetime2(7),datetime,NULL,8.0,23.0,3.0,1.0,datetime2(7),NULL,8.0,27.0,7.0,1.0
dbo,maxlicense,updatedate,DATA_TYPE_CHANGED,DATA_TYPE_CHANGED|PRECISION_INCREASED|SCALE_INCREASED,datetime -> datetime2(7),datetime,NULL,8.0,23.0,3.0,1.0,datetime2(7),NULL,8.0,27.0,7.0,1.0
dbo,maxlicense,maxprodid,LENGTH_INCREASED,LENGTH_INCREASED,varchar(15) -> varchar(30),varchar(15),15.0,15.0,0.0,0.0,0.0,varchar(30),30.0,30.0,0.0,0.0,0.0
dbo,maxlicense,responsibleperson,LENGTH_INCREASED,LENGTH_INCREASED,varchar(30) -> varchar(100),varchar(30),30.0,30.0,0.0,0.0,1.0,varchar(100),100.0,100.0,0.0,0.0,1.0
dbo,maxlicincladdon,addonprodid,LENGTH_INCREASED,LENGTH_INCREASED,varchar(15) -> varchar(30),varchar(15),15.0,15.0,0.0,0.0,0.0,varchar(30),30.0,30.0,0.0,0.0,0.0
dbo,maxlicincladdon,maxprodid,LENGTH_INCREASED,LENGTH_INCREASED,varchar(15) -> varchar(30),varchar(15),15.0,15.0,0.0,0.0,0.0,varchar(30),30.0,30.0,0.0,0.0,0.0
dbo,maxlicprdkeylist,maxprodid,LENGTH_INCREASED,LENGTH_INCREASED,varchar(15) -> varchar(30),varchar(15),15.0,15.0,0.0,0.0,0.0,varchar(30),30.0,30.0,0.0,0.0,0.0
dbo,maxlicprodapps,maxprodid,LENGTH_INCREASED,LENGTH_INCREASED,varchar(15) -> varchar(30),varchar(15),15.0,15.0,0.0,0.0,0.0,varchar(30),30.0,30.0,0.0,0.0,0.0
dbo,maxlicprodvue,basemaxprodid,LENGTH_INCREASED,LENGTH_INCREASED,varchar(15) -> varchar(30),varchar(15),15.0,15.0,0.0,0.0,0.0,varchar(30),30.0,30.0,0.0,0.0,0.0
dbo,maxlicprodvue,maxprodid,LENGTH_INCREASED,LENGTH_INCREASED,varchar(15) -> varchar(30),varchar(15),15.0,15.0,0.0,0.0,0.0,varchar(30),30.0,30.0,0.0,0.0,0.0
dbo,maxlicpurchdet,mainrenewaldate,DATA_TYPE_CHANGED,DATA_TYPE_CHANGED|PRECISION_INCREASED|SCALE_INCREASED,datetime -> datetime2(7),datetime,NULL,8.0,23.0,3.0,1.0,datetime2(7),NULL,8.0,27.0,7.0,1.0
dbo,maxlicpurchdet,purchaseddate,DATA_TYPE_CHANGED,DATA_TYPE_CHANGED|PRECISION_INCREASED|SCALE_INCREASED,datetime -> datetime2(7),datetime,NULL,8.0,23.0,3.0,1.0,datetime2(7),NULL,8.0,27.0,7.0,1.0
dbo,maxlicpurchdet,purchasedby,LENGTH_INCREASED,LENGTH_INCREASED,varchar(30) -> varchar(100),varchar(30),30.0,30.0,0.0,0.0,1.0,varchar(100),100.0,100.0,0.0,0.0,1.0
dbo,maxlicrvuusage,createdate,DATA_TYPE_CHANGED,DATA_TYPE_CHANGED|PRECISION_INCREASED|SCALE_INCREASED,datetime -> datetime2(7),datetime,NULL,8.0,23.0,3.0,0.0,datetime2(7),NULL,8.0,27.0,7.0,0.0
dbo,maxlicrvuusage,monitoreddate,DATA_TYPE_CHANGED,DATA_TYPE_CHANGED|PRECISION_INCREASED|SCALE_INCREASED,datetime -> datetime2(7),datetime,NULL,8.0,23.0,3.0,0.0,datetime2(7),NULL,8.0,27.0,7.0,0.0
dbo,maxlicrvuusage,updatedate,DATA_TYPE_CHANGED,DATA_TYPE_CHANGED|PRECISION_INCREASED|SCALE_INCREASED,datetime -> datetime2(7),datetime,NULL,8.0,23.0,3.0,0.0,datetime2(7),NULL,8.0,27.0,7.0,0.0
dbo,maxlicsigflaglink,maxprodid,LENGTH_INCREASED,LENGTH_INCREASED,varchar(15) -> varchar(30),varchar(15),15.0,15.0,0.0,0.0,0.0,varchar(30),30.0,30.0,0.0,0.0,0.0
dbo,maxlicstatus,changedate,DATA_TYPE_CHANGED,DATA_TYPE_CHANGED|PRECISION_INCREASED|SCALE_INCREASED,datetime -> datetime2(7),datetime,NULL,8.0,23.0,3.0,1.0,datetime2(7),NULL,8.0,27.0,7.0,1.0
dbo,maxlictypestatus,maxprodid,LENGTH_INCREASED,LENGTH_INCREASED,varchar(15) -> varchar(30),varchar(15),15.0,15.0,0.0,0.0,0.0,varchar(30),30.0,30.0,0.0,0.0,0.0
dbo,maxlicusage,createdate,DATA_TYPE_CHANGED,DATA_TYPE_CHANGED|PRECISION_INCREASED|SCALE_INCREASED,datetime -> datetime2(7),datetime,NULL,8.0,23.0,3.0,1.0,datetime2(7),NULL,8.0,27.0,7.0,1.0
dbo,maxlicusage,enddate,DATA_TYPE_CHANGED,DATA_TYPE_CHANGED|PRECISION_INCREASED|SCALE_INCREASED,datetime -> datetime2(7),datetime,NULL,8.0,23.0,3.0,0.0,datetime2(7),NULL,8.0,27.0,7.0,0.0
dbo,maxlicusage,startdate,DATA_TYPE_CHANGED,DATA_TYPE_CHANGED|PRECISION_INCREASED|SCALE_INCREASED,datetime -> datetime2(7),datetime,NULL,8.0,23.0,3.0,0.0,datetime2(7),NULL,8.0,27.0,7.0,0.0
dbo,maxlicusage,updatedate,DATA_TYPE_CHANGED,DATA_TYPE_CHANGED|PRECISION_INCREASED|SCALE_INCREASED,datetime -> datetime2(7),datetime,NULL,8.0,23.0,3.0,1.0,datetime2(7),NULL,8.0,27.0,7.0,1.0
dbo,maxlicusage,userid,LENGTH_INCREASED,LENGTH_INCREASED,varchar(30) -> varchar(100),varchar(30),30.0,30.0,0.0,0.0,1.0,varchar(100),100.0,100.0,0.0,0.0,1.0
dbo,maxlicuserasc,createdate,DATA_TYPE_CHANGED,DATA_TYPE_CHANGED|PRECISION_INCREASED|SCALE_INCREASED,datetime -> datetime2(7),datetime,NULL,8.0,23.0,3.0,0.0,datetime2(7),NULL,8.0,27.0,7.0,0.0
dbo,maxlicuserasc,updatedate,DATA_TYPE_CHANGED,DATA_TYPE_CHANGED|PRECISION_INCREASED|SCALE_INCREASED,datetime -> datetime2(7),datetime,NULL,8.0,23.0,3.0,0.0,datetime2(7),NULL,8.0,27.0,7.0,0.0
dbo,maxlicuserasc,userid,LENGTH_INCREASED,LENGTH_INCREASED,varchar(30) -> varchar(100),varchar(30),30.0,30.0,0.0,0.0,0.0,varchar(100),100.0,100.0,0.0,0.0,0.0
dbo,maxlicusgconcurt,createdate,DATA_TYPE_CHANGED,DATA_TYPE_CHANGED|PRECISION_INCREASED|SCALE_INCREASED,datetime -> datetime2(7),datetime,NULL,8.0,23.0,3.0,0.0,datetime2(7),NULL,8.0,27.0,7.0,0.0
dbo,maxlicusgconcurt,monitoreddate,DATA_TYPE_CHANGED,DATA_TYPE_CHANGED|PRECISION_INCREASED|SCALE_INCREASED,datetime -> datetime2(7),datetime,NULL,8.0,23.0,3.0,0.0,datetime2(7),NULL,8.0,27.0,7.0,0.0
dbo,maxlicusgconcurt,updatedate,DATA_TYPE_CHANGED,DATA_TYPE_CHANGED|PRECISION_INCREASED|SCALE_INCREASED,datetime -> datetime2(7),datetime,NULL,8.0,23.0,3.0,0.0,datetime2(7),NULL,8.0,27.0,7.0,0.0
dbo,maxlicusgconcurt,userlist,DATA_TYPE_CHANGED,DATA_TYPE_CHANGED,text -> varchar(max),text,NULL,16.0,0.0,0.0,1.0,varchar(max),NULL,-1.0,0.0,0.0,1.0
dbo,maxlicusgsmry,createdate,DATA_TYPE_CHANGED,DATA_TYPE_CHANGED|PRECISION_INCREASED|SCALE_INCREASED,datetime -> datetime2(7),datetime,NULL,8.0,23.0,3.0,0.0,datetime2(7),NULL,8.0,27.0,7.0,0.0
dbo,maxlicusgsmry,monitoreddate,DATA_TYPE_CHANGED,DATA_TYPE_CHANGED|PRECISION_INCREASED|SCALE_INCREASED,datetime -> datetime2(7),datetime,NULL,8.0,23.0,3.0,0.0,datetime2(7),NULL,8.0,27.0,7.0,0.0
dbo,maxlicusgsmry,updatedate,DATA_TYPE_CHANGED,DATA_TYPE_CHANGED|PRECISION_INCREASED|SCALE_INCREASED,datetime -> datetime2(7),datetime,NULL,8.0,23.0,3.0,0.0,datetime2(7),NULL,8.0,27.0,7.0,0.0
dbo,maxlicusgvar,createdate,DATA_TYPE_CHANGED,DATA_TYPE_CHANGED|PRECISION_INCREASED|SCALE_INCREASED,datetime -> datetime2(7),datetime,NULL,8.0,23.0,3.0,0.0,datetime2(7),NULL,8.0,27.0,7.0,0.0
dbo,maxlicusgvar,monitoreddate,DATA_TYPE_CHANGED,DATA_TYPE_CHANGED|PRECISION_INCREASED|SCALE_INCREASED,datetime -> datetime2(7),datetime,NULL,8.0,23.0,3.0,0.0,datetime2(7),NULL,8.0,27.0,7.0,0.0
dbo,maxlicusgvar,updatedate,DATA_TYPE_CHANGED,DATA_TYPE_CHANGED|PRECISION_INCREASED|SCALE_INCREASED,datetime -> datetime2(7),datetime,NULL,8.0,23.0,3.0,0.0,datetime2(7),NULL,8.0,27.0,7.0,0.0
dbo,maxlistoverval,changedate,DATA_TYPE_CHANGED,DATA_TYPE_CHANGED|PRECISION_INCREASED|SCALE_INCREASED,datetime -> datetime2(7),datetime,NULL,8.0,23.0,3.0,0.0,datetime2(7),NULL,8.0,27.0,7.0,0.0
dbo,maxlistoverval,changeby,LENGTH_INCREASED,LENGTH_INCREASED,varchar(30) -> varchar(100),varchar(30),30.0,30.0,0.0,0.0,0.0,varchar(100),100.0,100.0,0.0,0.0,0.0
dbo,maxmenu,pinned,COLUMN_ADDED,COLUMN_ADDED,new int,,,,,,,int,NULL,4.0,10.0,0.0,1.0
dbo,maxmobileschema,buildtimestamp,DATA_TYPE_CHANGED,DATA_TYPE_CHANGED|PRECISION_INCREASED|SCALE_INCREASED,datetime -> datetime2(7),datetime,NULL,8.0,23.0,3.0,0.0,datetime2(7),NULL,8.0,27.0,7.0,0.0
dbo,maxmobileschema,mobileschema,DATA_TYPE_CHANGED,DATA_TYPE_CHANGED,image -> varbinary(max),image,NULL,16.0,0.0,0.0,0.0,varbinary(max),NULL,-1.0,0.0,0.0,0.0
dbo,maxmobileschema,schemainfo,DATA_TYPE_CHANGED,DATA_TYPE_CHANGED,image -> varbinary(max),image,NULL,16.0,0.0,0.0,0.0,varbinary(max),NULL,-1.0,0.0,0.0,0.0
dbo,maxmodules,maxprodid,COLUMN_ADDED,COLUMN_ADDED,new varchar(30),,,,,,,varchar(30),30.0,30.0,0.0,0.0,1.0
dbo,maxmodules,skipentitlement,COLUMN_ADDED,COLUMN_ADDED,new smallint,,,,,,,smallint,NULL,2.0,5.0,0.0,0.0
dbo,maxmodules,skipnavigation,COLUMN_ADDED,COLUMN_ADDED,new smallint,,,,,,,smallint,NULL,2.0,5.0,0.0,0.0
dbo,maxmodules,threemodule,COLUMN_ADDED,COLUMN_ADDED,new smallint,,,,,,,smallint,NULL,2.0,5.0,0.0,0.0
dbo,maxoauthclient,accesstokenpersistent,COLUMN_ADDED,COLUMN_ADDED,new smallint,,,,,,,smallint,NULL,2.0,5.0,0.0,0.0
dbo,maxoauthclient,exitclass,COLUMN_ADDED,COLUMN_ADDED,new varchar(100),,,,,,,varchar(100),100.0,100.0,0.0,0.0,1.0
dbo,maxoauthclient,creationdate,DATA_TYPE_CHANGED,DATA_TYPE_CHANGED|PRECISION_INCREASED|SCALE_INCREASED,datetime -> datetime2(7),datetime,NULL,8.0,23.0,3.0,1.0,datetime2(7),NULL,8.0,27.0,7.0,1.0
dbo,maxobject,internalindicator,COLUMN_ADDED,COLUMN_ADDED,new varchar(1),,,,,,,varchar(1),1.0,1.0,0.0,0.0,1.0
dbo,maxobjectcfg,internalindicator,COLUMN_ADDED,COLUMN_ADDED,new varchar(1),,,,,,,varchar(1),1.0,1.0,0.0,0.0,1.0
dbo,maxpresentation,presentation,DATA_TYPE_CHANGED,DATA_TYPE_CHANGED,text -> varchar(max),text,NULL,16.0,0.0,0.0,0.0,varchar(max),NULL,-1.0,0.0,0.0,0.0
dbo,maxproccols,changedate,DATA_TYPE_CHANGED,DATA_TYPE_CHANGED|PRECISION_INCREASED|SCALE_INCREASED,datetime -> datetime2(7),datetime,NULL,8.0,23.0,3.0,0.0,datetime2(7),NULL,8.0,27.0,7.0,0.0
dbo,maxproccols,changeby,LENGTH_INCREASED,LENGTH_INCREASED,varchar(30) -> varchar(100),varchar(30),30.0,30.0,0.0,0.0,0.0,varchar(100),100.0,100.0,0.0,0.0,0.0
dbo,maxprop,changedate,DATA_TYPE_CHANGED,DATA_TYPE_CHANGED|PRECISION_INCREASED|SCALE_INCREASED,datetime -> datetime2(7),datetime,NULL,8.0,23.0,3.0,0.0,datetime2(7),NULL,8.0,27.0,7.0,0.0
dbo,maxprop,changeby,LENGTH_INCREASED,LENGTH_INCREASED,varchar(30) -> varchar(100),varchar(30),30.0,30.0,0.0,0.0,0.0,varchar(100),100.0,100.0,0.0,0.0,0.0
dbo,maxprop,maximodefault,LENGTH_INCREASED,LENGTH_INCREASED,varchar(1000) -> varchar(4000),varchar(1000),1000.0,1000.0,0.0,0.0,1.0,varchar(4000),4000.0,4000.0,0.0,0.0,1.0
dbo,maxpropvalue,changedate,DATA_TYPE_CHANGED,DATA_TYPE_CHANGED|PRECISION_INCREASED|SCALE_INCREASED,datetime -> datetime2(7),datetime,NULL,8.0,23.0,3.0,0.0,datetime2(7),NULL,8.0,27.0,7.0,0.0
dbo,maxpropvalue,changeby,LENGTH_INCREASED,LENGTH_INCREASED,varchar(30) -> varchar(100),varchar(30),30.0,30.0,0.0,0.0,0.0,varchar(100),100.0,100.0,0.0,0.0,0.0
dbo,maxpropvalue,propvalue,LENGTH_INCREASED,LENGTH_INCREASED,varchar(1000) -> varchar(4000),varchar(1000),1000.0,1000.0,0.0,0.0,1.0,varchar(4000),4000.0,4000.0,0.0,0.0,1.0
dbo,maxpushproviderdevtype,apncertificate,DATA_TYPE_CHANGED,DATA_TYPE_CHANGED,image -> varbinary(max),image,NULL,16.0,0.0,0.0,1.0,varbinary(max),NULL,-1.0,0.0,0.0,1.0
dbo,maxpushproviderdevtype,fcmserviceacctjson,DATA_TYPE_CHANGED,DATA_TYPE_CHANGED,text -> varchar(max),text,NULL,16.0,0.0,0.0,1.0,varchar(max),NULL,-1.0,0.0,0.0,1.0
dbo,maxqueue,changedate,DATA_TYPE_CHANGED,DATA_TYPE_CHANGED|PRECISION_INCREASED|SCALE_INCREASED,datetime -> datetime2(7),datetime,NULL,8.0,23.0,3.0,0.0,datetime2(7),NULL,8.0,27.0,7.0,0.0
dbo,maxqueue,changeby,LENGTH_INCREASED,LENGTH_INCREASED,varchar(30) -> varchar(100),varchar(30),30.0,30.0,0.0,0.0,0.0,varchar(100),100.0,100.0,0.0,0.0,0.0
dbo,maxqueue,userid,LENGTH_INCREASED,LENGTH_INCREASED,varchar(30) -> varchar(100),varchar(30),30.0,30.0,0.0,0.0,1.0,varchar(100),100.0,100.0,0.0,0.0,1.0
dbo,maxrecordlock,lockdatetime,DATA_TYPE_CHANGED,DATA_TYPE_CHANGED|PRECISION_INCREASED|SCALE_INCREASED,datetime -> datetime2(7),datetime,NULL,8.0,23.0,3.0,0.0,datetime2(7),NULL,8.0,27.0,7.0,0.0
dbo,maxrecordlock,displayname,LENGTH_INCREASED,LENGTH_INCREASED,varchar(62) -> varchar(82),varchar(62),62.0,62.0,0.0,0.0,1.0,varchar(82),82.0,82.0,0.0,0.0,1.0
dbo,maxrecordlock,userid,LENGTH_INCREASED,LENGTH_INCREASED,varchar(30) -> varchar(100),varchar(30),30.0,30.0,0.0,0.0,1.0,varchar(100),100.0,100.0,0.0,0.0,1.0
dbo,maxrelationship,isdefault,COLUMN_ADDED,COLUMN_ADDED,new smallint,,,,,,,smallint,NULL,2.0,5.0,0.0,0.0
dbo,maxrelationship,name,LENGTH_INCREASED,LENGTH_INCREASED,varchar(50) -> varchar(100),varchar(50),50.0,50.0,0.0,0.0,0.0,varchar(100),100.0,100.0,0.0,0.0,0.0
dbo,maxreplaceproc,changedate,DATA_TYPE_CHANGED,DATA_TYPE_CHANGED|PRECISION_INCREASED|SCALE_INCREASED,datetime -> datetime2(7),datetime,NULL,8.0,23.0,3.0,0.0,datetime2(7),NULL,8.0,27.0,7.0,0.0
dbo,maxreplaceproc,changeby,LENGTH_INCREASED,LENGTH_INCREASED,varchar(30) -> varchar(100),varchar(30),30.0,30.0,0.0,0.0,0.0,varchar(100),100.0,100.0,0.0,0.0,0.0
dbo,maxrowstamp,changedate,DATA_TYPE_CHANGED,DATA_TYPE_CHANGED|PRECISION_INCREASED|SCALE_INCREASED,datetime -> datetime2(7),datetime,NULL,8.0,23.0,3.0,1.0,datetime2(7),NULL,8.0,27.0,7.0,1.0
dbo,maxsession,lastactivity,DATA_TYPE_CHANGED,DATA_TYPE_CHANGED|PRECISION_INCREASED|SCALE_INCREASED,datetime -> datetime2(7),datetime,NULL,8.0,23.0,3.0,1.0,datetime2(7),NULL,8.0,27.0,7.0,1.0
dbo,maxsession,logindatetime,DATA_TYPE_CHANGED,DATA_TYPE_CHANGED|PRECISION_INCREASED|SCALE_INCREASED,datetime -> datetime2(7),datetime,NULL,8.0,23.0,3.0,0.0,datetime2(7),NULL,8.0,27.0,7.0,0.0
dbo,maxsession,servertimestamp,DATA_TYPE_CHANGED,DATA_TYPE_CHANGED|PRECISION_INCREASED|SCALE_INCREASED,datetime -> datetime2(7),datetime,NULL,8.0,23.0,3.0,1.0,datetime2(7),NULL,8.0,27.0,7.0,1.0
dbo,maxsession,displayname,LENGTH_INCREASED,LENGTH_INCREASED,varchar(62) -> varchar(82),varchar(62),62.0,62.0,0.0,0.0,1.0,varchar(82),82.0,82.0,0.0,0.0,1.0
dbo,maxsession,userid,LENGTH_INCREASED,LENGTH_INCREASED,varchar(30) -> varchar(100),varchar(30),30.0,30.0,0.0,0.0,0.0,varchar(100),100.0,100.0,0.0,0.0,0.0
dbo,maxtestfix,applydate,DATA_TYPE_CHANGED,DATA_TYPE_CHANGED|PRECISION_INCREASED|SCALE_INCREASED,datetime -> datetime2(7),datetime,NULL,8.0,23.0,3.0,0.0,datetime2(7),NULL,8.0,27.0,7.0,0.0
dbo,maxtestfix,filenames,DATA_TYPE_CHANGED,DATA_TYPE_CHANGED,text -> varchar(max),text,NULL,16.0,0.0,0.0,1.0,varchar(max),NULL,-1.0,0.0,0.0,1.0
dbo,maxtestfix,remarks,DATA_TYPE_CHANGED,DATA_TYPE_CHANGED,text -> varchar(max),text,NULL,16.0,0.0,0.0,1.0,varchar(max),NULL,-1.0,0.0,0.0,1.0
dbo,maxthreadlogger,contextuser,LENGTH_INCREASED,LENGTH_INCREASED,varchar(30) -> varchar(100),varchar(30),30.0,30.0,0.0,0.0,1.0,varchar(100),100.0,100.0,0.0,0.0,1.0
dbo,maxthreadloggerdet,contextuser,LENGTH_INCREASED,LENGTH_INCREASED,varchar(30) -> varchar(100),varchar(30),30.0,30.0,0.0,0.0,1.0,varchar(100),100.0,100.0,0.0,0.0,1.0
dbo,maxtoken,createdate,DATA_TYPE_CHANGED,DATA_TYPE_CHANGED|PRECISION_INCREASED|SCALE_INCREASED,datetime -> datetime2(7),datetime,NULL,8.0,23.0,3.0,0.0,datetime2(7),NULL,8.0,27.0,7.0,0.0
dbo,maxtoken,userid,LENGTH_INCREASED,LENGTH_INCREASED,varchar(30) -> varchar(100),varchar(30),30.0,30.0,0.0,0.0,0.0,varchar(100),100.0,100.0,0.0,0.0,0.0
dbo,maxtransformproc,changedate,DATA_TYPE_CHANGED,DATA_TYPE_CHANGED|PRECISION_INCREASED|SCALE_INCREASED,datetime -> datetime2(7),datetime,NULL,8.0,23.0,3.0,0.0,datetime2(7),NULL,8.0,27.0,7.0,0.0
dbo,maxtransformproc,changeby,LENGTH_INCREASED,LENGTH_INCREASED,varchar(30) -> varchar(100),varchar(30),30.0,30.0,0.0,0.0,0.0,varchar(100),100.0,100.0,0.0,0.0,0.0
dbo,maxuser,apikeyadmin,COLUMN_ADDED,COLUMN_ADDED,new smallint,,,,,,,smallint,NULL,2.0,5.0,0.0,0.0
dbo,maxuser,authlockexpire,COLUMN_ADDED,COLUMN_ADDED,new datetime2(7),,,,,,,datetime2(7),NULL,8.0,27.0,7.0,1.0
dbo,maxuser,changeby,COLUMN_ADDED,COLUMN_ADDED,new varchar(100),,,,,,,varchar(100),100.0,100.0,0.0,0.0,1.0
dbo,maxuser,changedate,COLUMN_ADDED,COLUMN_ADDED,new datetime2(7),,,,,,,datetime2(7),NULL,8.0,27.0,7.0,1.0
dbo,maxuser,cognossyncstatus,COLUMN_ADDED,COLUMN_ADDED,new varchar(20),,,,,,,varchar(20),20.0,20.0,0.0,0.0,1.0
dbo,maxuser,createdby,COLUMN_ADDED,COLUMN_ADDED,new varchar(100),,,,,,,varchar(100),100.0,100.0,0.0,0.0,1.0
dbo,maxuser,createddate,COLUMN_ADDED,COLUMN_ADDED,new datetime2(7),,,,,,,datetime2(7),NULL,8.0,27.0,7.0,1.0
dbo,maxuser,expiresat,COLUMN_ADDED,COLUMN_ADDED,new datetime2(7),,,,,,,datetime2(7),NULL,8.0,27.0,7.0,1.0
dbo,maxuser,failedlogindate,COLUMN_ADDED,COLUMN_ADDED,new datetime2(7),,,,,,,datetime2(7),NULL,8.0,27.0,7.0,1.0
dbo,maxuser,idpadmin,COLUMN_ADDED,COLUMN_ADDED,new smallint,,,,,,,smallint,NULL,2.0,5.0,0.0,0.0
dbo,maxuser,inactivitytimeout,COLUMN_ADDED,COLUMN_ADDED,new varchar(20),,,,,,,varchar(20),20.0,20.0,0.0,0.0,1.0
dbo,maxuser,iotrole,COLUMN_ADDED,COLUMN_ADDED,new varchar(25),,,,,,,varchar(25),25.0,25.0,0.0,0.0,1.0
dbo,maxuser,isauthorized,COLUMN_ADDED,COLUMN_ADDED,new int,,,,,,,int,NULL,4.0,10.0,0.0,0.0
dbo,maxuser,islocked,COLUMN_ADDED,COLUMN_ADDED,new smallint,,,,,,,smallint,NULL,2.0,5.0,0.0,0.0
dbo,maxuser,lastactivity,COLUMN_ADDED,COLUMN_ADDED,new datetime2(7),,,,,,,datetime2(7),NULL,8.0,27.0,7.0,1.0
dbo,maxuser,ldapuserref,COLUMN_ADDED,COLUMN_ADDED,new varchar(2048),,,,,,,varchar(2048),2048.0,2048.0,0.0,0.0,1.0
dbo,maxuser,lockedoutdate,COLUMN_ADDED,COLUMN_ADDED,new datetime2(7),,,,,,,datetime2(7),NULL,8.0,27.0,7.0,1.0
dbo,maxuser,maserrorcode,COLUMN_ADDED,COLUMN_ADDED,new varchar(2000),,,,,,,varchar(2000),2000.0,2000.0,0.0,0.0,1.0
dbo,maxuser,masissuer,COLUMN_ADDED,COLUMN_ADDED,new varchar(20),,,,,,,varchar(20),20.0,20.0,0.0,0.0,1.0
dbo,maxuser,massyncstatus,COLUMN_ADDED,COLUMN_ADDED,new int,,,,,,,int,NULL,4.0,10.0,0.0,1.0
dbo,maxuser,owner,COLUMN_ADDED,COLUMN_ADDED,new varchar(50),,,,,,,varchar(50),50.0,50.0,0.0,0.0,1.0
dbo,maxuser,scimexternalid,COLUMN_ADDED,COLUMN_ADDED,new varchar(100),,,,,,,varchar(100),100.0,100.0,0.0,0.0,1.0
dbo,maxuser,scimprofileid,COLUMN_ADDED,COLUMN_ADDED,new varchar(100),,,,,,,varchar(100),100.0,100.0,0.0,0.0,1.0
dbo,maxuser,syncprofile,COLUMN_ADDED,COLUMN_ADDED,new smallint,,,,,,,smallint,NULL,2.0,5.0,0.0,0.0
dbo,maxuser,systemadmin,COLUMN_ADDED,COLUMN_ADDED,new smallint,,,,,,,smallint,NULL,2.0,5.0,0.0,0.0
dbo,maxuser,tririgaaccess,COLUMN_ADDED,COLUMN_ADDED,new varchar(25),,,,,,,varchar(25),25.0,25.0,0.0,0.0,1.0
dbo,maxuser,pwexpiration,DATA_TYPE_CHANGED,DATA_TYPE_CHANGED|PRECISION_INCREASED|SCALE_INCREASED,datetime -> datetime2(7),datetime,NULL,8.0,23.0,3.0,1.0,datetime2(7),NULL,8.0,27.0,7.0,1.0
dbo,maxuser,loginid,LENGTH_INCREASED,LENGTH_INCREASED,varchar(50) -> varchar(100),varchar(50),50.0,50.0,0.0,0.0,0.0,varchar(100),100.0,100.0,0.0,0.0,0.0
dbo,maxuser,personid,LENGTH_INCREASED,LENGTH_INCREASED,varchar(30) -> varchar(100),varchar(30),30.0,30.0,0.0,0.0,0.0,varchar(100),100.0,100.0,0.0,0.0,0.0
dbo,maxuser,userid,LENGTH_INCREASED,LENGTH_INCREASED,varchar(30) -> varchar(100),varchar(30),30.0,30.0,0.0,0.0,0.0,varchar(100),100.0,100.0,0.0,0.0,0.0
dbo,maxuser,password,NOW_NULLABLE,NOW_NULLABLE,varbinary(128) -> varbinary(128),varbinary(128),128.0,128.0,0.0,0.0,0.0,varbinary(128),128.0,128.0,0.0,0.0,1.0
dbo,maxuserapplog,enterdatetime,DATA_TYPE_CHANGED,DATA_TYPE_CHANGED|PRECISION_INCREASED|SCALE_INCREASED,datetime -> datetime2(7),datetime,NULL,8.0,23.0,3.0,1.0,datetime2(7),NULL,8.0,27.0,7.0,1.0
dbo,maxuserapplog,userid,LENGTH_INCREASED,LENGTH_INCREASED,varchar(50) -> varchar(100),varchar(50),50.0,50.0,0.0,0.0,1.0,varchar(100),100.0,100.0,0.0,0.0,1.0
dbo,maxusernps,lastsurveyed,DATA_TYPE_CHANGED,DATA_TYPE_CHANGED|PRECISION_INCREASED|SCALE_INCREASED,datetime -> datetime2(7),datetime,NULL,8.0,23.0,3.0,1.0,datetime2(7),NULL,8.0,27.0,7.0,1.0
dbo,maxusernps,lastused,DATA_TYPE_CHANGED,DATA_TYPE_CHANGED|PRECISION_INCREASED|SCALE_INCREASED,datetime -> datetime2(7),datetime,NULL,8.0,23.0,3.0,1.0,datetime2(7),NULL,8.0,27.0,7.0,1.0
dbo,maxusernps,userid,LENGTH_INCREASED,LENGTH_INCREASED,varchar(30) -> varchar(100),varchar(30),30.0,30.0,0.0,0.0,0.0,varchar(100),100.0,100.0,0.0,0.0,0.0
dbo,maxuserstatus,changedate,DATA_TYPE_CHANGED,DATA_TYPE_CHANGED|PRECISION_INCREASED|SCALE_INCREASED,datetime -> datetime2(7),datetime,NULL,8.0,23.0,3.0,0.0,datetime2(7),NULL,8.0,27.0,7.0,0.0
dbo,maxuserstatus,changeby,LENGTH_INCREASED,LENGTH_INCREASED,varchar(30) -> varchar(100),varchar(30),30.0,30.0,0.0,0.0,0.0,varchar(100),100.0,100.0,0.0,0.0,0.0
dbo,maxuserstatus,userid,LENGTH_INCREASED,LENGTH_INCREASED,varchar(30) -> varchar(100),varchar(30),30.0,30.0,0.0,0.0,0.0,varchar(100),100.0,100.0,0.0,0.0,0.0
dbo,maxusrdbauthinfo,loginid,LENGTH_INCREASED,LENGTH_INCREASED,varchar(50) -> varchar(100),varchar(50),50.0,50.0,0.0,0.0,0.0,varchar(100),100.0,100.0,0.0,0.0,0.0
dbo,maxvars,varname,LENGTH_INCREASED,LENGTH_INCREASED,varchar(18) -> varchar(30),varchar(18),18.0,18.0,0.0,0.0,0.0,varchar(30),30.0,30.0,0.0,0.0,0.0
dbo,maxvartype,varname,LENGTH_INCREASED,LENGTH_INCREASED,varchar(18) -> varchar(30),varchar(18),18.0,18.0,0.0,0.0,0.0,varchar(30),30.0,30.0,0.0,0.0,0.0
dbo,maxwsregistry,changedate,DATA_TYPE_CHANGED,DATA_TYPE_CHANGED|PRECISION_INCREASED|SCALE_INCREASED,datetime -> datetime2(7),datetime,NULL,8.0,23.0,3.0,1.0,datetime2(7),NULL,8.0,27.0,7.0,1.0
dbo,maxwsregistry,changeby,LENGTH_INCREASED,LENGTH_INCREASED,varchar(30) -> varchar(100),varchar(30),30.0,30.0,0.0,0.0,1.0,varchar(100),100.0,100.0,0.0,0.0,1.0
dbo,maxxrefoverval,changedate,DATA_TYPE_CHANGED,DATA_TYPE_CHANGED|PRECISION_INCREASED|SCALE_INCREASED,datetime -> datetime2(7),datetime,NULL,8.0,23.0,3.0,0.0,datetime2(7),NULL,8.0,27.0,7.0,0.0
dbo,maxxrefoverval,changeby,LENGTH_INCREASED,LENGTH_INCREASED,varchar(30) -> varchar(100),varchar(30),30.0,30.0,0.0,0.0,0.0,varchar(100),100.0,100.0,0.0,0.0,0.0
dbo,measurement,event,COLUMN_ADDED,COLUMN_ADDED,new varchar(100),,,,,,,varchar(100),100.0,100.0,0.0,0.0,1.0
dbo,measurement,hasld,COLUMN_ADDED,COLUMN_ADDED,new smallint,,,,,,,smallint,NULL,2.0,5.0,0.0,0.0
dbo,measurement,langcode,COLUMN_ADDED,COLUMN_ADDED,new varchar(4),,,,,,,varchar(4),4.0,4.0,0.0,0.0,0.0
dbo,measurement,source,COLUMN_ADDED,COLUMN_ADDED,new varchar(20),,,,,,,varchar(20),20.0,20.0,0.0,0.0,1.0
dbo,measurement,measuredate,DATA_TYPE_CHANGED,DATA_TYPE_CHANGED|PRECISION_INCREASED|SCALE_INCREASED,datetime -> datetime2(7),datetime,NULL,8.0,23.0,3.0,0.0,datetime2(7),NULL,8.0,27.0,7.0,0.0
dbo,measurement,inspector,LENGTH_INCREASED,LENGTH_INCREASED,varchar(30) -> varchar(100),varchar(30),30.0,30.0,0.0,0.0,1.0,varchar(100),100.0,100.0,0.0,0.0,1.0
dbo,measurepoint,genalertlowerwarn,COLUMN_ADDED,COLUMN_ADDED,new smallint,,,,,,,smallint,NULL,2.0,5.0,0.0,0.0
dbo,measurepoint,genalertupperwarn,COLUMN_ADDED,COLUMN_ADDED,new smallint,,,,,,,smallint,NULL,2.0,5.0,0.0,0.0
dbo,measurepoint,restrictduration,COLUMN_ADDED,COLUMN_ADDED,"new decimal(8,2)",,,,,,,"decimal(8,2)",NULL,5.0,8.0,2.0,1.0
dbo,measurepoint,restrictunit,COLUMN_ADDED,COLUMN_ADDED,new varchar(15),,,,,,,varchar(15),15.0,15.0,0.0,0.0,1.0
dbo,meterreading,enterdate,DATA_TYPE_CHANGED,DATA_TYPE_CHANGED|PRECISION_INCREASED|SCALE_INCREASED,datetime -> datetime2(7),datetime,NULL,8.0,23.0,3.0,0.0,datetime2(7),NULL,8.0,27.0,7.0,0.0
dbo,meterreading,readingdate,DATA_TYPE_CHANGED,DATA_TYPE_CHANGED|PRECISION_INCREASED|SCALE_INCREASED,datetime -> datetime2(7),datetime,NULL,8.0,23.0,3.0,0.0,datetime2(7),NULL,8.0,27.0,7.0,0.0
dbo,meterreading,enterby,LENGTH_INCREASED,LENGTH_INCREASED,varchar(30) -> varchar(100),varchar(30),30.0,30.0,0.0,0.0,0.0,varchar(100),100.0,100.0,0.0,0.0,0.0
dbo,meterreading,inspector,LENGTH_INCREASED,LENGTH_INCREASED,varchar(30) -> varchar(100),varchar(30),30.0,30.0,0.0,0.0,0.0,varchar(100),100.0,100.0,0.0,0.0,0.0
dbo,mfmailtrack,lastupdate,DATA_TYPE_CHANGED,DATA_TYPE_CHANGED|PRECISION_INCREASED|SCALE_INCREASED,datetime -> datetime2(7),datetime,NULL,8.0,23.0,3.0,0.0,datetime2(7),NULL,8.0,27.0,7.0,0.0
dbo,mobiledb,croninstance,COLUMN_ADDED,COLUMN_ADDED,new varchar(50),,,,,,,varchar(50),50.0,50.0,0.0,0.0,1.0
dbo,mobiledb,pagesize,COLUMN_ADDED,COLUMN_ADDED,new int,,,,,,,int,NULL,4.0,10.0,0.0,1.0
dbo,mobiledb,runasuser,COLUMN_ADDED,COLUMN_ADDED,new varchar(100),,,,,,,varchar(100),100.0,100.0,0.0,0.0,1.0
dbo,mobiledb,siteid,COLUMN_ADDED,COLUMN_ADDED,new varchar(8),,,,,,,varchar(8),8.0,8.0,0.0,0.0,1.0
dbo,mobiledb,starttimestamp,COLUMN_ADDED,COLUMN_ADDED,new datetime2(7),,,,,,,datetime2(7),NULL,8.0,27.0,7.0,1.0
dbo,mobiledb,buildtimestamp,DATA_TYPE_CHANGED,DATA_TYPE_CHANGED|PRECISION_INCREASED|SCALE_INCREASED,datetime -> datetime2(7),datetime,NULL,8.0,23.0,3.0,0.0,datetime2(7),NULL,8.0,27.0,7.0,0.0
dbo,mobiledb,generationtrace,DATA_TYPE_CHANGED,DATA_TYPE_CHANGED,image -> varbinary(max),image,NULL,16.0,0.0,0.0,1.0,varbinary(max),NULL,-1.0,0.0,0.0,1.0
dbo,mobiledb,mobiledb,DATA_TYPE_CHANGED,DATA_TYPE_CHANGED,image -> varbinary(max),image,NULL,16.0,0.0,0.0,1.0,varbinary(max),NULL,-1.0,0.0,0.0,1.0
dbo,mobiledb,statusinfo,DATA_TYPE_CHANGED,DATA_TYPE_CHANGED,image -> varbinary(max),image,NULL,16.0,0.0,0.0,1.0,varbinary(max),NULL,-1.0,0.0,0.0,1.0
dbo,modavail,calendarbreakid,COLUMN_ADDED,COLUMN_ADDED,new bigint,,,,,,,bigint,NULL,8.0,19.0,0.0,1.0
dbo,modavail,laborrotshiftid,COLUMN_ADDED,COLUMN_ADDED,new bigint,,,,,,,bigint,NULL,8.0,19.0,0.0,1.0
dbo,modavail,shiftbreak,COLUMN_ADDED,COLUMN_ADDED,new smallint,,,,,,,smallint,NULL,2.0,5.0,0.0,1.0
dbo,modavail,shiftnum,COLUMN_ADDED,COLUMN_ADDED,new varchar(8),,,,,,,varchar(8),8.0,8.0,0.0,0.0,1.0
dbo,modavail,shiftrot,COLUMN_ADDED,COLUMN_ADDED,new smallint,,,,,,,smallint,NULL,2.0,5.0,0.0,0.0
dbo,modavail,endtime,DATA_TYPE_CHANGED,DATA_TYPE_CHANGED|PRECISION_INCREASED|SCALE_INCREASED,datetime -> datetime2(7),datetime,NULL,8.0,23.0,3.0,1.0,datetime2(7),NULL,8.0,27.0,7.0,1.0
dbo,modavail,starttime,DATA_TYPE_CHANGED,DATA_TYPE_CHANGED|PRECISION_INCREASED|SCALE_INCREASED,datetime -> datetime2(7),datetime,NULL,8.0,23.0,3.0,1.0,datetime2(7),NULL,8.0,27.0,7.0,1.0
dbo,modavail,workdate,DATA_TYPE_CHANGED,DATA_TYPE_CHANGED|PRECISION_INCREASED|SCALE_INCREASED,datetime -> datetime2(7),datetime,NULL,8.0,23.0,3.0,1.0,datetime2(7),NULL,8.0,27.0,7.0,1.0
dbo,modavail,personid,LENGTH_INCREASED,LENGTH_INCREASED,varchar(30) -> varchar(100),varchar(30),30.0,30.0,0.0,0.0,0.0,varchar(100),100.0,100.0,0.0,0.0,0.0
dbo,mr,changedate,DATA_TYPE_CHANGED,DATA_TYPE_CHANGED|PRECISION_INCREASED|SCALE_INCREASED,datetime -> datetime2(7),datetime,NULL,8.0,23.0,3.0,0.0,datetime2(7),NULL,8.0,27.0,7.0,0.0
dbo,mr,enterdate,DATA_TYPE_CHANGED,DATA_TYPE_CHANGED|PRECISION_INCREASED|SCALE_INCREASED,datetime -> datetime2(7),datetime,NULL,8.0,23.0,3.0,0.0,datetime2(7),NULL,8.0,27.0,7.0,0.0
dbo,mr,mrdate,DATA_TYPE_CHANGED,DATA_TYPE_CHANGED|PRECISION_INCREASED|SCALE_INCREASED,datetime -> datetime2(7),datetime,NULL,8.0,23.0,3.0,0.0,datetime2(7),NULL,8.0,27.0,7.0,0.0
dbo,mr,requireddate,DATA_TYPE_CHANGED,DATA_TYPE_CHANGED|PRECISION_INCREASED|SCALE_INCREASED,datetime -> datetime2(7),datetime,NULL,8.0,23.0,3.0,1.0,datetime2(7),NULL,8.0,27.0,7.0,1.0
dbo,mr,statusdate,DATA_TYPE_CHANGED,DATA_TYPE_CHANGED|PRECISION_INCREASED|SCALE_INCREASED,datetime -> datetime2(7),datetime,NULL,8.0,23.0,3.0,0.0,datetime2(7),NULL,8.0,27.0,7.0,0.0
dbo,mr,changeby,LENGTH_INCREASED,LENGTH_INCREASED,varchar(30) -> varchar(100),varchar(30),30.0,30.0,0.0,0.0,0.0,varchar(100),100.0,100.0,0.0,0.0,0.0
dbo,mr,enterby,LENGTH_INCREASED,LENGTH_INCREASED,varchar(30) -> varchar(100),varchar(30),30.0,30.0,0.0,0.0,0.0,varchar(100),100.0,100.0,0.0,0.0,0.0
dbo,mr,requestedby,LENGTH_INCREASED,LENGTH_INCREASED,varchar(30) -> varchar(100),varchar(30),30.0,30.0,0.0,0.0,1.0,varchar(100),100.0,100.0,0.0,0.0,1.0
dbo,mr,requestedfor,LENGTH_INCREASED,LENGTH_INCREASED,varchar(30) -> varchar(100),varchar(30),30.0,30.0,0.0,0.0,1.0,varchar(100),100.0,100.0,0.0,0.0,1.0
dbo,mr,wonum,LENGTH_INCREASED,LENGTH_INCREASED,varchar(10) -> varchar(25),varchar(10),10.0,10.0,0.0,0.0,1.0,varchar(25),25.0,25.0,0.0,0.0,1.0
dbo,mrline,anywhererefid,COLUMN_ADDED,COLUMN_ADDED,new bigint,,,,,,,bigint,NULL,8.0,19.0,0.0,1.0
dbo,mrline,availdate,DATA_TYPE_CHANGED,DATA_TYPE_CHANGED|PRECISION_INCREASED|SCALE_INCREASED,datetime -> datetime2(7),datetime,NULL,8.0,23.0,3.0,1.0,datetime2(7),NULL,8.0,27.0,7.0,1.0
dbo,mrline,requireddate,DATA_TYPE_CHANGED,DATA_TYPE_CHANGED|PRECISION_INCREASED|SCALE_INCREASED,datetime -> datetime2(7),datetime,NULL,8.0,23.0,3.0,1.0,datetime2(7),NULL,8.0,27.0,7.0,1.0
dbo,mrline,classstructureid,LENGTH_INCREASED,LENGTH_INCREASED,varchar(20) -> varchar(25),varchar(20),20.0,20.0,0.0,0.0,1.0,varchar(25),25.0,25.0,0.0,0.0,1.0
dbo,mrline,refwo,LENGTH_INCREASED,LENGTH_INCREASED,varchar(10) -> varchar(25),varchar(10),10.0,10.0,0.0,0.0,1.0,varchar(25),25.0,25.0,0.0,0.0,1.0
dbo,mrstatus,changedate,DATA_TYPE_CHANGED,DATA_TYPE_CHANGED|PRECISION_INCREASED|SCALE_INCREASED,datetime -> datetime2(7),datetime,NULL,8.0,23.0,3.0,0.0,datetime2(7),NULL,8.0,27.0,7.0,0.0
dbo,mrstatus,changeby,LENGTH_INCREASED,LENGTH_INCREASED,varchar(30) -> varchar(100),varchar(30),30.0,30.0,0.0,0.0,0.0,varchar(100),100.0,100.0,0.0,0.0,0.0
dbo,msghubprovidercfg,propvalue,LENGTH_INCREASED,LENGTH_INCREASED,varchar(500) -> varchar(1000),varchar(500),500.0,500.0,0.0,0.0,1.0,varchar(1000),1000.0,1000.0,0.0,0.0,1.0
dbo,multiassetlocci,anywhererefid,COLUMN_ADDED,COLUMN_ADDED,new bigint,,,,,,,bigint,NULL,8.0,19.0,0.0,1.0
dbo,multiassetlocci,recordkey,LENGTH_INCREASED,LENGTH_INCREASED,varchar(10) -> varchar(25),varchar(10),10.0,10.0,0.0,0.0,1.0,varchar(25),25.0,25.0,0.0,0.0,1.0
dbo,multiassetloccipr,changedate,DATA_TYPE_CHANGED,DATA_TYPE_CHANGED|PRECISION_INCREASED|SCALE_INCREASED,datetime -> datetime2(7),datetime,NULL,8.0,23.0,3.0,0.0,datetime2(7),NULL,8.0,27.0,7.0,0.0
dbo,multiassetloccipr,changeby,LENGTH_INCREASED,LENGTH_INCREASED,varchar(30) -> varchar(100),varchar(30),30.0,30.0,0.0,0.0,0.0,varchar(100),100.0,100.0,0.0,0.0,0.0
dbo,mxodmapp,deployeddate,DATA_TYPE_CHANGED,DATA_TYPE_CHANGED|PRECISION_INCREASED|SCALE_INCREASED,datetime -> datetime2(7),datetime,NULL,8.0,23.0,3.0,1.0,datetime2(7),NULL,8.0,27.0,7.0,1.0
dbo,mxodmapp,deployedby,LENGTH_INCREASED,LENGTH_INCREASED,varchar(30) -> varchar(100),varchar(30),30.0,30.0,0.0,0.0,1.0,varchar(100),100.0,100.0,0.0,0.0,1.0
dbo,mxodmapppkg,apppackage,DATA_TYPE_CHANGED,DATA_TYPE_CHANGED,image -> varbinary(max),image,NULL,16.0,0.0,0.0,1.0,varbinary(max),NULL,-1.0,0.0,0.0,1.0
dbo,mxodmapppkg,lastmodified,DATA_TYPE_CHANGED,DATA_TYPE_CHANGED|PRECISION_INCREASED|SCALE_INCREASED,datetime -> datetime2(7),datetime,NULL,8.0,23.0,3.0,1.0,datetime2(7),NULL,8.0,27.0,7.0,1.0
dbo,mxtour,tour,DATA_TYPE_CHANGED,DATA_TYPE_CHANGED,text -> varchar(max),text,NULL,16.0,0.0,0.0,0.0,varchar(max),NULL,-1.0,0.0,0.0,0.0
dbo,namedusers,personid,LENGTH_INCREASED,LENGTH_INCREASED,varchar(30) -> varchar(100),varchar(30),30.0,30.0,0.0,0.0,1.0,varchar(100),100.0,100.0,0.0,0.0,1.0
dbo,nonworktime,enddate,DATA_TYPE_CHANGED,DATA_TYPE_CHANGED|PRECISION_INCREASED|SCALE_INCREASED,datetime -> datetime2(7),datetime,NULL,8.0,23.0,3.0,0.0,datetime2(7),NULL,8.0,27.0,7.0,0.0
dbo,nonworktime,startdate,DATA_TYPE_CHANGED,DATA_TYPE_CHANGED|PRECISION_INCREASED|SCALE_INCREASED,datetime -> datetime2(7),datetime,NULL,8.0,23.0,3.0,0.0,datetime2(7),NULL,8.0,27.0,7.0,0.0
dbo,objectformula,changedate,DATA_TYPE_CHANGED,DATA_TYPE_CHANGED|PRECISION_INCREASED|SCALE_INCREASED,datetime -> datetime2(7),datetime,NULL,8.0,23.0,3.0,1.0,datetime2(7),NULL,8.0,27.0,7.0,1.0
dbo,objectformula,formula,LENGTH_INCREASED,LENGTH_INCREASED,varchar(1000) -> varchar(2000),varchar(1000),1000.0,1000.0,0.0,0.0,1.0,varchar(2000),2000.0,2000.0,0.0,0.0,1.0
dbo,objectformula,formulaname,LENGTH_INCREASED,LENGTH_INCREASED,varchar(50) -> varchar(610),varchar(50),50.0,50.0,0.0,0.0,0.0,varchar(610),610.0,610.0,0.0,0.0,0.0
dbo,objectformulacond,formula,LENGTH_INCREASED,LENGTH_INCREASED,varchar(1000) -> varchar(2000),varchar(1000),1000.0,1000.0,0.0,0.0,1.0,varchar(2000),2000.0,2000.0,0.0,0.0,1.0
dbo,offlineareapackage,packagefilefragment,DATA_TYPE_CHANGED,DATA_TYPE_CHANGED,image -> varbinary(max),image,NULL,16.0,0.0,0.0,1.0,varbinary(max),NULL,-1.0,0.0,0.0,1.0
dbo,offlinegeodatabase,geodatabase,DATA_TYPE_CHANGED,DATA_TYPE_CHANGED,image -> varbinary(max),image,NULL,16.0,0.0,0.0,1.0,varbinary(max),NULL,-1.0,0.0,0.0,1.0
dbo,offlinemapservicereplica,replicacreationdate,DATA_TYPE_CHANGED,DATA_TYPE_CHANGED|PRECISION_INCREASED|SCALE_INCREASED,datetime -> datetime2(7),datetime,NULL,8.0,23.0,3.0,1.0,datetime2(7),NULL,8.0,27.0,7.0,1.0
dbo,offlinemapservicereplica,replicasstatuslog,DATA_TYPE_CHANGED,DATA_TYPE_CHANGED,text -> varchar(max),text,NULL,16.0,0.0,0.0,1.0,varchar(max),NULL,-1.0,0.0,0.0,1.0
dbo,omp,changedate,DATA_TYPE_CHANGED,DATA_TYPE_CHANGED|PRECISION_INCREASED|SCALE_INCREASED,datetime -> datetime2(7),datetime,NULL,8.0,23.0,3.0,1.0,datetime2(7),NULL,8.0,27.0,7.0,1.0
dbo,omp,changeby,LENGTH_INCREASED,LENGTH_INCREASED,varchar(30) -> varchar(100),varchar(30),30.0,30.0,0.0,0.0,1.0,varchar(100),100.0,100.0,0.0,0.0,1.0
dbo,ompcirln,changedate,DATA_TYPE_CHANGED,DATA_TYPE_CHANGED|PRECISION_INCREASED|SCALE_INCREASED,datetime -> datetime2(7),datetime,NULL,8.0,23.0,3.0,1.0,datetime2(7),NULL,8.0,27.0,7.0,1.0
dbo,ompcirln,changeby,LENGTH_INCREASED,LENGTH_INCREASED,varchar(30) -> varchar(100),varchar(30),30.0,30.0,0.0,0.0,1.0,varchar(100),100.0,100.0,0.0,0.0,1.0
dbo,ompimlmorln,changedate,DATA_TYPE_CHANGED,DATA_TYPE_CHANGED|PRECISION_INCREASED|SCALE_INCREASED,datetime -> datetime2(7),datetime,NULL,8.0,23.0,3.0,0.0,datetime2(7),NULL,8.0,27.0,7.0,0.0
dbo,ompimlmorln,changeby,LENGTH_INCREASED,LENGTH_INCREASED,varchar(30) -> varchar(100),varchar(30),30.0,30.0,0.0,0.0,0.0,varchar(100),100.0,100.0,0.0,0.0,0.0
dbo,ompimrln,changedate,DATA_TYPE_CHANGED,DATA_TYPE_CHANGED|PRECISION_INCREASED|SCALE_INCREASED,datetime -> datetime2(7),datetime,NULL,8.0,23.0,3.0,1.0,datetime2(7),NULL,8.0,27.0,7.0,1.0
dbo,ompimrln,changeby,LENGTH_INCREASED,LENGTH_INCREASED,varchar(30) -> varchar(100),varchar(30),30.0,30.0,0.0,0.0,1.0,varchar(100),100.0,100.0,0.0,0.0,1.0
dbo,organization,enterdate,DATA_TYPE_CHANGED,DATA_TYPE_CHANGED|PRECISION_INCREASED|SCALE_INCREASED,datetime -> datetime2(7),datetime,NULL,8.0,23.0,3.0,0.0,datetime2(7),NULL,8.0,27.0,7.0,0.0
dbo,organization,enterby,LENGTH_INCREASED,LENGTH_INCREASED,varchar(30) -> varchar(100),varchar(30),30.0,30.0,0.0,0.0,0.0,varchar(100),100.0,100.0,0.0,0.0,0.0
dbo,osaccesslog,accesstime,DATA_TYPE_CHANGED,DATA_TYPE_CHANGED|PRECISION_INCREASED|SCALE_INCREASED,datetime -> datetime2(7),datetime,NULL,8.0,23.0,3.0,0.0,datetime2(7),NULL,8.0,27.0,7.0,0.0
dbo,osaccesslog,accessedby,LENGTH_INCREASED,LENGTH_INCREASED,varchar(30) -> varchar(100),varchar(30),30.0,30.0,0.0,0.0,0.0,varchar(100),100.0,100.0,0.0,0.0,0.0
dbo,oslcinteraction,changedate,DATA_TYPE_CHANGED,DATA_TYPE_CHANGED|PRECISION_INCREASED|SCALE_INCREASED,datetime -> datetime2(7),datetime,NULL,8.0,23.0,3.0,1.0,datetime2(7),NULL,8.0,27.0,7.0,1.0
dbo,oslcinteraction,changeby,LENGTH_INCREASED,LENGTH_INCREASED,varchar(30) -> varchar(100),varchar(30),30.0,30.0,0.0,0.0,1.0,varchar(100),100.0,100.0,0.0,0.0,1.0
dbo,oslcinteraction,linkrelation,LENGTH_INCREASED,LENGTH_INCREASED,varchar(50) -> varchar(100),varchar(50),50.0,50.0,0.0,0.0,0.0,varchar(100),100.0,100.0,0.0,0.0,0.0
dbo,oslcintgroup,changedate,DATA_TYPE_CHANGED,DATA_TYPE_CHANGED|PRECISION_INCREASED|SCALE_INCREASED,datetime -> datetime2(7),datetime,NULL,8.0,23.0,3.0,1.0,datetime2(7),NULL,8.0,27.0,7.0,1.0
dbo,oslcintgroup,changeby,LENGTH_INCREASED,LENGTH_INCREASED,varchar(30) -> varchar(100),varchar(30),30.0,30.0,0.0,0.0,1.0,varchar(100),100.0,100.0,0.0,0.0,1.0
dbo,oslcintgrpappmenu,changedate,DATA_TYPE_CHANGED,DATA_TYPE_CHANGED|PRECISION_INCREASED|SCALE_INCREASED,datetime -> datetime2(7),datetime,NULL,8.0,23.0,3.0,1.0,datetime2(7),NULL,8.0,27.0,7.0,1.0
dbo,oslcintgrpappmenu,changeby,LENGTH_INCREASED,LENGTH_INCREASED,varchar(30) -> varchar(100),varchar(30),30.0,30.0,0.0,0.0,1.0,varchar(100),100.0,100.0,0.0,0.0,1.0
dbo,oslcintgrpapps,changedate,DATA_TYPE_CHANGED,DATA_TYPE_CHANGED|PRECISION_INCREASED|SCALE_INCREASED,datetime -> datetime2(7),datetime,NULL,8.0,23.0,3.0,1.0,datetime2(7),NULL,8.0,27.0,7.0,1.0
dbo,oslcintgrpapps,changeby,LENGTH_INCREASED,LENGTH_INCREASED,varchar(30) -> varchar(100),varchar(30),30.0,30.0,0.0,0.0,1.0,varchar(100),100.0,100.0,0.0,0.0,1.0
dbo,oslcintgrpapps,relationship,LENGTH_INCREASED,LENGTH_INCREASED,varchar(50) -> varchar(100),varchar(50),50.0,50.0,0.0,0.0,1.0,varchar(100),100.0,100.0,0.0,0.0,1.0
dbo,oslcintgrpmembers,changedate,DATA_TYPE_CHANGED,DATA_TYPE_CHANGED|PRECISION_INCREASED|SCALE_INCREASED,datetime -> datetime2(7),datetime,NULL,8.0,23.0,3.0,1.0,datetime2(7),NULL,8.0,27.0,7.0,1.0
dbo,oslcintgrpmembers,changeby,LENGTH_INCREASED,LENGTH_INCREASED,varchar(30) -> varchar(100),varchar(30),30.0,30.0,0.0,0.0,1.0,varchar(100),100.0,100.0,0.0,0.0,1.0
dbo,oslcintquery,changedate,DATA_TYPE_CHANGED,DATA_TYPE_CHANGED|PRECISION_INCREASED|SCALE_INCREASED,datetime -> datetime2(7),datetime,NULL,8.0,23.0,3.0,1.0,datetime2(7),NULL,8.0,27.0,7.0,1.0
dbo,oslcintquery,changeby,LENGTH_INCREASED,LENGTH_INCREASED,varchar(30) -> varchar(100),varchar(30),30.0,30.0,0.0,0.0,1.0,varchar(100),100.0,100.0,0.0,0.0,1.0
dbo,oslcintqueryparams,changedate,DATA_TYPE_CHANGED,DATA_TYPE_CHANGED|PRECISION_INCREASED|SCALE_INCREASED,datetime -> datetime2(7),datetime,NULL,8.0,23.0,3.0,1.0,datetime2(7),NULL,8.0,27.0,7.0,1.0
dbo,oslcintqueryparams,changeby,LENGTH_INCREASED,LENGTH_INCREASED,varchar(30) -> varchar(100),varchar(30),30.0,30.0,0.0,0.0,1.0,varchar(100),100.0,100.0,0.0,0.0,1.0
dbo,oslclink,changedate,DATA_TYPE_CHANGED,DATA_TYPE_CHANGED|PRECISION_INCREASED|SCALE_INCREASED,datetime -> datetime2(7),datetime,NULL,8.0,23.0,3.0,1.0,datetime2(7),NULL,8.0,27.0,7.0,1.0
dbo,oslclink,changeby,LENGTH_INCREASED,LENGTH_INCREASED,varchar(30) -> varchar(100),varchar(30),30.0,30.0,0.0,0.0,1.0,varchar(100),100.0,100.0,0.0,0.0,1.0
dbo,oslcofflinearea,mblextent,DATA_TYPE_CHANGED,DATA_TYPE_CHANGED,text -> varchar(max),text,NULL,16.0,0.0,0.0,1.0,varchar(max),NULL,-1.0,0.0,0.0,1.0
dbo,oslcofflinearea,offlinearealastupdate,DATA_TYPE_CHANGED,DATA_TYPE_CHANGED|PRECISION_INCREASED|SCALE_INCREASED,datetime -> datetime2(7),datetime,NULL,8.0,23.0,3.0,1.0,datetime2(7),NULL,8.0,27.0,7.0,1.0
dbo,oslcprefillmap,changedate,DATA_TYPE_CHANGED,DATA_TYPE_CHANGED|PRECISION_INCREASED|SCALE_INCREASED,datetime -> datetime2(7),datetime,NULL,8.0,23.0,3.0,1.0,datetime2(7),NULL,8.0,27.0,7.0,1.0
dbo,oslcprefillmap,changeby,LENGTH_INCREASED,LENGTH_INCREASED,varchar(30) -> varchar(100),varchar(30),30.0,30.0,0.0,0.0,1.0,varchar(100),100.0,100.0,0.0,0.0,1.0
dbo,oslcprovider,changedate,DATA_TYPE_CHANGED,DATA_TYPE_CHANGED|PRECISION_INCREASED|SCALE_INCREASED,datetime -> datetime2(7),datetime,NULL,8.0,23.0,3.0,1.0,datetime2(7),NULL,8.0,27.0,7.0,1.0
dbo,oslcprovider,changeby,LENGTH_INCREASED,LENGTH_INCREASED,varchar(30) -> varchar(100),varchar(30),30.0,30.0,0.0,0.0,1.0,varchar(100),100.0,100.0,0.0,0.0,1.0
dbo,oslcquery,owner,LENGTH_INCREASED,LENGTH_INCREASED,varchar(30) -> varchar(100),varchar(30),30.0,30.0,0.0,0.0,1.0,varchar(100),100.0,100.0,0.0,0.0,1.0
dbo,oslcresource,oslcsearchattrs,DATA_TYPE_CHANGED,DATA_TYPE_CHANGED,text -> varchar(max),text,NULL,16.0,0.0,0.0,1.0,varchar(max),NULL,-1.0,0.0,0.0,1.0
dbo,oslcresourcedetail,targetrelation,LENGTH_INCREASED,LENGTH_INCREASED,varchar(50) -> varchar(100),varchar(50),50.0,50.0,0.0,0.0,1.0,varchar(100),100.0,100.0,0.0,0.0,1.0
dbo,oslcresourcetypes,changedate,DATA_TYPE_CHANGED,DATA_TYPE_CHANGED|PRECISION_INCREASED|SCALE_INCREASED,datetime -> datetime2(7),datetime,NULL,8.0,23.0,3.0,1.0,datetime2(7),NULL,8.0,27.0,7.0,1.0
dbo,oslcresourcetypes,shapedoc,DATA_TYPE_CHANGED,DATA_TYPE_CHANGED,text -> varchar(max),text,NULL,16.0,0.0,0.0,1.0,varchar(max),NULL,-1.0,0.0,0.0,1.0
dbo,oslcresourcetypes,changeby,LENGTH_INCREASED,LENGTH_INCREASED,varchar(30) -> varchar(100),varchar(30),30.0,30.0,0.0,0.0,1.0,varchar(100),100.0,100.0,0.0,0.0,1.0
dbo,oslctransaction,txdate,DATA_TYPE_CHANGED,DATA_TYPE_CHANGED|PRECISION_INCREASED|SCALE_INCREASED,datetime -> datetime2(7),datetime,NULL,8.0,23.0,3.0,1.0,datetime2(7),NULL,8.0,27.0,7.0,1.0
dbo,oslctransaction,txsender,LENGTH_INCREASED,LENGTH_INCREASED|NOW_NOT_NULL,varchar(50) -> varchar(100),varchar(50),50.0,50.0,0.0,0.0,1.0,varchar(100),100.0,100.0,0.0,0.0,0.0
dbo,ososlcmap,linkrelation,LENGTH_INCREASED,LENGTH_INCREASED,varchar(50) -> varchar(100),varchar(50),50.0,50.0,0.0,0.0,1.0,varchar(100),100.0,100.0,0.0,0.0,1.0
dbo,osrecordtouchlog,touchtime,DATA_TYPE_CHANGED,DATA_TYPE_CHANGED|PRECISION_INCREASED|SCALE_INCREASED,datetime -> datetime2(7),datetime,NULL,8.0,23.0,3.0,0.0,datetime2(7),NULL,8.0,27.0,7.0,0.0
dbo,osrecordtouchlog,touchedby,LENGTH_INCREASED,LENGTH_INCREASED,varchar(30) -> varchar(100),varchar(30),30.0,30.0,0.0,0.0,0.0,varchar(100),100.0,100.0,0.0,0.0,0.0
dbo,osused,useforentitlement,COLUMN_ADDED,COLUMN_ADDED,new smallint,,,,,,,smallint,NULL,2.0,5.0,0.0,0.0
dbo,osusernotification,notificationtime,DATA_TYPE_CHANGED,DATA_TYPE_CHANGED|PRECISION_INCREASED|SCALE_INCREASED,datetime -> datetime2(7),datetime,NULL,8.0,23.0,3.0,0.0,datetime2(7),NULL,8.0,27.0,7.0,0.0
dbo,osusernotification,eventforuser,LENGTH_INCREASED,LENGTH_INCREASED,varchar(30) -> varchar(100),varchar(30),30.0,30.0,0.0,0.0,0.0,varchar(100),100.0,100.0,0.0,0.0,0.0
dbo,osusersubscription,snoozetime,DATA_TYPE_CHANGED,DATA_TYPE_CHANGED|PRECISION_INCREASED|SCALE_INCREASED,datetime -> datetime2(7),datetime,NULL,8.0,23.0,3.0,1.0,datetime2(7),NULL,8.0,27.0,7.0,1.0
dbo,osusersubscription,eventforuser,LENGTH_INCREASED,LENGTH_INCREASED,varchar(30) -> varchar(100),varchar(30),30.0,30.0,0.0,0.0,0.0,varchar(100),100.0,100.0,0.0,0.0,0.0
dbo,passwordhistory,changedate,DATA_TYPE_CHANGED,DATA_TYPE_CHANGED|PRECISION_INCREASED|SCALE_INCREASED,datetime -> datetime2(7),datetime,NULL,8.0,23.0,3.0,0.0,datetime2(7),NULL,8.0,27.0,7.0,0.0
dbo,passwordhistory,password,DATA_TYPE_CHANGED,DATA_TYPE_CHANGED|LENGTH_INCREASED|NOW_NULLABLE,varbinary(128) -> varchar(200),varbinary(128),128.0,128.0,0.0,0.0,0.0,varchar(200),200.0,200.0,0.0,0.0,1.0
dbo,passwordhistory,changeby,LENGTH_INCREASED,LENGTH_INCREASED,varchar(30) -> varchar(100),varchar(30),30.0,30.0,0.0,0.0,0.0,varchar(100),100.0,100.0,0.0,0.0,0.0
dbo,passwordhistory,userid,LENGTH_INCREASED,LENGTH_INCREASED,varchar(30) -> varchar(100),varchar(30),30.0,30.0,0.0,0.0,0.0,varchar(100),100.0,100.0,0.0,0.0,0.0
dbo,pdspec,changedate,DATA_TYPE_CHANGED,DATA_TYPE_CHANGED|PRECISION_INCREASED|SCALE_INCREASED,datetime -> datetime2(7),datetime,NULL,8.0,23.0,3.0,1.0,datetime2(7),NULL,8.0,27.0,7.0,1.0
dbo,pdspec,datevalue,DATA_TYPE_CHANGED,DATA_TYPE_CHANGED|PRECISION_INCREASED|SCALE_INCREASED,datetime -> datetime2(7),datetime,NULL,8.0,23.0,3.0,1.0,datetime2(7),NULL,8.0,27.0,7.0,1.0
dbo,pdspec,changeby,LENGTH_INCREASED,LENGTH_INCREASED,varchar(30) -> varchar(100),varchar(30),30.0,30.0,0.0,0.0,1.0,varchar(100),100.0,100.0,0.0,0.0,1.0
dbo,pdspec,classstructureid,LENGTH_INCREASED,LENGTH_INCREASED,varchar(20) -> varchar(25),varchar(20),20.0,20.0,0.0,0.0,1.0,varchar(25),25.0,25.0,0.0,0.0,1.0
dbo,perscommodity,personid,LENGTH_INCREASED,LENGTH_INCREASED,varchar(30) -> varchar(100),varchar(30),30.0,30.0,0.0,0.0,0.0,varchar(100),100.0,100.0,0.0,0.0,0.0
dbo,person,languserupdated,COLUMN_ADDED,COLUMN_ADDED,new smallint,,,,,,,smallint,NULL,2.0,5.0,0.0,0.0
dbo,person,birthdate,DATA_TYPE_CHANGED,DATA_TYPE_CHANGED|PRECISION_INCREASED|SCALE_INCREASED,datetime -> datetime2(7),datetime,NULL,8.0,23.0,3.0,1.0,datetime2(7),NULL,8.0,27.0,7.0,1.0
dbo,person,delegatefromdate,DATA_TYPE_CHANGED,DATA_TYPE_CHANGED|PRECISION_INCREASED|SCALE_INCREASED,datetime -> datetime2(7),datetime,NULL,8.0,23.0,3.0,1.0,datetime2(7),NULL,8.0,27.0,7.0,1.0
dbo,person,delegatetodate,DATA_TYPE_CHANGED,DATA_TYPE_CHANGED|PRECISION_INCREASED|SCALE_INCREASED,datetime -> datetime2(7),datetime,NULL,8.0,23.0,3.0,1.0,datetime2(7),NULL,8.0,27.0,7.0,1.0
dbo,person,hiredate,DATA_TYPE_CHANGED,DATA_TYPE_CHANGED|PRECISION_INCREASED|SCALE_INCREASED,datetime -> datetime2(7),datetime,NULL,8.0,23.0,3.0,1.0,datetime2(7),NULL,8.0,27.0,7.0,1.0
dbo,person,lastevaldate,DATA_TYPE_CHANGED,DATA_TYPE_CHANGED|PRECISION_INCREASED|SCALE_INCREASED,datetime -> datetime2(7),datetime,NULL,8.0,23.0,3.0,1.0,datetime2(7),NULL,8.0,27.0,7.0,1.0
dbo,person,nextevaldate,DATA_TYPE_CHANGED,DATA_TYPE_CHANGED|PRECISION_INCREASED|SCALE_INCREASED,datetime -> datetime2(7),datetime,NULL,8.0,23.0,3.0,1.0,datetime2(7),NULL,8.0,27.0,7.0,1.0
dbo,person,statusdate,DATA_TYPE_CHANGED,DATA_TYPE_CHANGED|PRECISION_INCREASED|SCALE_INCREASED,datetime -> datetime2(7),datetime,NULL,8.0,23.0,3.0,0.0,datetime2(7),NULL,8.0,27.0,7.0,0.0
dbo,person,terminationdate,DATA_TYPE_CHANGED,DATA_TYPE_CHANGED|PRECISION_INCREASED|SCALE_INCREASED,datetime -> datetime2(7),datetime,NULL,8.0,23.0,3.0,1.0,datetime2(7),NULL,8.0,27.0,7.0,1.0
dbo,person,classstructureid,LENGTH_INCREASED,LENGTH_INCREASED,varchar(20) -> varchar(25),varchar(20),20.0,20.0,0.0,0.0,1.0,varchar(25),25.0,25.0,0.0,0.0,1.0
dbo,person,delegate,LENGTH_INCREASED,LENGTH_INCREASED,varchar(30) -> varchar(100),varchar(30),30.0,30.0,0.0,0.0,1.0,varchar(100),100.0,100.0,0.0,0.0,1.0
dbo,person,displayname,LENGTH_INCREASED,LENGTH_INCREASED,varchar(62) -> varchar(82),varchar(62),62.0,62.0,0.0,0.0,1.0,varchar(82),82.0,82.0,0.0,0.0,1.0
dbo,person,personid,LENGTH_INCREASED,LENGTH_INCREASED,varchar(30) -> varchar(100),varchar(30),30.0,30.0,0.0,0.0,0.0,varchar(100),100.0,100.0,0.0,0.0,0.0
dbo,person,saddresscode,LENGTH_INCREASED,LENGTH_INCREASED,varchar(12) -> varchar(25),varchar(12),12.0,12.0,0.0,0.0,1.0,varchar(25),25.0,25.0,0.0,0.0,1.0
dbo,person,supervisor,LENGTH_INCREASED,LENGTH_INCREASED,varchar(30) -> varchar(100),varchar(30),30.0,30.0,0.0,0.0,1.0,varchar(100),100.0,100.0,0.0,0.0,1.0
dbo,personancestor,ancestor,LENGTH_INCREASED,LENGTH_INCREASED,varchar(30) -> varchar(100),varchar(30),30.0,30.0,0.0,0.0,0.0,varchar(100),100.0,100.0,0.0,0.0,0.0
dbo,personancestor,personid,LENGTH_INCREASED,LENGTH_INCREASED,varchar(30) -> varchar(100),varchar(30),30.0,30.0,0.0,0.0,0.0,varchar(100),100.0,100.0,0.0,0.0,0.0
dbo,personcal,personid,LENGTH_INCREASED,LENGTH_INCREASED,varchar(30) -> varchar(100),varchar(30),30.0,30.0,0.0,0.0,0.0,varchar(100),100.0,100.0,0.0,0.0,0.0
dbo,persondefaultapp,personid,LENGTH_INCREASED,LENGTH_INCREASED,varchar(30) -> varchar(100),varchar(30),30.0,30.0,0.0,0.0,0.0,varchar(100),100.0,100.0,0.0,0.0,0.0
dbo,persongroup,userteam,COLUMN_ADDED,COLUMN_ADDED,new smallint,,,,,,,smallint,NULL,2.0,5.0,0.0,0.0
dbo,persongroupteam,respparty,LENGTH_INCREASED,LENGTH_INCREASED,varchar(30) -> varchar(100),varchar(30),30.0,30.0,0.0,0.0,0.0,varchar(100),100.0,100.0,0.0,0.0,0.0
dbo,persongroupteam,resppartygroup,LENGTH_INCREASED,LENGTH_INCREASED,varchar(30) -> varchar(100),varchar(30),30.0,30.0,0.0,0.0,0.0,varchar(100),100.0,100.0,0.0,0.0,0.0
dbo,personstatus,changedate,DATA_TYPE_CHANGED,DATA_TYPE_CHANGED|PRECISION_INCREASED|SCALE_INCREASED,datetime -> datetime2(7),datetime,NULL,8.0,23.0,3.0,0.0,datetime2(7),NULL,8.0,27.0,7.0,0.0
dbo,personstatus,changeby,LENGTH_INCREASED,LENGTH_INCREASED,varchar(30) -> varchar(100),varchar(30),30.0,30.0,0.0,0.0,0.0,varchar(100),100.0,100.0,0.0,0.0,0.0
dbo,personstatus,personid,LENGTH_INCREASED,LENGTH_INCREASED,varchar(30) -> varchar(100),varchar(30),30.0,30.0,0.0,0.0,0.0,varchar(100),100.0,100.0,0.0,0.0,0.0
dbo,phone,personid,LENGTH_INCREASED,LENGTH_INCREASED,varchar(30) -> varchar(100),varchar(30),30.0,30.0,0.0,0.0,0.0,varchar(100),100.0,100.0,0.0,0.0,0.0
dbo,pluscassetstatus,changedate,DATA_TYPE_CHANGED,DATA_TYPE_CHANGED|PRECISION_INCREASED|SCALE_INCREASED,datetime -> datetime2(7),datetime,NULL,8.0,23.0,3.0,1.0,datetime2(7),NULL,8.0,27.0,7.0,1.0
dbo,pluscassetstatus,changeby,LENGTH_INCREASED,LENGTH_INCREASED,varchar(30) -> varchar(100),varchar(30),30.0,30.0,0.0,0.0,1.0,varchar(100),100.0,100.0,0.0,0.0,1.0
dbo,pluscdsinstr,isstandarddeviation,COLUMN_ADDED,COLUMN_ADDED,new smallint,,,,,,,smallint,NULL,2.0,5.0,0.0,1.0
dbo,pluscdsinstr,standarddeviationinputlimit,COLUMN_ADDED,COLUMN_ADDED,"new decimal(10,2)",,,,,,,"decimal(10,2)",NULL,9.0,10.0,2.0,1.0
dbo,pluscdsinstr,standarddeviationoutputlimit,COLUMN_ADDED,COLUMN_ADDED,"new decimal(10,2)",,,,,,,"decimal(10,2)",NULL,9.0,10.0,2.0,1.0
dbo,pluscdsstatus,changedate,DATA_TYPE_CHANGED,DATA_TYPE_CHANGED|PRECISION_INCREASED|SCALE_INCREASED,datetime -> datetime2(7),datetime,NULL,8.0,23.0,3.0,1.0,datetime2(7),NULL,8.0,27.0,7.0,1.0
dbo,pluscjpstatus,changedate,DATA_TYPE_CHANGED,DATA_TYPE_CHANGED|PRECISION_INCREASED|SCALE_INCREASED,datetime -> datetime2(7),datetime,NULL,8.0,23.0,3.0,0.0,datetime2(7),NULL,8.0,27.0,7.0,0.0
dbo,pluscjpstatus,changeby,LENGTH_INCREASED,LENGTH_INCREASED,varchar(30) -> varchar(100),varchar(30),30.0,30.0,0.0,0.0,0.0,varchar(100),100.0,100.0,0.0,0.0,0.0
dbo,pluscpmextdate,changedate,DATA_TYPE_CHANGED,DATA_TYPE_CHANGED|PRECISION_INCREASED|SCALE_INCREASED,datetime -> datetime2(7),datetime,NULL,8.0,23.0,3.0,0.0,datetime2(7),NULL,8.0,27.0,7.0,0.0
dbo,pluscpmextdate,extdate,DATA_TYPE_CHANGED,DATA_TYPE_CHANGED|PRECISION_INCREASED|SCALE_INCREASED,datetime -> datetime2(7),datetime,NULL,8.0,23.0,3.0,0.0,datetime2(7),NULL,8.0,27.0,7.0,0.0
dbo,pluscpmextdate,prevextdate,DATA_TYPE_CHANGED,DATA_TYPE_CHANGED|PRECISION_INCREASED|SCALE_INCREASED,datetime -> datetime2(7),datetime,NULL,8.0,23.0,3.0,0.0,datetime2(7),NULL,8.0,27.0,7.0,0.0
dbo,pluscpmextdate,changeby,LENGTH_INCREASED,LENGTH_INCREASED,varchar(30) -> varchar(100),varchar(30),30.0,30.0,0.0,0.0,0.0,varchar(100),100.0,100.0,0.0,0.0,0.0
dbo,pluscspotcheck,checkdate,DATA_TYPE_CHANGED,DATA_TYPE_CHANGED|PRECISION_INCREASED|SCALE_INCREASED,datetime -> datetime2(7),datetime,NULL,8.0,23.0,3.0,0.0,datetime2(7),NULL,8.0,27.0,7.0,0.0
dbo,pluscspotcheck,checkby,LENGTH_INCREASED,LENGTH_INCREASED,varchar(30) -> varchar(100),varchar(30),30.0,30.0,0.0,0.0,0.0,varchar(100),100.0,100.0,0.0,0.0,0.0
dbo,pluscspotcheck,wonum,LENGTH_INCREASED,LENGTH_INCREASED,varchar(10) -> varchar(25),varchar(10),10.0,10.0,0.0,0.0,0.0,varchar(25),25.0,25.0,0.0,0.0,0.0
dbo,plusctemplate,assettype,LENGTH_INCREASED,LENGTH_INCREASED,varchar(25) -> varchar(50),varchar(25),25.0,25.0,0.0,0.0,1.0,varchar(50),50.0,50.0,0.0,0.0,1.0
dbo,plusctemplate,classstructureid,LENGTH_INCREASED,LENGTH_INCREASED,varchar(20) -> varchar(25),varchar(20),20.0,20.0,0.0,0.0,1.0,varchar(25),25.0,25.0,0.0,0.0,1.0
dbo,plusctpasset,changedate,DATA_TYPE_CHANGED,DATA_TYPE_CHANGED|PRECISION_INCREASED|SCALE_INCREASED,datetime -> datetime2(7),datetime,NULL,8.0,23.0,3.0,1.0,datetime2(7),NULL,8.0,27.0,7.0,1.0
dbo,plusctpasset,changeby,LENGTH_INCREASED,LENGTH_INCREASED,varchar(30) -> varchar(100),varchar(30),30.0,30.0,0.0,0.0,1.0,varchar(100),100.0,100.0,0.0,0.0,1.0
dbo,plusctphistory,changedate,DATA_TYPE_CHANGED,DATA_TYPE_CHANGED|PRECISION_INCREASED|SCALE_INCREASED,datetime -> datetime2(7),datetime,NULL,8.0,23.0,3.0,1.0,datetime2(7),NULL,8.0,27.0,7.0,1.0
dbo,plusctphistory,changeby,LENGTH_INCREASED,LENGTH_INCREASED,varchar(30) -> varchar(100),varchar(30),30.0,30.0,0.0,0.0,1.0,varchar(100),100.0,100.0,0.0,0.0,1.0
dbo,plusctpspec,datevalue,COLUMN_ADDED,COLUMN_ADDED,new datetime2(7),,,,,,,datetime2(7),NULL,8.0,27.0,7.0,1.0
dbo,plusctpspec,classstructureid,LENGTH_INCREASED,LENGTH_INCREASED,varchar(20) -> varchar(25),varchar(20),20.0,20.0,0.0,0.0,0.0,varchar(25),25.0,25.0,0.0,0.0,0.0
dbo,pluscwods,anywhererefid,COLUMN_ADDED,COLUMN_ADDED,new bigint,,,,,,,bigint,NULL,8.0,19.0,0.0,1.0
dbo,pluscwods,remark,COLUMN_ADDED,COLUMN_ADDED,new varchar(1000),,,,,,,varchar(1000),1000.0,1000.0,0.0,0.0,1.0
dbo,pluscwods,reviewdate,DATA_TYPE_CHANGED,DATA_TYPE_CHANGED|PRECISION_INCREASED|SCALE_INCREASED,datetime -> datetime2(7),datetime,NULL,8.0,23.0,3.0,1.0,datetime2(7),NULL,8.0,27.0,7.0,1.0
dbo,pluscwods,wonum,LENGTH_INCREASED,LENGTH_INCREASED,varchar(10) -> varchar(25),varchar(10),10.0,10.0,0.0,0.0,0.0,varchar(25),25.0,25.0,0.0,0.0,0.0
dbo,pluscwodsinstr,anywhererefid,COLUMN_ADDED,COLUMN_ADDED,new bigint,,,,,,,bigint,NULL,8.0,19.0,0.0,1.0
dbo,pluscwodsinstr,isstandarddeviation,COLUMN_ADDED,COLUMN_ADDED,new smallint,,,,,,,smallint,NULL,2.0,5.0,0.0,1.0
dbo,pluscwodsinstr,standarddeviationinputlimit,COLUMN_ADDED,COLUMN_ADDED,"new decimal(10,2)",,,,,,,"decimal(10,2)",NULL,9.0,10.0,2.0,1.0
dbo,pluscwodsinstr,standarddeviationoutputlimit,COLUMN_ADDED,COLUMN_ADDED,"new decimal(10,2)",,,,,,,"decimal(10,2)",NULL,9.0,10.0,2.0,1.0
dbo,pluscwodsinstr,calibfunctiontime,DATA_TYPE_CHANGED,DATA_TYPE_CHANGED|PRECISION_INCREASED|SCALE_INCREASED,datetime -> datetime2(7),datetime,NULL,8.0,23.0,3.0,1.0,datetime2(7),NULL,8.0,27.0,7.0,1.0
dbo,pluscwodsinstr,nextdate,DATA_TYPE_CHANGED,DATA_TYPE_CHANGED|PRECISION_INCREASED|SCALE_INCREASED,datetime -> datetime2(7),datetime,NULL,8.0,23.0,3.0,1.0,datetime2(7),NULL,8.0,27.0,7.0,1.0
dbo,pluscwodsinstr,wonum,LENGTH_INCREASED,LENGTH_INCREASED,varchar(10) -> varchar(25),varchar(10),10.0,10.0,0.0,0.0,1.0,varchar(25),25.0,25.0,0.0,0.0,1.0
dbo,pluscwodspoint,asfoundinputstddeverror,COLUMN_ADDED,COLUMN_ADDED,new varchar(15),,,,,,,varchar(15),15.0,15.0,0.0,0.0,1.0
dbo,pluscwodspoint,asfoundoutputstddeverror,COLUMN_ADDED,COLUMN_ADDED,new varchar(15),,,,,,,varchar(15),15.0,15.0,0.0,0.0,1.0
dbo,pluscwodspoint,asfoundsetpointstddeverror,COLUMN_ADDED,COLUMN_ADDED,new varchar(15),,,,,,,varchar(15),15.0,15.0,0.0,0.0,1.0
dbo,pluscwodspoint,asleftinputstddeverror,COLUMN_ADDED,COLUMN_ADDED,new varchar(15),,,,,,,varchar(15),15.0,15.0,0.0,0.0,1.0
dbo,pluscwodspoint,asleftoutputstddeverror,COLUMN_ADDED,COLUMN_ADDED,new varchar(15),,,,,,,varchar(15),15.0,15.0,0.0,0.0,1.0
dbo,pluscwodspoint,asleftsetpointstddeverror,COLUMN_ADDED,COLUMN_ADDED,new varchar(15),,,,,,,varchar(15),15.0,15.0,0.0,0.0,1.0
dbo,pluscwodspoint,wonum,LENGTH_INCREASED,LENGTH_INCREASED,varchar(10) -> varchar(25),varchar(10),10.0,10.0,0.0,0.0,1.0,varchar(25),25.0,25.0,0.0,0.0,1.0
dbo,plusdsplan,changedate,DATA_TYPE_CHANGED,DATA_TYPE_CHANGED|PRECISION_INCREASED|SCALE_INCREASED,datetime -> datetime2(7),datetime,NULL,8.0,23.0,3.0,0.0,datetime2(7),NULL,8.0,27.0,7.0,0.0
dbo,plusdsplan,statusdate,DATA_TYPE_CHANGED,DATA_TYPE_CHANGED|PRECISION_INCREASED|SCALE_INCREASED,datetime -> datetime2(7),datetime,NULL,8.0,23.0,3.0,1.0,datetime2(7),NULL,8.0,27.0,7.0,1.0
dbo,plusdsplan,changeby,LENGTH_INCREASED,LENGTH_INCREASED,varchar(30) -> varchar(100),varchar(30),30.0,30.0,0.0,0.0,1.0,varchar(100),100.0,100.0,0.0,0.0,1.0
dbo,pluspactualusage,usagedate,DATA_TYPE_CHANGED,DATA_TYPE_CHANGED|PRECISION_INCREASED|SCALE_INCREASED,datetime -> datetime2(7),datetime,NULL,8.0,23.0,3.0,0.0,datetime2(7),NULL,8.0,27.0,7.0,0.0
dbo,pluspagmtstatus,statusdate,DATA_TYPE_CHANGED,DATA_TYPE_CHANGED|PRECISION_INCREASED|SCALE_INCREASED,datetime -> datetime2(7),datetime,NULL,8.0,23.0,3.0,0.0,datetime2(7),NULL,8.0,27.0,7.0,0.0
dbo,pluspagreement,edit,COLUMN_ADDED,COLUMN_ADDED,new smallint,,,,,,,smallint,NULL,2.0,5.0,0.0,1.0
dbo,pluspagreement,changeddate,DATA_TYPE_CHANGED,DATA_TYPE_CHANGED|PRECISION_INCREASED|SCALE_INCREASED,datetime -> datetime2(7),datetime,NULL,8.0,23.0,3.0,1.0,datetime2(7),NULL,8.0,27.0,7.0,1.0
dbo,pluspagreement,enddate,DATA_TYPE_CHANGED,DATA_TYPE_CHANGED|PRECISION_INCREASED|SCALE_INCREASED,datetime -> datetime2(7),datetime,NULL,8.0,23.0,3.0,1.0,datetime2(7),NULL,8.0,27.0,7.0,1.0
dbo,pluspagreement,lastbilldate,DATA_TYPE_CHANGED,DATA_TYPE_CHANGED|PRECISION_INCREASED|SCALE_INCREASED,datetime -> datetime2(7),datetime,NULL,8.0,23.0,3.0,1.0,datetime2(7),NULL,8.0,27.0,7.0,1.0
dbo,pluspagreement,psfirstbilldate,DATA_TYPE_CHANGED,DATA_TYPE_CHANGED|PRECISION_INCREASED|SCALE_INCREASED,datetime -> datetime2(7),datetime,NULL,8.0,23.0,3.0,1.0,datetime2(7),NULL,8.0,27.0,7.0,1.0
dbo,pluspagreement,pslastbilldate,DATA_TYPE_CHANGED,DATA_TYPE_CHANGED|PRECISION_INCREASED|SCALE_INCREASED,datetime -> datetime2(7),datetime,NULL,8.0,23.0,3.0,1.0,datetime2(7),NULL,8.0,27.0,7.0,1.0
dbo,pluspagreement,psnextbilldate,DATA_TYPE_CHANGED,DATA_TYPE_CHANGED|PRECISION_INCREASED|SCALE_INCREASED,datetime -> datetime2(7),datetime,NULL,8.0,23.0,3.0,1.0,datetime2(7),NULL,8.0,27.0,7.0,1.0
dbo,pluspagreement,psnextbilldateuserentered,DATA_TYPE_CHANGED,DATA_TYPE_CHANGED|PRECISION_INCREASED|SCALE_INCREASED,datetime -> datetime2(7),datetime,NULL,8.0,23.0,3.0,1.0,datetime2(7),NULL,8.0,27.0,7.0,1.0
dbo,pluspagreement,renewaldate,DATA_TYPE_CHANGED,DATA_TYPE_CHANGED|PRECISION_INCREASED|SCALE_INCREASED,datetime -> datetime2(7),datetime,NULL,8.0,23.0,3.0,1.0,datetime2(7),NULL,8.0,27.0,7.0,1.0
dbo,pluspagreement,startdate,DATA_TYPE_CHANGED,DATA_TYPE_CHANGED|PRECISION_INCREASED|SCALE_INCREASED,datetime -> datetime2(7),datetime,NULL,8.0,23.0,3.0,1.0,datetime2(7),NULL,8.0,27.0,7.0,1.0
dbo,pluspagreement,statusdate,DATA_TYPE_CHANGED,DATA_TYPE_CHANGED|PRECISION_INCREASED|SCALE_INCREASED,datetime -> datetime2(7),datetime,NULL,8.0,23.0,3.0,1.0,datetime2(7),NULL,8.0,27.0,7.0,1.0
dbo,pluspagreement,changedby,LENGTH_INCREASED,LENGTH_INCREASED,varchar(30) -> varchar(100),varchar(30),30.0,30.0,0.0,0.0,1.0,varchar(100),100.0,100.0,0.0,0.0,1.0
dbo,pluspagrmdates,finishdate,DATA_TYPE_CHANGED,DATA_TYPE_CHANGED|PRECISION_INCREASED|SCALE_INCREASED,datetime -> datetime2(7),datetime,NULL,8.0,23.0,3.0,0.0,datetime2(7),NULL,8.0,27.0,7.0,0.0
dbo,pluspagrmdates,startdate,DATA_TYPE_CHANGED,DATA_TYPE_CHANGED|PRECISION_INCREASED|SCALE_INCREASED,datetime -> datetime2(7),datetime,NULL,8.0,23.0,3.0,0.0,datetime2(7),NULL,8.0,27.0,7.0,0.0
dbo,pluspagrmitems,includeduntil,DATA_TYPE_CHANGED,DATA_TYPE_CHANGED|PRECISION_INCREASED|SCALE_INCREASED,datetime -> datetime2(7),datetime,NULL,8.0,23.0,3.0,1.0,datetime2(7),NULL,8.0,27.0,7.0,1.0
dbo,pluspagrmwork,wonum,LENGTH_INCREASED,LENGTH_INCREASED,varchar(10) -> varchar(25),varchar(10),10.0,10.0,0.0,0.0,0.0,varchar(25),25.0,25.0,0.0,0.0,0.0
dbo,pluspapplasset,assettype,LENGTH_INCREASED,LENGTH_INCREASED,varchar(25) -> varchar(50),varchar(25),25.0,25.0,0.0,0.0,1.0,varchar(50),50.0,50.0,0.0,0.0,1.0
dbo,pluspbatchsthist,changedate,DATA_TYPE_CHANGED,DATA_TYPE_CHANGED|PRECISION_INCREASED|SCALE_INCREASED,datetime -> datetime2(7),datetime,NULL,8.0,23.0,3.0,0.0,datetime2(7),NULL,8.0,27.0,7.0,0.0
dbo,pluspbatchsthist,changeby,LENGTH_INCREASED,LENGTH_INCREASED,varchar(30) -> varchar(100),varchar(30),30.0,30.0,0.0,0.0,0.0,varchar(100),100.0,100.0,0.0,0.0,0.0
dbo,pluspbbcopyhistory,histtime,DATA_TYPE_CHANGED,DATA_TYPE_CHANGED|PRECISION_INCREASED|SCALE_INCREASED,datetime -> datetime2(7),datetime,NULL,8.0,23.0,3.0,0.0,datetime2(7),NULL,8.0,27.0,7.0,0.0
dbo,pluspbbcopystatus,lastcopystart,DATA_TYPE_CHANGED,DATA_TYPE_CHANGED|PRECISION_INCREASED|SCALE_INCREASED,datetime -> datetime2(7),datetime,NULL,8.0,23.0,3.0,1.0,datetime2(7),NULL,8.0,27.0,7.0,1.0
dbo,pluspbbcopystatus,lastcopystop,DATA_TYPE_CHANGED,DATA_TYPE_CHANGED|PRECISION_INCREASED|SCALE_INCREASED,datetime -> datetime2(7),datetime,NULL,8.0,23.0,3.0,1.0,datetime2(7),NULL,8.0,27.0,7.0,1.0
dbo,pluspbbcopystatus,lastcopypersonid,LENGTH_INCREASED,LENGTH_INCREASED,varchar(30) -> varchar(100),varchar(30),30.0,30.0,0.0,0.0,1.0,varchar(100),100.0,100.0,0.0,0.0,1.0
dbo,pluspbillbatch,billdate,DATA_TYPE_CHANGED,DATA_TYPE_CHANGED|PRECISION_INCREASED|SCALE_INCREASED,datetime -> datetime2(7),datetime,NULL,8.0,23.0,3.0,1.0,datetime2(7),NULL,8.0,27.0,7.0,1.0
dbo,pluspbillbatch,billenddate,DATA_TYPE_CHANGED,DATA_TYPE_CHANGED|PRECISION_INCREASED|SCALE_INCREASED,datetime -> datetime2(7),datetime,NULL,8.0,23.0,3.0,1.0,datetime2(7),NULL,8.0,27.0,7.0,1.0
dbo,pluspbillbatch,changeddate,DATA_TYPE_CHANGED,DATA_TYPE_CHANGED|PRECISION_INCREASED|SCALE_INCREASED,datetime -> datetime2(7),datetime,NULL,8.0,23.0,3.0,1.0,datetime2(7),NULL,8.0,27.0,7.0,1.0
dbo,pluspbillbatch,createdate,DATA_TYPE_CHANGED,DATA_TYPE_CHANGED|PRECISION_INCREASED|SCALE_INCREASED,datetime -> datetime2(7),datetime,NULL,8.0,23.0,3.0,1.0,datetime2(7),NULL,8.0,27.0,7.0,1.0
dbo,pluspbillbatch,fhpaymentdue,DATA_TYPE_CHANGED,DATA_TYPE_CHANGED|PRECISION_INCREASED|SCALE_INCREASED,datetime -> datetime2(7),datetime,NULL,8.0,23.0,3.0,1.0,datetime2(7),NULL,8.0,27.0,7.0,1.0
dbo,pluspbillbatch,lastbilldate,DATA_TYPE_CHANGED,DATA_TYPE_CHANGED|PRECISION_INCREASED|SCALE_INCREASED,datetime -> datetime2(7),datetime,NULL,8.0,23.0,3.0,1.0,datetime2(7),NULL,8.0,27.0,7.0,1.0
dbo,pluspbillbatch,reqreviewdate,DATA_TYPE_CHANGED,DATA_TYPE_CHANGED|PRECISION_INCREASED|SCALE_INCREASED,datetime -> datetime2(7),datetime,NULL,8.0,23.0,3.0,1.0,datetime2(7),NULL,8.0,27.0,7.0,1.0
dbo,pluspbillbatch,revieweddate,DATA_TYPE_CHANGED,DATA_TYPE_CHANGED|PRECISION_INCREASED|SCALE_INCREASED,datetime -> datetime2(7),datetime,NULL,8.0,23.0,3.0,1.0,datetime2(7),NULL,8.0,27.0,7.0,1.0
dbo,pluspbillbatch,scheduledate,DATA_TYPE_CHANGED,DATA_TYPE_CHANGED|PRECISION_INCREASED|SCALE_INCREASED,datetime -> datetime2(7),datetime,NULL,8.0,23.0,3.0,1.0,datetime2(7),NULL,8.0,27.0,7.0,1.0
dbo,pluspbillbatch,statusdate,DATA_TYPE_CHANGED,DATA_TYPE_CHANGED|PRECISION_INCREASED|SCALE_INCREASED,datetime -> datetime2(7),datetime,NULL,8.0,23.0,3.0,0.0,datetime2(7),NULL,8.0,27.0,7.0,0.0
dbo,pluspbillbatch,z_paymentdue,DATA_TYPE_CHANGED,DATA_TYPE_CHANGED|PRECISION_INCREASED|SCALE_INCREASED,datetime -> datetime2(7),datetime,NULL,8.0,23.0,3.0,1.0,datetime2(7),NULL,8.0,27.0,7.0,1.0
dbo,pluspbillbatch,changedby,LENGTH_INCREASED,LENGTH_INCREASED,varchar(30) -> varchar(100),varchar(30),30.0,30.0,0.0,0.0,0.0,varchar(100),100.0,100.0,0.0,0.0,0.0
dbo,pluspbillbatch,reviewedby,LENGTH_INCREASED,LENGTH_INCREASED,varchar(30) -> varchar(100),varchar(30),30.0,30.0,0.0,0.0,1.0,varchar(100),100.0,100.0,0.0,0.0,1.0
dbo,pluspbillline,changeddate,DATA_TYPE_CHANGED,DATA_TYPE_CHANGED|PRECISION_INCREASED|SCALE_INCREASED,datetime -> datetime2(7),datetime,NULL,8.0,23.0,3.0,0.0,datetime2(7),NULL,8.0,27.0,7.0,0.0
dbo,pluspbillline,custchangeddate,DATA_TYPE_CHANGED,DATA_TYPE_CHANGED|PRECISION_INCREASED|SCALE_INCREASED,datetime -> datetime2(7),datetime,NULL,8.0,23.0,3.0,1.0,datetime2(7),NULL,8.0,27.0,7.0,1.0
dbo,pluspbillline,statusdate,DATA_TYPE_CHANGED,DATA_TYPE_CHANGED|PRECISION_INCREASED|SCALE_INCREASED,datetime -> datetime2(7),datetime,NULL,8.0,23.0,3.0,0.0,datetime2(7),NULL,8.0,27.0,7.0,0.0
dbo,pluspbillline,changedby,LENGTH_INCREASED,LENGTH_INCREASED,varchar(30) -> varchar(100),varchar(30),30.0,30.0,0.0,0.0,0.0,varchar(100),100.0,100.0,0.0,0.0,0.0
dbo,pluspbillline,custchangedby,LENGTH_INCREASED,LENGTH_INCREASED,varchar(30) -> varchar(100),varchar(30),30.0,30.0,0.0,0.0,1.0,varchar(100),100.0,100.0,0.0,0.0,1.0
dbo,pluspbillline,ordernum,LENGTH_INCREASED,LENGTH_INCREASED,varchar(10) -> varchar(25),varchar(10),10.0,10.0,0.0,0.0,1.0,varchar(25),25.0,25.0,0.0,0.0,1.0
dbo,pluspbillline,refwo,LENGTH_INCREASED,LENGTH_INCREASED,varchar(10) -> varchar(25),varchar(10),10.0,10.0,0.0,0.0,1.0,varchar(25),25.0,25.0,0.0,0.0,1.0
dbo,pluspbilllinepriceadj,changedate,DATA_TYPE_CHANGED,DATA_TYPE_CHANGED|PRECISION_INCREASED|SCALE_INCREASED,datetime -> datetime2(7),datetime,NULL,8.0,23.0,3.0,0.0,datetime2(7),NULL,8.0,27.0,7.0,0.0
dbo,pluspbilllinepriceadj,changeby,LENGTH_INCREASED,LENGTH_INCREASED,varchar(30) -> varchar(100),varchar(30),30.0,30.0,0.0,0.0,0.0,varchar(100),100.0,100.0,0.0,0.0,0.0
dbo,pluspbillpmt,changedate,DATA_TYPE_CHANGED,DATA_TYPE_CHANGED|PRECISION_INCREASED|SCALE_INCREASED,datetime -> datetime2(7),datetime,NULL,8.0,23.0,3.0,1.0,datetime2(7),NULL,8.0,27.0,7.0,1.0
dbo,pluspbillpmt,pmtdate,DATA_TYPE_CHANGED,DATA_TYPE_CHANGED|PRECISION_INCREASED|SCALE_INCREASED,datetime -> datetime2(7),datetime,NULL,8.0,23.0,3.0,1.0,datetime2(7),NULL,8.0,27.0,7.0,1.0
dbo,pluspbillpmt,changeby,LENGTH_INCREASED,LENGTH_INCREASED,varchar(30) -> varchar(100),varchar(30),30.0,30.0,0.0,0.0,1.0,varchar(100),100.0,100.0,0.0,0.0,1.0
dbo,pluspbillschedule,finalbilldate,DATA_TYPE_CHANGED,DATA_TYPE_CHANGED|PRECISION_INCREASED|SCALE_INCREASED,datetime -> datetime2(7),datetime,NULL,8.0,23.0,3.0,1.0,datetime2(7),NULL,8.0,27.0,7.0,1.0
dbo,pluspbillschedule,firstbilldate,DATA_TYPE_CHANGED,DATA_TYPE_CHANGED|PRECISION_INCREASED|SCALE_INCREASED,datetime -> datetime2(7),datetime,NULL,8.0,23.0,3.0,0.0,datetime2(7),NULL,8.0,27.0,7.0,0.0
dbo,pluspbillschedule,lastbilldate,DATA_TYPE_CHANGED,DATA_TYPE_CHANGED|PRECISION_INCREASED|SCALE_INCREASED,datetime -> datetime2(7),datetime,NULL,8.0,23.0,3.0,1.0,datetime2(7),NULL,8.0,27.0,7.0,1.0
dbo,pluspbillschedule,nextbilldate,DATA_TYPE_CHANGED,DATA_TYPE_CHANGED|PRECISION_INCREASED|SCALE_INCREASED,datetime -> datetime2(7),datetime,NULL,8.0,23.0,3.0,1.0,datetime2(7),NULL,8.0,27.0,7.0,1.0
dbo,pluspbillschedule,nextbilldateuserentered,DATA_TYPE_CHANGED,DATA_TYPE_CHANGED|PRECISION_INCREASED|SCALE_INCREASED,datetime -> datetime2(7),datetime,NULL,8.0,23.0,3.0,1.0,datetime2(7),NULL,8.0,27.0,7.0,1.0
dbo,pluspbsasset,classstructureid,LENGTH_INCREASED,LENGTH_INCREASED,varchar(20) -> varchar(25),varchar(20),20.0,20.0,0.0,0.0,0.0,varchar(25),25.0,25.0,0.0,0.0,0.0
dbo,pluspbsassetrange,classstructureid,LENGTH_INCREASED,LENGTH_INCREASED,varchar(20) -> varchar(25),varchar(20),20.0,20.0,0.0,0.0,0.0,varchar(25),25.0,25.0,0.0,0.0,0.0
dbo,pluspbsassetspec,changedate,DATA_TYPE_CHANGED,DATA_TYPE_CHANGED|PRECISION_INCREASED|SCALE_INCREASED,datetime -> datetime2(7),datetime,NULL,8.0,23.0,3.0,0.0,datetime2(7),NULL,8.0,27.0,7.0,0.0
dbo,pluspbsassetspec,changeby,LENGTH_INCREASED,LENGTH_INCREASED,varchar(30) -> varchar(100),varchar(30),30.0,30.0,0.0,0.0,0.0,varchar(100),100.0,100.0,0.0,0.0,0.0
dbo,pluspbsassetspec,classstructureid,LENGTH_INCREASED,LENGTH_INCREASED,varchar(20) -> varchar(25),varchar(20),20.0,20.0,0.0,0.0,0.0,varchar(25),25.0,25.0,0.0,0.0,0.0
dbo,pluspbshist,billdate,DATA_TYPE_CHANGED,DATA_TYPE_CHANGED|PRECISION_INCREASED|SCALE_INCREASED,datetime -> datetime2(7),datetime,NULL,8.0,23.0,3.0,1.0,datetime2(7),NULL,8.0,27.0,7.0,1.0
dbo,pluspbshist,createdate,DATA_TYPE_CHANGED,DATA_TYPE_CHANGED|PRECISION_INCREASED|SCALE_INCREASED,datetime -> datetime2(7),datetime,NULL,8.0,23.0,3.0,1.0,datetime2(7),NULL,8.0,27.0,7.0,1.0
dbo,pluspbshist,scheduledate,DATA_TYPE_CHANGED,DATA_TYPE_CHANGED|PRECISION_INCREASED|SCALE_INCREASED,datetime -> datetime2(7),datetime,NULL,8.0,23.0,3.0,1.0,datetime2(7),NULL,8.0,27.0,7.0,1.0
dbo,pluspcustassoc,ownerid,DATA_TYPE_CHANGED,DATA_TYPE_CHANGED|PRECISION_INCREASED,int -> bigint,int,NULL,4.0,10.0,0.0,0.0,bigint,NULL,8.0,19.0,0.0,0.0
dbo,pluspcustcontact,personid,LENGTH_INCREASED,LENGTH_INCREASED,varchar(30) -> varchar(100),varchar(30),30.0,30.0,0.0,0.0,0.0,varchar(100),100.0,100.0,0.0,0.0,0.0
dbo,pluspcustomer,changedate,DATA_TYPE_CHANGED,DATA_TYPE_CHANGED|PRECISION_INCREASED|SCALE_INCREASED,datetime -> datetime2(7),datetime,NULL,8.0,23.0,3.0,1.0,datetime2(7),NULL,8.0,27.0,7.0,1.0
dbo,pluspcustomer,customersince,DATA_TYPE_CHANGED,DATA_TYPE_CHANGED|PRECISION_INCREASED|SCALE_INCREASED,datetime -> datetime2(7),datetime,NULL,8.0,23.0,3.0,1.0,datetime2(7),NULL,8.0,27.0,7.0,1.0
dbo,pluspcustomer,insuranceenddate,DATA_TYPE_CHANGED,DATA_TYPE_CHANGED|PRECISION_INCREASED|SCALE_INCREASED,datetime -> datetime2(7),datetime,NULL,8.0,23.0,3.0,1.0,datetime2(7),NULL,8.0,27.0,7.0,1.0
dbo,pluspcustomer,lastbilldate,DATA_TYPE_CHANGED,DATA_TYPE_CHANGED|PRECISION_INCREASED|SCALE_INCREASED,datetime -> datetime2(7),datetime,NULL,8.0,23.0,3.0,1.0,datetime2(7),NULL,8.0,27.0,7.0,1.0
dbo,pluspcustomer,statusdate,DATA_TYPE_CHANGED,DATA_TYPE_CHANGED|PRECISION_INCREASED|SCALE_INCREASED,datetime -> datetime2(7),datetime,NULL,8.0,23.0,3.0,1.0,datetime2(7),NULL,8.0,27.0,7.0,1.0
dbo,pluspcustomer,changeby,LENGTH_INCREASED,LENGTH_INCREASED,varchar(30) -> varchar(100),varchar(30),30.0,30.0,0.0,0.0,1.0,varchar(100),100.0,100.0,0.0,0.0,1.0
dbo,pluspcustomerlog,createdate,DATA_TYPE_CHANGED,DATA_TYPE_CHANGED|PRECISION_INCREASED|SCALE_INCREASED,datetime -> datetime2(7),datetime,NULL,8.0,23.0,3.0,0.0,datetime2(7),NULL,8.0,27.0,7.0,0.0
dbo,pluspcustomerlog,modifydate,DATA_TYPE_CHANGED,DATA_TYPE_CHANGED|PRECISION_INCREASED|SCALE_INCREASED,datetime -> datetime2(7),datetime,NULL,8.0,23.0,3.0,0.0,datetime2(7),NULL,8.0,27.0,7.0,0.0
dbo,pluspcustomerlog,contact,LENGTH_INCREASED,LENGTH_INCREASED,varchar(30) -> varchar(100),varchar(30),30.0,30.0,0.0,0.0,1.0,varchar(100),100.0,100.0,0.0,0.0,1.0
dbo,pluspcustomerlog,createby,LENGTH_INCREASED,LENGTH_INCREASED,varchar(30) -> varchar(100),varchar(30),30.0,30.0,0.0,0.0,0.0,varchar(100),100.0,100.0,0.0,0.0,0.0
dbo,pluspcustomerlog,modifyby,LENGTH_INCREASED,LENGTH_INCREASED,varchar(30) -> varchar(100),varchar(30),30.0,30.0,0.0,0.0,0.0,varchar(100),100.0,100.0,0.0,0.0,0.0
dbo,pluspcuststatus,changedate,DATA_TYPE_CHANGED,DATA_TYPE_CHANGED|PRECISION_INCREASED|SCALE_INCREASED,datetime -> datetime2(7),datetime,NULL,8.0,23.0,3.0,0.0,datetime2(7),NULL,8.0,27.0,7.0,0.0
dbo,pluspcuststatus,changeby,LENGTH_INCREASED,LENGTH_INCREASED,varchar(30) -> varchar(100),varchar(30),30.0,30.0,0.0,0.0,0.0,varchar(100),100.0,100.0,0.0,0.0,0.0
dbo,pluspdownpmt,wonum,LENGTH_INCREASED,LENGTH_INCREASED,varchar(10) -> varchar(25),varchar(10),10.0,10.0,0.0,0.0,0.0,varchar(25),25.0,25.0,0.0,0.0,0.0
dbo,pluspgbtrans,custcurdate,DATA_TYPE_CHANGED,DATA_TYPE_CHANGED|PRECISION_INCREASED|SCALE_INCREASED,datetime -> datetime2(7),datetime,NULL,8.0,23.0,3.0,1.0,datetime2(7),NULL,8.0,27.0,7.0,1.0
dbo,pluspgbtrans,origquotedate,DATA_TYPE_CHANGED,DATA_TYPE_CHANGED|PRECISION_INCREASED|SCALE_INCREASED,datetime -> datetime2(7),datetime,NULL,8.0,23.0,3.0,1.0,datetime2(7),NULL,8.0,27.0,7.0,1.0
dbo,pluspgbtrans,rentenddate,DATA_TYPE_CHANGED,DATA_TYPE_CHANGED|PRECISION_INCREASED|SCALE_INCREASED,datetime -> datetime2(7),datetime,NULL,8.0,23.0,3.0,1.0,datetime2(7),NULL,8.0,27.0,7.0,1.0
dbo,pluspgbtrans,rentstartdate,DATA_TYPE_CHANGED,DATA_TYPE_CHANGED|PRECISION_INCREASED|SCALE_INCREASED,datetime -> datetime2(7),datetime,NULL,8.0,23.0,3.0,1.0,datetime2(7),NULL,8.0,27.0,7.0,1.0
dbo,pluspgbtrans,transdate,DATA_TYPE_CHANGED,DATA_TYPE_CHANGED|PRECISION_INCREASED|SCALE_INCREASED,datetime -> datetime2(7),datetime,NULL,8.0,23.0,3.0,1.0,datetime2(7),NULL,8.0,27.0,7.0,1.0
dbo,pluspgbtrans,updatedate,DATA_TYPE_CHANGED,DATA_TYPE_CHANGED|PRECISION_INCREASED|SCALE_INCREASED,datetime -> datetime2(7),datetime,NULL,8.0,23.0,3.0,1.0,datetime2(7),NULL,8.0,27.0,7.0,1.0
dbo,pluspgbtrans,classstructureid,LENGTH_INCREASED,LENGTH_INCREASED,varchar(20) -> varchar(25),varchar(20),20.0,20.0,0.0,0.0,1.0,varchar(25),25.0,25.0,0.0,0.0,1.0
dbo,pluspgbtrans,origquoteby,LENGTH_INCREASED,LENGTH_INCREASED,varchar(30) -> varchar(100),varchar(30),30.0,30.0,0.0,0.0,1.0,varchar(100),100.0,100.0,0.0,0.0,1.0
dbo,pluspgbtrans,slabreachordernum,LENGTH_INCREASED,LENGTH_INCREASED,varchar(10) -> varchar(25),varchar(10),10.0,10.0,0.0,0.0,1.0,varchar(25),25.0,25.0,0.0,0.0,1.0
dbo,pluspgbtrans,updatedby,LENGTH_INCREASED,LENGTH_INCREASED,varchar(30) -> varchar(100),varchar(30),30.0,30.0,0.0,0.0,1.0,varchar(100),100.0,100.0,0.0,0.0,1.0
dbo,pluspgbtrans,wonum,LENGTH_INCREASED,LENGTH_INCREASED,varchar(10) -> varchar(25),varchar(10),10.0,10.0,0.0,0.0,1.0,varchar(25),25.0,25.0,0.0,0.0,1.0
dbo,plusppblineasset,classstructureid,LENGTH_INCREASED,LENGTH_INCREASED,varchar(20) -> varchar(25),varchar(20),20.0,20.0,0.0,0.0,0.0,varchar(25),25.0,25.0,0.0,0.0,0.0
dbo,plusppblineassetspec,classstructureid,LENGTH_INCREASED,LENGTH_INCREASED,varchar(20) -> varchar(25),varchar(20),20.0,20.0,0.0,0.0,0.0,varchar(25),25.0,25.0,0.0,0.0,0.0
dbo,plusppbstatus,statusdate,DATA_TYPE_CHANGED,DATA_TYPE_CHANGED|PRECISION_INCREASED|SCALE_INCREASED,datetime -> datetime2(7),datetime,NULL,8.0,23.0,3.0,0.0,datetime2(7),NULL,8.0,27.0,7.0,0.0
dbo,plusppersoncust,personid,LENGTH_INCREASED,LENGTH_INCREASED,varchar(30) -> varchar(100),varchar(30),30.0,30.0,0.0,0.0,0.0,varchar(100),100.0,100.0,0.0,0.0,0.0
dbo,plusppricebook,changedate,DATA_TYPE_CHANGED,DATA_TYPE_CHANGED|PRECISION_INCREASED|SCALE_INCREASED,datetime -> datetime2(7),datetime,NULL,8.0,23.0,3.0,1.0,datetime2(7),NULL,8.0,27.0,7.0,1.0
dbo,plusppricebook,effectivedate,DATA_TYPE_CHANGED,DATA_TYPE_CHANGED|PRECISION_INCREASED|SCALE_INCREASED,datetime -> datetime2(7),datetime,NULL,8.0,23.0,3.0,1.0,datetime2(7),NULL,8.0,27.0,7.0,1.0
dbo,plusppricebook,enddate,DATA_TYPE_CHANGED,DATA_TYPE_CHANGED|PRECISION_INCREASED|SCALE_INCREASED,datetime -> datetime2(7),datetime,NULL,8.0,23.0,3.0,1.0,datetime2(7),NULL,8.0,27.0,7.0,1.0
dbo,plusppricebook,statusdate,DATA_TYPE_CHANGED,DATA_TYPE_CHANGED|PRECISION_INCREASED|SCALE_INCREASED,datetime -> datetime2(7),datetime,NULL,8.0,23.0,3.0,1.0,datetime2(7),NULL,8.0,27.0,7.0,1.0
dbo,plusppricebook,changedby,LENGTH_INCREASED,LENGTH_INCREASED,varchar(30) -> varchar(100),varchar(30),30.0,30.0,0.0,0.0,1.0,varchar(100),100.0,100.0,0.0,0.0,1.0
dbo,pluspprices,lastbilldate,DATA_TYPE_CHANGED,DATA_TYPE_CHANGED|PRECISION_INCREASED|SCALE_INCREASED,datetime -> datetime2(7),datetime,NULL,8.0,23.0,3.0,1.0,datetime2(7),NULL,8.0,27.0,7.0,1.0
dbo,plusppsassetmgt,classstructureid,LENGTH_INCREASED,LENGTH_INCREASED,varchar(20) -> varchar(25),varchar(20),20.0,20.0,0.0,0.0,0.0,varchar(25),25.0,25.0,0.0,0.0,0.0
dbo,plusprprecords,applieddate,DATA_TYPE_CHANGED,DATA_TYPE_CHANGED|PRECISION_INCREASED|SCALE_INCREASED,datetime -> datetime2(7),datetime,NULL,8.0,23.0,3.0,1.0,datetime2(7),NULL,8.0,27.0,7.0,1.0
dbo,plusprprecords,appliedby,LENGTH_INCREASED,LENGTH_INCREASED,varchar(30) -> varchar(100),varchar(30),30.0,30.0,0.0,0.0,1.0,varchar(100),100.0,100.0,0.0,0.0,1.0
dbo,pluspsalesorder,autoissueassets,COLUMN_ADDED,COLUMN_ADDED,new smallint,,,,,,,smallint,NULL,2.0,5.0,0.0,1.0
dbo,pluspsalesorder,changedate,DATA_TYPE_CHANGED,DATA_TYPE_CHANGED|PRECISION_INCREASED|SCALE_INCREASED,datetime -> datetime2(7),datetime,NULL,8.0,23.0,3.0,0.0,datetime2(7),NULL,8.0,27.0,7.0,0.0
dbo,pluspsalesorder,enterdate,DATA_TYPE_CHANGED,DATA_TYPE_CHANGED|PRECISION_INCREASED|SCALE_INCREASED,datetime -> datetime2(7),datetime,NULL,8.0,23.0,3.0,0.0,datetime2(7),NULL,8.0,27.0,7.0,0.0
dbo,pluspsalesorder,statusdate,DATA_TYPE_CHANGED,DATA_TYPE_CHANGED|PRECISION_INCREASED|SCALE_INCREASED,datetime -> datetime2(7),datetime,NULL,8.0,23.0,3.0,0.0,datetime2(7),NULL,8.0,27.0,7.0,0.0
dbo,pluspsalesorder,addresscode,LENGTH_INCREASED,LENGTH_INCREASED,varchar(12) -> varchar(25),varchar(12),12.0,12.0,0.0,0.0,1.0,varchar(25),25.0,25.0,0.0,0.0,1.0
dbo,pluspsalesorder,changeby,LENGTH_INCREASED,LENGTH_INCREASED,varchar(30) -> varchar(100),varchar(30),30.0,30.0,0.0,0.0,0.0,varchar(100),100.0,100.0,0.0,0.0,0.0
dbo,pluspsalesorder,classstructureid,LENGTH_INCREASED,LENGTH_INCREASED,varchar(20) -> varchar(25),varchar(20),20.0,20.0,0.0,0.0,1.0,varchar(25),25.0,25.0,0.0,0.0,1.0
dbo,pluspsalesorder,enteredby,LENGTH_INCREASED,LENGTH_INCREASED,varchar(30) -> varchar(100),varchar(30),30.0,30.0,0.0,0.0,1.0,varchar(100),100.0,100.0,0.0,0.0,1.0
dbo,pluspsalesorder,owner,LENGTH_INCREASED,LENGTH_INCREASED,varchar(30) -> varchar(100),varchar(30),30.0,30.0,0.0,0.0,1.0,varchar(100),100.0,100.0,0.0,0.0,1.0
dbo,pluspservagree,changedate,DATA_TYPE_CHANGED,DATA_TYPE_CHANGED|PRECISION_INCREASED|SCALE_INCREASED,datetime -> datetime2(7),datetime,NULL,8.0,23.0,3.0,1.0,datetime2(7),NULL,8.0,27.0,7.0,1.0
dbo,pluspservagree,createdate,DATA_TYPE_CHANGED,DATA_TYPE_CHANGED|PRECISION_INCREASED|SCALE_INCREASED,datetime -> datetime2(7),datetime,NULL,8.0,23.0,3.0,1.0,datetime2(7),NULL,8.0,27.0,7.0,1.0
dbo,pluspservagree,enddate,DATA_TYPE_CHANGED,DATA_TYPE_CHANGED|PRECISION_INCREASED|SCALE_INCREASED,datetime -> datetime2(7),datetime,NULL,8.0,23.0,3.0,1.0,datetime2(7),NULL,8.0,27.0,7.0,1.0
dbo,pluspservagree,pluspactreviewdate,DATA_TYPE_CHANGED,DATA_TYPE_CHANGED|PRECISION_INCREASED|SCALE_INCREASED,datetime -> datetime2(7),datetime,NULL,8.0,23.0,3.0,1.0,datetime2(7),NULL,8.0,27.0,7.0,1.0
dbo,pluspservagree,reviewdate,DATA_TYPE_CHANGED,DATA_TYPE_CHANGED|PRECISION_INCREASED|SCALE_INCREASED,datetime -> datetime2(7),datetime,NULL,8.0,23.0,3.0,1.0,datetime2(7),NULL,8.0,27.0,7.0,1.0
dbo,pluspservagree,startdate,DATA_TYPE_CHANGED,DATA_TYPE_CHANGED|PRECISION_INCREASED|SCALE_INCREASED,datetime -> datetime2(7),datetime,NULL,8.0,23.0,3.0,1.0,datetime2(7),NULL,8.0,27.0,7.0,1.0
dbo,pluspservagree,statusdate,DATA_TYPE_CHANGED,DATA_TYPE_CHANGED|PRECISION_INCREASED|SCALE_INCREASED,datetime -> datetime2(7),datetime,NULL,8.0,23.0,3.0,1.0,datetime2(7),NULL,8.0,27.0,7.0,1.0
dbo,pluspservagree,administrator,LENGTH_INCREASED,LENGTH_INCREASED,varchar(30) -> varchar(100),varchar(30),30.0,30.0,0.0,0.0,1.0,varchar(100),100.0,100.0,0.0,0.0,1.0
dbo,pluspservagree,assignlead,LENGTH_INCREASED,LENGTH_INCREASED,varchar(30) -> varchar(100),varchar(30),30.0,30.0,0.0,0.0,1.0,varchar(100),100.0,100.0,0.0,0.0,1.0
dbo,pluspservagree,assignowner,LENGTH_INCREASED,LENGTH_INCREASED,varchar(30) -> varchar(100),varchar(30),30.0,30.0,0.0,0.0,1.0,varchar(100),100.0,100.0,0.0,0.0,1.0
dbo,pluspservagree,assignsupervisor,LENGTH_INCREASED,LENGTH_INCREASED,varchar(30) -> varchar(100),varchar(30),30.0,30.0,0.0,0.0,1.0,varchar(100),100.0,100.0,0.0,0.0,1.0
dbo,pluspservagree,changeby,LENGTH_INCREASED,LENGTH_INCREASED,varchar(30) -> varchar(100),varchar(30),30.0,30.0,0.0,0.0,1.0,varchar(100),100.0,100.0,0.0,0.0,1.0
dbo,pluspservagree,classstructureid,LENGTH_INCREASED,LENGTH_INCREASED,varchar(20) -> varchar(25),varchar(20),20.0,20.0,0.0,0.0,1.0,varchar(25),25.0,25.0,0.0,0.0,1.0
dbo,pluspservagree,createby,LENGTH_INCREASED,LENGTH_INCREASED,varchar(30) -> varchar(100),varchar(30),30.0,30.0,0.0,0.0,1.0,varchar(100),100.0,100.0,0.0,0.0,1.0
dbo,pluspservagree,custvendorcontact,LENGTH_INCREASED,LENGTH_INCREASED,varchar(30) -> varchar(100),varchar(30),30.0,30.0,0.0,0.0,1.0,varchar(100),100.0,100.0,0.0,0.0,1.0
dbo,pluspservagree,pluspreviewer,LENGTH_INCREASED,LENGTH_INCREASED,varchar(30) -> varchar(100),varchar(30),30.0,30.0,0.0,0.0,1.0,varchar(100),100.0,100.0,0.0,0.0,1.0
dbo,pluspslabreach,datecreated,DATA_TYPE_CHANGED,DATA_TYPE_CHANGED|PRECISION_INCREASED|SCALE_INCREASED,datetime -> datetime2(7),datetime,NULL,8.0,23.0,3.0,0.0,datetime2(7),NULL,8.0,27.0,7.0,0.0
dbo,pluspslabreachline,actualdate,DATA_TYPE_CHANGED,DATA_TYPE_CHANGED|PRECISION_INCREASED|SCALE_INCREASED,datetime -> datetime2(7),datetime,NULL,8.0,23.0,3.0,1.0,datetime2(7),NULL,8.0,27.0,7.0,1.0
dbo,pluspslabreachline,targetdate,DATA_TYPE_CHANGED,DATA_TYPE_CHANGED|PRECISION_INCREASED|SCALE_INCREASED,datetime -> datetime2(7),datetime,NULL,8.0,23.0,3.0,1.0,datetime2(7),NULL,8.0,27.0,7.0,1.0
dbo,pluspslabreachlnst,changedate,DATA_TYPE_CHANGED,DATA_TYPE_CHANGED|PRECISION_INCREASED|SCALE_INCREASED,datetime -> datetime2(7),datetime,NULL,8.0,23.0,3.0,0.0,datetime2(7),NULL,8.0,27.0,7.0,0.0
dbo,pluspslabreachlnst,changeby,LENGTH_INCREASED,LENGTH_INCREASED,varchar(30) -> varchar(100),varchar(30),30.0,30.0,0.0,0.0,0.0,varchar(100),100.0,100.0,0.0,0.0,0.0
dbo,pluspsoownerhist,owndate,DATA_TYPE_CHANGED,DATA_TYPE_CHANGED|PRECISION_INCREASED|SCALE_INCREASED,datetime -> datetime2(7),datetime,NULL,8.0,23.0,3.0,0.0,datetime2(7),NULL,8.0,27.0,7.0,0.0
dbo,pluspsoownerhist,owner,LENGTH_INCREASED,LENGTH_INCREASED,varchar(30) -> varchar(100),varchar(30),30.0,30.0,0.0,0.0,1.0,varchar(100),100.0,100.0,0.0,0.0,1.0
dbo,pluspsoownerhist,ownerchangeby,LENGTH_INCREASED,LENGTH_INCREASED,varchar(30) -> varchar(100),varchar(30),30.0,30.0,0.0,0.0,0.0,varchar(100),100.0,100.0,0.0,0.0,0.0
dbo,pluspsostatus,changedate,DATA_TYPE_CHANGED,DATA_TYPE_CHANGED|PRECISION_INCREASED|SCALE_INCREASED,datetime -> datetime2(7),datetime,NULL,8.0,23.0,3.0,0.0,datetime2(7),NULL,8.0,27.0,7.0,0.0
dbo,pluspsostatus,changeby,LENGTH_INCREASED,LENGTH_INCREASED,varchar(30) -> varchar(100),varchar(30),30.0,30.0,0.0,0.0,0.0,varchar(100),100.0,100.0,0.0,0.0,0.0
dbo,plusptobebilled,wonum,LENGTH_INCREASED,LENGTH_INCREASED,varchar(10) -> varchar(25),varchar(10),10.0,10.0,0.0,0.0,0.0,varchar(25),25.0,25.0,0.0,0.0,0.0
dbo,plusptobebilledtr,transdate,DATA_TYPE_CHANGED,DATA_TYPE_CHANGED|PRECISION_INCREASED|SCALE_INCREASED,datetime -> datetime2(7),datetime,NULL,8.0,23.0,3.0,1.0,datetime2(7),NULL,8.0,27.0,7.0,1.0
dbo,plusptobebilledtr,wonum,LENGTH_INCREASED,LENGTH_INCREASED,varchar(10) -> varchar(25),varchar(10),10.0,10.0,0.0,0.0,0.0,varchar(25),25.0,25.0,0.0,0.0,0.0
dbo,plusptransbillstate,changedate,DATA_TYPE_CHANGED,DATA_TYPE_CHANGED|PRECISION_INCREASED|SCALE_INCREASED,datetime -> datetime2(7),datetime,NULL,8.0,23.0,3.0,1.0,datetime2(7),NULL,8.0,27.0,7.0,1.0
dbo,plusptransbillstate,changeby,LENGTH_INCREASED,LENGTH_INCREASED,varchar(30) -> varchar(100),varchar(30),30.0,30.0,0.0,0.0,1.0,varchar(100),100.0,100.0,0.0,0.0,1.0
dbo,plusptransbillstate,wonum,LENGTH_INCREASED,LENGTH_INCREASED,varchar(10) -> varchar(25),varchar(10),10.0,10.0,0.0,0.0,0.0,varchar(25),25.0,25.0,0.0,0.0,0.0
dbo,pluspunfinishedcron,crontaskname,LENGTH_INCREASED,LENGTH_INCREASED,varchar(30) -> varchar(50),varchar(30),30.0,30.0,0.0,0.0,0.0,varchar(50),50.0,50.0,0.0,0.0,0.0
dbo,pluspwopricetotals,wonum,LENGTH_INCREASED,LENGTH_INCREASED,varchar(10) -> varchar(25),varchar(10),10.0,10.0,0.0,0.0,1.0,varchar(25),25.0,25.0,0.0,0.0,1.0
dbo,pluspwoterms,wonum,LENGTH_INCREASED,LENGTH_INCREASED,varchar(10) -> varchar(25),varchar(10),10.0,10.0,0.0,0.0,0.0,varchar(25),25.0,25.0,0.0,0.0,0.0
dbo,pluspwpgenbill,enterdate,DATA_TYPE_CHANGED,DATA_TYPE_CHANGED|PRECISION_INCREASED|SCALE_INCREASED,datetime -> datetime2(7),datetime,NULL,8.0,23.0,3.0,0.0,datetime2(7),NULL,8.0,27.0,7.0,0.0
dbo,pluspwpgenbill,transdate,DATA_TYPE_CHANGED,DATA_TYPE_CHANGED|PRECISION_INCREASED|SCALE_INCREASED,datetime -> datetime2(7),datetime,NULL,8.0,23.0,3.0,0.0,datetime2(7),NULL,8.0,27.0,7.0,0.0
dbo,pluspwpgenbill,enterby,LENGTH_INCREASED,LENGTH_INCREASED,varchar(30) -> varchar(100),varchar(30),30.0,30.0,0.0,0.0,0.0,varchar(100),100.0,100.0,0.0,0.0,0.0
dbo,pluspwpgenbill,wonum,LENGTH_INCREASED,LENGTH_INCREASED,varchar(10) -> varchar(25),varchar(10),10.0,10.0,0.0,0.0,1.0,varchar(25),25.0,25.0,0.0,0.0,1.0
dbo,plussmapservice,plussenabledlayers,DATA_TYPE_CHANGED,DATA_TYPE_CHANGED,image -> varbinary(max),image,NULL,16.0,0.0,0.0,1.0,varbinary(max),NULL,-1.0,0.0,0.0,1.0
dbo,plussspatialreference,definition,DATA_TYPE_CHANGED,DATA_TYPE_CHANGED,text -> varchar(max),text,NULL,16.0,0.0,0.0,0.0,varchar(max),NULL,-1.0,0.0,0.0,0.0
dbo,plusstilepackage,package,DATA_TYPE_CHANGED,DATA_TYPE_CHANGED,image -> varbinary(max),image,NULL,16.0,0.0,0.0,1.0,varbinary(max),NULL,-1.0,0.0,0.0,1.0
dbo,plusstilepackage,uploaddate,DATA_TYPE_CHANGED,DATA_TYPE_CHANGED|PRECISION_INCREASED|SCALE_INCREASED,datetime -> datetime2(7),datetime,NULL,8.0,23.0,3.0,1.0,datetime2(7),NULL,8.0,27.0,7.0,1.0
dbo,plusstoolpersistence,toolsconfig,DATA_TYPE_CHANGED,DATA_TYPE_CHANGED,text -> varchar(max),text,NULL,16.0,0.0,0.0,1.0,varchar(max),NULL,-1.0,0.0,0.0,1.0
dbo,plusstoolpersistence,userid,LENGTH_INCREASED,LENGTH_INCREASED,varchar(30) -> varchar(100),varchar(30),30.0,30.0,0.0,0.0,0.0,varchar(100),100.0,100.0,0.0,0.0,0.0
dbo,pm,enforcemaxdayofmonth,COLUMN_ADDED,COLUMN_ADDED,new smallint,,,,,,,smallint,NULL,2.0,5.0,0.0,0.0
dbo,pm,grandtotalprice,COLUMN_ADDED,COLUMN_ADDED,"new decimal(12,2)",,,,,,,"decimal(12,2)",NULL,9.0,12.0,2.0,1.0
dbo,pm,pluspagreement,COLUMN_ADDED,COLUMN_ADDED,new varchar(12),,,,,,,varchar(12),12.0,12.0,0.0,0.0,1.0
dbo,pm,plusppricesched,COLUMN_ADDED,COLUMN_ADDED,new varchar(10),,,,,,,varchar(10),10.0,10.0,0.0,0.0,1.0
dbo,pm,plusprevnum,COLUMN_ADDED,COLUMN_ADDED,new int,,,,,,,int,NULL,4.0,10.0,0.0,1.0
dbo,pm,pmfpricecaldate,COLUMN_ADDED,COLUMN_ADDED,new datetime2(7),,,,,,,datetime2(7),NULL,8.0,27.0,7.0,1.0
dbo,pm,changedate,DATA_TYPE_CHANGED,DATA_TYPE_CHANGED|PRECISION_INCREASED|SCALE_INCREASED,datetime -> datetime2(7),datetime,NULL,8.0,23.0,3.0,0.0,datetime2(7),NULL,8.0,27.0,7.0,0.0
dbo,pm,extdate,DATA_TYPE_CHANGED,DATA_TYPE_CHANGED|PRECISION_INCREASED|SCALE_INCREASED,datetime -> datetime2(7),datetime,NULL,8.0,23.0,3.0,1.0,datetime2(7),NULL,8.0,27.0,7.0,1.0
dbo,pm,firstdate,DATA_TYPE_CHANGED,DATA_TYPE_CHANGED|PRECISION_INCREASED|SCALE_INCREASED,datetime -> datetime2(7),datetime,NULL,8.0,23.0,3.0,1.0,datetime2(7),NULL,8.0,27.0,7.0,1.0
dbo,pm,lastcompdate,DATA_TYPE_CHANGED,DATA_TYPE_CHANGED|PRECISION_INCREASED|SCALE_INCREASED,datetime -> datetime2(7),datetime,NULL,8.0,23.0,3.0,1.0,datetime2(7),NULL,8.0,27.0,7.0,1.0
dbo,pm,laststartdate,DATA_TYPE_CHANGED,DATA_TYPE_CHANGED|PRECISION_INCREASED|SCALE_INCREASED,datetime -> datetime2(7),datetime,NULL,8.0,23.0,3.0,1.0,datetime2(7),NULL,8.0,27.0,7.0,1.0
dbo,pm,nextdate,DATA_TYPE_CHANGED,DATA_TYPE_CHANGED|PRECISION_INCREASED|SCALE_INCREASED,datetime -> datetime2(7),datetime,NULL,8.0,23.0,3.0,1.0,datetime2(7),NULL,8.0,27.0,7.0,1.0
dbo,pm,pmeq2,DATA_TYPE_CHANGED,DATA_TYPE_CHANGED|PRECISION_INCREASED|SCALE_INCREASED,datetime -> datetime2(7),datetime,NULL,8.0,23.0,3.0,1.0,datetime2(7),NULL,8.0,27.0,7.0,1.0
dbo,pm,pmfpcostcaldate,DATA_TYPE_CHANGED,DATA_TYPE_CHANGED|PRECISION_INCREASED|SCALE_INCREASED,datetime -> datetime2(7),datetime,NULL,8.0,23.0,3.0,1.0,datetime2(7),NULL,8.0,27.0,7.0,1.0
dbo,pm,targstarttime,DATA_TYPE_CHANGED,DATA_TYPE_CHANGED|PRECISION_INCREASED|SCALE_INCREASED,datetime -> datetime2(7),datetime,NULL,8.0,23.0,3.0,1.0,datetime2(7),NULL,8.0,27.0,7.0,1.0
dbo,pm,changeby,LENGTH_INCREASED,LENGTH_INCREASED,varchar(30) -> varchar(100),varchar(30),30.0,30.0,0.0,0.0,0.0,varchar(100),100.0,100.0,0.0,0.0,0.0
dbo,pm,lead,LENGTH_INCREASED,LENGTH_INCREASED,varchar(30) -> varchar(100),varchar(30),30.0,30.0,0.0,0.0,1.0,varchar(100),100.0,100.0,0.0,0.0,1.0
dbo,pm,owner,LENGTH_INCREASED,LENGTH_INCREASED,varchar(30) -> varchar(100),varchar(30),30.0,30.0,0.0,0.0,1.0,varchar(100),100.0,100.0,0.0,0.0,1.0
dbo,pm,supervisor,LENGTH_INCREASED,LENGTH_INCREASED,varchar(30) -> varchar(100),varchar(30),30.0,30.0,0.0,0.0,1.0,varchar(100),100.0,100.0,0.0,0.0,1.0
dbo,pmforecast,changedate,DATA_TYPE_CHANGED,DATA_TYPE_CHANGED|PRECISION_INCREASED|SCALE_INCREASED,datetime -> datetime2(7),datetime,NULL,8.0,23.0,3.0,1.0,datetime2(7),NULL,8.0,27.0,7.0,1.0
dbo,pmforecast,createdate,DATA_TYPE_CHANGED,DATA_TYPE_CHANGED|PRECISION_INCREASED|SCALE_INCREASED,datetime -> datetime2(7),datetime,NULL,8.0,23.0,3.0,0.0,datetime2(7),NULL,8.0,27.0,7.0,0.0
dbo,pmforecast,forecastdate,DATA_TYPE_CHANGED,DATA_TYPE_CHANGED|PRECISION_INCREASED|SCALE_INCREASED,datetime -> datetime2(7),datetime,NULL,8.0,23.0,3.0,0.0,datetime2(7),NULL,8.0,27.0,7.0,0.0
dbo,pmforecast,newdate,DATA_TYPE_CHANGED,DATA_TYPE_CHANGED|PRECISION_INCREASED|SCALE_INCREASED,datetime -> datetime2(7),datetime,NULL,8.0,23.0,3.0,1.0,datetime2(7),NULL,8.0,27.0,7.0,1.0
dbo,pmforecast,changeby,LENGTH_INCREASED,LENGTH_INCREASED,varchar(30) -> varchar(100),varchar(30),30.0,30.0,0.0,0.0,1.0,varchar(100),100.0,100.0,0.0,0.0,1.0
dbo,pmforecast,createby,LENGTH_INCREASED,LENGTH_INCREASED,varchar(30) -> varchar(100),varchar(30),30.0,30.0,0.0,0.0,0.0,varchar(100),100.0,100.0,0.0,0.0,0.0
dbo,pmforecastjp,totalfeesprice,COLUMN_ADDED,COLUMN_ADDED,"new decimal(12,2)",,,,,,,"decimal(12,2)",NULL,9.0,12.0,2.0,1.0
dbo,pmforecastjp,totallabprice,COLUMN_ADDED,COLUMN_ADDED,"new decimal(12,2)",,,,,,,"decimal(12,2)",NULL,9.0,12.0,2.0,1.0
dbo,pmforecastjp,totalmatprice,COLUMN_ADDED,COLUMN_ADDED,"new decimal(12,2)",,,,,,,"decimal(12,2)",NULL,9.0,12.0,2.0,1.0
dbo,pmforecastjp,totalprice,COLUMN_ADDED,COLUMN_ADDED,"new decimal(12,2)",,,,,,,"decimal(12,2)",NULL,9.0,12.0,2.0,1.0
dbo,pmforecastjp,totalservprice,COLUMN_ADDED,COLUMN_ADDED,"new decimal(12,2)",,,,,,,"decimal(12,2)",NULL,9.0,12.0,2.0,1.0
dbo,pmforecastjp,totaltoolprice,COLUMN_ADDED,COLUMN_ADDED,"new decimal(12,2)",,,,,,,"decimal(12,2)",NULL,9.0,12.0,2.0,1.0
dbo,pmforecastjp,changedate,DATA_TYPE_CHANGED,DATA_TYPE_CHANGED|PRECISION_INCREASED|SCALE_INCREASED,datetime -> datetime2(7),datetime,NULL,8.0,23.0,3.0,1.0,datetime2(7),NULL,8.0,27.0,7.0,1.0
dbo,pmforecastjp,createdate,DATA_TYPE_CHANGED,DATA_TYPE_CHANGED|PRECISION_INCREASED|SCALE_INCREASED,datetime -> datetime2(7),datetime,NULL,8.0,23.0,3.0,0.0,datetime2(7),NULL,8.0,27.0,7.0,0.0
dbo,pmforecastjp,changeby,LENGTH_INCREASED,LENGTH_INCREASED,varchar(30) -> varchar(100),varchar(30),30.0,30.0,0.0,0.0,1.0,varchar(100),100.0,100.0,0.0,0.0,1.0
dbo,pmforecastjp,createby,LENGTH_INCREASED,LENGTH_INCREASED,varchar(30) -> varchar(100),varchar(30),30.0,30.0,0.0,0.0,0.0,varchar(100),100.0,100.0,0.0,0.0,0.0
dbo,pmforecastlabor,thislaborprice,COLUMN_ADDED,COLUMN_ADDED,"new decimal(12,2)",,,,,,,"decimal(12,2)",NULL,9.0,12.0,2.0,1.0
dbo,pmforecastmaterial,thismatprice,COLUMN_ADDED,COLUMN_ADDED,"new decimal(12,2)",,,,,,,"decimal(12,2)",NULL,9.0,12.0,2.0,1.0
dbo,pmforecastservice,thisservprice,COLUMN_ADDED,COLUMN_ADDED,"new decimal(12,2)",,,,,,,"decimal(12,2)",NULL,9.0,12.0,2.0,1.0
dbo,pmforecasttool,thistoolprice,COLUMN_ADDED,COLUMN_ADDED,"new decimal(12,2)",,,,,,,"decimal(12,2)",NULL,9.0,12.0,2.0,1.0
dbo,pmmeter,createdate,COLUMN_ADDED,COLUMN_ADDED,new datetime2(7),,,,,,,datetime2(7),NULL,8.0,27.0,7.0,1.0
dbo,pmmeter,lastpmwogenreaddt,DATA_TYPE_CHANGED,DATA_TYPE_CHANGED|PRECISION_INCREASED|SCALE_INCREASED,datetime -> datetime2(7),datetime,NULL,8.0,23.0,3.0,1.0,datetime2(7),NULL,8.0,27.0,7.0,1.0
dbo,po,changedate,DATA_TYPE_CHANGED,DATA_TYPE_CHANGED|PRECISION_INCREASED|SCALE_INCREASED,datetime -> datetime2(7),datetime,NULL,8.0,23.0,3.0,0.0,datetime2(7),NULL,8.0,27.0,7.0,0.0
dbo,po,ecomstatusdate,DATA_TYPE_CHANGED,DATA_TYPE_CHANGED|PRECISION_INCREASED|SCALE_INCREASED,datetime -> datetime2(7),datetime,NULL,8.0,23.0,3.0,1.0,datetime2(7),NULL,8.0,27.0,7.0,1.0
dbo,po,enddate,DATA_TYPE_CHANGED,DATA_TYPE_CHANGED|PRECISION_INCREASED|SCALE_INCREASED,datetime -> datetime2(7),datetime,NULL,8.0,23.0,3.0,1.0,datetime2(7),NULL,8.0,27.0,7.0,1.0
dbo,po,exchangedate,DATA_TYPE_CHANGED,DATA_TYPE_CHANGED|PRECISION_INCREASED|SCALE_INCREASED,datetime -> datetime2(7),datetime,NULL,8.0,23.0,3.0,1.0,datetime2(7),NULL,8.0,27.0,7.0,1.0
dbo,po,followupdate,DATA_TYPE_CHANGED,DATA_TYPE_CHANGED|PRECISION_INCREASED|SCALE_INCREASED,datetime -> datetime2(7),datetime,NULL,8.0,23.0,3.0,1.0,datetime2(7),NULL,8.0,27.0,7.0,1.0
dbo,po,orderdate,DATA_TYPE_CHANGED,DATA_TYPE_CHANGED|PRECISION_INCREASED|SCALE_INCREASED,datetime -> datetime2(7),datetime,NULL,8.0,23.0,3.0,1.0,datetime2(7),NULL,8.0,27.0,7.0,1.0
dbo,po,po7,DATA_TYPE_CHANGED,DATA_TYPE_CHANGED|PRECISION_INCREASED|SCALE_INCREASED,datetime -> datetime2(7),datetime,NULL,8.0,23.0,3.0,1.0,datetime2(7),NULL,8.0,27.0,7.0,1.0
dbo,po,requireddate,DATA_TYPE_CHANGED,DATA_TYPE_CHANGED|PRECISION_INCREASED|SCALE_INCREASED,datetime -> datetime2(7),datetime,NULL,8.0,23.0,3.0,1.0,datetime2(7),NULL,8.0,27.0,7.0,1.0
dbo,po,startdate,DATA_TYPE_CHANGED,DATA_TYPE_CHANGED|PRECISION_INCREASED|SCALE_INCREASED,datetime -> datetime2(7),datetime,NULL,8.0,23.0,3.0,1.0,datetime2(7),NULL,8.0,27.0,7.0,1.0
dbo,po,statusdate,DATA_TYPE_CHANGED,DATA_TYPE_CHANGED|PRECISION_INCREASED|SCALE_INCREASED,datetime -> datetime2(7),datetime,NULL,8.0,23.0,3.0,0.0,datetime2(7),NULL,8.0,27.0,7.0,0.0
dbo,po,vendeliverydate,DATA_TYPE_CHANGED,DATA_TYPE_CHANGED|PRECISION_INCREASED|SCALE_INCREASED,datetime -> datetime2(7),datetime,NULL,8.0,23.0,3.0,1.0,datetime2(7),NULL,8.0,27.0,7.0,1.0
dbo,po,billtoattn,LENGTH_INCREASED,LENGTH_INCREASED,varchar(30) -> varchar(100),varchar(30),30.0,30.0,0.0,0.0,1.0,varchar(100),100.0,100.0,0.0,0.0,1.0
dbo,po,changeby,LENGTH_INCREASED,LENGTH_INCREASED,varchar(30) -> varchar(100),varchar(30),30.0,30.0,0.0,0.0,0.0,varchar(100),100.0,100.0,0.0,0.0,0.0
dbo,po,purchaseagent,LENGTH_INCREASED,LENGTH_INCREASED,varchar(30) -> varchar(100),varchar(30),30.0,30.0,0.0,0.0,1.0,varchar(100),100.0,100.0,0.0,0.0,1.0
dbo,po,shiptoattn,LENGTH_INCREASED,LENGTH_INCREASED,varchar(30) -> varchar(100),varchar(30),30.0,30.0,0.0,0.0,1.0,varchar(100),100.0,100.0,0.0,0.0,1.0
dbo,poecomstatus,changedate,DATA_TYPE_CHANGED,DATA_TYPE_CHANGED|PRECISION_INCREASED|SCALE_INCREASED,datetime -> datetime2(7),datetime,NULL,8.0,23.0,3.0,0.0,datetime2(7),NULL,8.0,27.0,7.0,0.0
dbo,pointwo,effectivedate,DATA_TYPE_CHANGED,DATA_TYPE_CHANGED|PRECISION_INCREASED|SCALE_INCREASED,datetime -> datetime2(7),datetime,NULL,8.0,23.0,3.0,0.0,datetime2(7),NULL,8.0,27.0,7.0,0.0
dbo,pointwo,wonum,LENGTH_INCREASED,LENGTH_INCREASED,varchar(10) -> varchar(25),varchar(10),10.0,10.0,0.0,0.0,0.0,varchar(25),25.0,25.0,0.0,0.0,0.0
dbo,poline,inspformnum,COLUMN_ADDED,COLUMN_ADDED,new varchar(12),,,,,,,varchar(12),12.0,12.0,0.0,0.0,1.0
dbo,poline,enterdate,DATA_TYPE_CHANGED,DATA_TYPE_CHANGED|PRECISION_INCREASED|SCALE_INCREASED,datetime -> datetime2(7),datetime,NULL,8.0,23.0,3.0,0.0,datetime2(7),NULL,8.0,27.0,7.0,0.0
dbo,poline,plin4,DATA_TYPE_CHANGED,DATA_TYPE_CHANGED|PRECISION_INCREASED|SCALE_INCREASED,datetime -> datetime2(7),datetime,NULL,8.0,23.0,3.0,1.0,datetime2(7),NULL,8.0,27.0,7.0,1.0
dbo,poline,reqdeliverydate,DATA_TYPE_CHANGED,DATA_TYPE_CHANGED|PRECISION_INCREASED|SCALE_INCREASED,datetime -> datetime2(7),datetime,NULL,8.0,23.0,3.0,1.0,datetime2(7),NULL,8.0,27.0,7.0,1.0
dbo,poline,vendeliverydate,DATA_TYPE_CHANGED,DATA_TYPE_CHANGED|PRECISION_INCREASED|SCALE_INCREASED,datetime -> datetime2(7),datetime,NULL,8.0,23.0,3.0,1.0,datetime2(7),NULL,8.0,27.0,7.0,1.0
dbo,poline,classstructureid,LENGTH_INCREASED,LENGTH_INCREASED,varchar(20) -> varchar(25),varchar(20),20.0,20.0,0.0,0.0,1.0,varchar(25),25.0,25.0,0.0,0.0,1.0
dbo,poline,enterby,LENGTH_INCREASED,LENGTH_INCREASED,varchar(30) -> varchar(100),varchar(30),30.0,30.0,0.0,0.0,0.0,varchar(100),100.0,100.0,0.0,0.0,0.0
dbo,poline,refwo,LENGTH_INCREASED,LENGTH_INCREASED,varchar(10) -> varchar(25),varchar(10),10.0,10.0,0.0,0.0,1.0,varchar(25),25.0,25.0,0.0,0.0,1.0
dbo,poline,requestedby,LENGTH_INCREASED,LENGTH_INCREASED,varchar(30) -> varchar(100),varchar(30),30.0,30.0,0.0,0.0,1.0,varchar(100),100.0,100.0,0.0,0.0,1.0
dbo,poline,shiptoattn,LENGTH_INCREASED,LENGTH_INCREASED,varchar(30) -> varchar(100),varchar(30),30.0,30.0,0.0,0.0,1.0,varchar(100),100.0,100.0,0.0,0.0,1.0
dbo,poline,supervisor,LENGTH_INCREASED,LENGTH_INCREASED,varchar(30) -> varchar(100),varchar(30),30.0,30.0,0.0,0.0,1.0,varchar(100),100.0,100.0,0.0,0.0,1.0
dbo,postatus,changedate,DATA_TYPE_CHANGED,DATA_TYPE_CHANGED|PRECISION_INCREASED|SCALE_INCREASED,datetime -> datetime2(7),datetime,NULL,8.0,23.0,3.0,0.0,datetime2(7),NULL,8.0,27.0,7.0,0.0
dbo,postatus,changeby,LENGTH_INCREASED,LENGTH_INCREASED,varchar(30) -> varchar(100),varchar(30),30.0,30.0,0.0,0.0,0.0,varchar(100),100.0,100.0,0.0,0.0,0.0
dbo,pr,changedate,DATA_TYPE_CHANGED,DATA_TYPE_CHANGED|PRECISION_INCREASED|SCALE_INCREASED,datetime -> datetime2(7),datetime,NULL,8.0,23.0,3.0,0.0,datetime2(7),NULL,8.0,27.0,7.0,0.0
dbo,pr,exchangedate,DATA_TYPE_CHANGED,DATA_TYPE_CHANGED|PRECISION_INCREASED|SCALE_INCREASED,datetime -> datetime2(7),datetime,NULL,8.0,23.0,3.0,1.0,datetime2(7),NULL,8.0,27.0,7.0,1.0
dbo,pr,issuedate,DATA_TYPE_CHANGED,DATA_TYPE_CHANGED|PRECISION_INCREASED|SCALE_INCREASED,datetime -> datetime2(7),datetime,NULL,8.0,23.0,3.0,1.0,datetime2(7),NULL,8.0,27.0,7.0,1.0
dbo,pr,pr7,DATA_TYPE_CHANGED,DATA_TYPE_CHANGED|PRECISION_INCREASED|SCALE_INCREASED,datetime -> datetime2(7),datetime,NULL,8.0,23.0,3.0,1.0,datetime2(7),NULL,8.0,27.0,7.0,1.0
dbo,pr,requireddate,DATA_TYPE_CHANGED,DATA_TYPE_CHANGED|PRECISION_INCREASED|SCALE_INCREASED,datetime -> datetime2(7),datetime,NULL,8.0,23.0,3.0,1.0,datetime2(7),NULL,8.0,27.0,7.0,1.0
dbo,pr,statusdate,DATA_TYPE_CHANGED,DATA_TYPE_CHANGED|PRECISION_INCREASED|SCALE_INCREASED,datetime -> datetime2(7),datetime,NULL,8.0,23.0,3.0,0.0,datetime2(7),NULL,8.0,27.0,7.0,0.0
dbo,pr,billtoattn,LENGTH_INCREASED,LENGTH_INCREASED,varchar(30) -> varchar(100),varchar(30),30.0,30.0,0.0,0.0,1.0,varchar(100),100.0,100.0,0.0,0.0,1.0
dbo,pr,changeby,LENGTH_INCREASED,LENGTH_INCREASED,varchar(30) -> varchar(100),varchar(30),30.0,30.0,0.0,0.0,0.0,varchar(100),100.0,100.0,0.0,0.0,0.0
dbo,pr,requestedby,LENGTH_INCREASED,LENGTH_INCREASED,varchar(30) -> varchar(100),varchar(30),30.0,30.0,0.0,0.0,1.0,varchar(100),100.0,100.0,0.0,0.0,1.0
dbo,pr,shiptoattn,LENGTH_INCREASED,LENGTH_INCREASED,varchar(30) -> varchar(100),varchar(30),30.0,30.0,0.0,0.0,1.0,varchar(100),100.0,100.0,0.0,0.0,1.0
dbo,pr,supervisor,LENGTH_INCREASED,LENGTH_INCREASED,varchar(30) -> varchar(100),varchar(30),30.0,30.0,0.0,0.0,1.0,varchar(100),100.0,100.0,0.0,0.0,1.0
dbo,precaution,prec07,DATA_TYPE_CHANGED,DATA_TYPE_CHANGED|PRECISION_INCREASED|SCALE_INCREASED,datetime -> datetime2(7),datetime,NULL,8.0,23.0,3.0,1.0,datetime2(7),NULL,8.0,27.0,7.0,1.0
dbo,prline,enterdate,DATA_TYPE_CHANGED,DATA_TYPE_CHANGED|PRECISION_INCREASED|SCALE_INCREASED,datetime -> datetime2(7),datetime,NULL,8.0,23.0,3.0,0.0,datetime2(7),NULL,8.0,27.0,7.0,0.0
dbo,prline,reqdeliverydate,DATA_TYPE_CHANGED,DATA_TYPE_CHANGED|PRECISION_INCREASED|SCALE_INCREASED,datetime -> datetime2(7),datetime,NULL,8.0,23.0,3.0,1.0,datetime2(7),NULL,8.0,27.0,7.0,1.0
dbo,prline,rlin4,DATA_TYPE_CHANGED,DATA_TYPE_CHANGED|PRECISION_INCREASED|SCALE_INCREASED,datetime -> datetime2(7),datetime,NULL,8.0,23.0,3.0,1.0,datetime2(7),NULL,8.0,27.0,7.0,1.0
dbo,prline,vendeliverydate,DATA_TYPE_CHANGED,DATA_TYPE_CHANGED|PRECISION_INCREASED|SCALE_INCREASED,datetime -> datetime2(7),datetime,NULL,8.0,23.0,3.0,1.0,datetime2(7),NULL,8.0,27.0,7.0,1.0
dbo,prline,classstructureid,LENGTH_INCREASED,LENGTH_INCREASED,varchar(20) -> varchar(25),varchar(20),20.0,20.0,0.0,0.0,1.0,varchar(25),25.0,25.0,0.0,0.0,1.0
dbo,prline,enterby,LENGTH_INCREASED,LENGTH_INCREASED,varchar(30) -> varchar(100),varchar(30),30.0,30.0,0.0,0.0,0.0,varchar(100),100.0,100.0,0.0,0.0,0.0
dbo,prline,refwo,LENGTH_INCREASED,LENGTH_INCREASED,varchar(10) -> varchar(25),varchar(10),10.0,10.0,0.0,0.0,1.0,varchar(25),25.0,25.0,0.0,0.0,1.0
dbo,prline,requestedby,LENGTH_INCREASED,LENGTH_INCREASED,varchar(30) -> varchar(100),varchar(30),30.0,30.0,0.0,0.0,1.0,varchar(100),100.0,100.0,0.0,0.0,1.0
dbo,procobj,changedate,DATA_TYPE_CHANGED,DATA_TYPE_CHANGED|PRECISION_INCREASED|SCALE_INCREASED,datetime -> datetime2(7),datetime,NULL,8.0,23.0,3.0,0.0,datetime2(7),NULL,8.0,27.0,7.0,0.0
dbo,procobj,changeby,LENGTH_INCREASED,LENGTH_INCREASED,varchar(30) -> varchar(100),varchar(30),30.0,30.0,0.0,0.0,1.0,varchar(100),100.0,100.0,0.0,0.0,1.0
dbo,procrule,changedate,DATA_TYPE_CHANGED,DATA_TYPE_CHANGED|PRECISION_INCREASED|SCALE_INCREASED,datetime -> datetime2(7),datetime,NULL,8.0,23.0,3.0,0.0,datetime2(7),NULL,8.0,27.0,7.0,0.0
dbo,procrule,changeby,LENGTH_INCREASED,LENGTH_INCREASED,varchar(30) -> varchar(100),varchar(30),30.0,30.0,0.0,0.0,1.0,varchar(100),100.0,100.0,0.0,0.0,1.0
dbo,prstatus,changedate,DATA_TYPE_CHANGED,DATA_TYPE_CHANGED|PRECISION_INCREASED|SCALE_INCREASED,datetime -> datetime2(7),datetime,NULL,8.0,23.0,3.0,0.0,datetime2(7),NULL,8.0,27.0,7.0,0.0
dbo,prstatus,changeby,LENGTH_INCREASED,LENGTH_INCREASED,varchar(30) -> varchar(100),varchar(30),30.0,30.0,0.0,0.0,0.0,varchar(100),100.0,100.0,0.0,0.0,0.0
dbo,qualification,statusdate,DATA_TYPE_CHANGED,DATA_TYPE_CHANGED|PRECISION_INCREASED|SCALE_INCREASED,datetime -> datetime2(7),datetime,NULL,8.0,23.0,3.0,1.0,datetime2(7),NULL,8.0,27.0,7.0,1.0
dbo,qualstatus,changedate,DATA_TYPE_CHANGED,DATA_TYPE_CHANGED|PRECISION_INCREASED|SCALE_INCREASED,datetime -> datetime2(7),datetime,NULL,8.0,23.0,3.0,0.0,datetime2(7),NULL,8.0,27.0,7.0,0.0
dbo,qualstatus,statusdate,DATA_TYPE_CHANGED,DATA_TYPE_CHANGED|PRECISION_INCREASED|SCALE_INCREASED,datetime -> datetime2(7),datetime,NULL,8.0,23.0,3.0,0.0,datetime2(7),NULL,8.0,27.0,7.0,0.0
dbo,qualstatus,changedby,LENGTH_INCREASED,LENGTH_INCREASED,varchar(30) -> varchar(100),varchar(30),30.0,30.0,0.0,0.0,0.0,varchar(100),100.0,100.0,0.0,0.0,0.0
dbo,query,notes,DATA_TYPE_CHANGED,DATA_TYPE_CHANGED,text -> varchar(max),text,NULL,16.0,0.0,0.0,1.0,varchar(max),NULL,-1.0,0.0,0.0,1.0
dbo,query,owner,LENGTH_INCREASED,LENGTH_INCREASED,varchar(30) -> varchar(100),varchar(30),30.0,30.0,0.0,0.0,0.0,varchar(100),100.0,100.0,0.0,0.0,0.0
dbo,queryrecordstate,completedate,DATA_TYPE_CHANGED,DATA_TYPE_CHANGED|PRECISION_INCREASED|SCALE_INCREASED,datetime -> datetime2(7),datetime,NULL,8.0,23.0,3.0,1.0,datetime2(7),NULL,8.0,27.0,7.0,1.0
dbo,queryrecordstate,completeuserid,LENGTH_INCREASED,LENGTH_INCREASED,varchar(30) -> varchar(100),varchar(30),30.0,30.0,0.0,0.0,0.0,varchar(100),100.0,100.0,0.0,0.0,0.0
dbo,queryrecordstate,owner,LENGTH_INCREASED,LENGTH_INCREASED,varchar(30) -> varchar(100),varchar(30),30.0,30.0,0.0,0.0,0.0,varchar(100),100.0,100.0,0.0,0.0,0.0
dbo,querytemplate,addnlqueryparams,COLUMN_ADDED,COLUMN_ADDED,new varchar(4000),,,,,,,varchar(4000),4000.0,4000.0,0.0,0.0,1.0
dbo,querytemplate,dfltprojection,COLUMN_ADDED,COLUMN_ADDED,new smallint,,,,,,,smallint,NULL,2.0,5.0,0.0,0.0
dbo,querytemplate,userdefined,COLUMN_ADDED,COLUMN_ADDED,new smallint,,,,,,,smallint,NULL,2.0,5.0,0.0,0.0
dbo,querytemplate,owner,LENGTH_INCREASED,LENGTH_INCREASED,varchar(30) -> varchar(100),varchar(30),30.0,30.0,0.0,0.0,1.0,varchar(100),100.0,100.0,0.0,0.0,1.0
dbo,querytemplateattr,owner,LENGTH_INCREASED,LENGTH_INCREASED,varchar(30) -> varchar(100),varchar(30),30.0,30.0,0.0,0.0,1.0,varchar(100),100.0,100.0,0.0,0.0,1.0
dbo,quotationline,deliverydate,DATA_TYPE_CHANGED,DATA_TYPE_CHANGED|PRECISION_INCREASED|SCALE_INCREASED,datetime -> datetime2(7),datetime,NULL,8.0,23.0,3.0,1.0,datetime2(7),NULL,8.0,27.0,7.0,1.0
dbo,quotationline,enterdate,DATA_TYPE_CHANGED,DATA_TYPE_CHANGED|PRECISION_INCREASED|SCALE_INCREASED,datetime -> datetime2(7),datetime,NULL,8.0,23.0,3.0,0.0,datetime2(7),NULL,8.0,27.0,7.0,0.0
dbo,quotationline,quoteenddate,DATA_TYPE_CHANGED,DATA_TYPE_CHANGED|PRECISION_INCREASED|SCALE_INCREASED,datetime -> datetime2(7),datetime,NULL,8.0,23.0,3.0,1.0,datetime2(7),NULL,8.0,27.0,7.0,1.0
dbo,quotationline,quotestartdate,DATA_TYPE_CHANGED,DATA_TYPE_CHANGED|PRECISION_INCREASED|SCALE_INCREASED,datetime -> datetime2(7),datetime,NULL,8.0,23.0,3.0,1.0,datetime2(7),NULL,8.0,27.0,7.0,1.0
dbo,quotationline,enterby,LENGTH_INCREASED,LENGTH_INCREASED,varchar(30) -> varchar(100),varchar(30),30.0,30.0,0.0,0.0,0.0,varchar(100),100.0,100.0,0.0,0.0,0.0
dbo,reconlink,linkdate,DATA_TYPE_CHANGED,DATA_TYPE_CHANGED|PRECISION_INCREASED|SCALE_INCREASED,datetime -> datetime2(7),datetime,NULL,8.0,23.0,3.0,0.0,datetime2(7),NULL,8.0,27.0,7.0,0.0
dbo,reconmultilink,linkdate,DATA_TYPE_CHANGED,DATA_TYPE_CHANGED|PRECISION_INCREASED|SCALE_INCREASED,datetime -> datetime2(7),datetime,NULL,8.0,23.0,3.0,0.0,datetime2(7),NULL,8.0,27.0,7.0,0.0
dbo,reconresult,assetdatetimevalue,DATA_TYPE_CHANGED,DATA_TYPE_CHANGED|PRECISION_INCREASED|SCALE_INCREASED,datetime -> datetime2(7),datetime,NULL,8.0,23.0,3.0,1.0,datetime2(7),NULL,8.0,27.0,7.0,1.0
dbo,reconresult,changedate,DATA_TYPE_CHANGED,DATA_TYPE_CHANGED|PRECISION_INCREASED|SCALE_INCREASED,datetime -> datetime2(7),datetime,NULL,8.0,23.0,3.0,1.0,datetime2(7),NULL,8.0,27.0,7.0,1.0
dbo,reconresult,datecreated,DATA_TYPE_CHANGED,DATA_TYPE_CHANGED|PRECISION_INCREASED|SCALE_INCREASED,datetime -> datetime2(7),datetime,NULL,8.0,23.0,3.0,0.0,datetime2(7),NULL,8.0,27.0,7.0,0.0
dbo,reconresult,dpadatetimevalue,DATA_TYPE_CHANGED,DATA_TYPE_CHANGED|PRECISION_INCREASED|SCALE_INCREASED,datetime -> datetime2(7),datetime,NULL,8.0,23.0,3.0,1.0,datetime2(7),NULL,8.0,27.0,7.0,1.0
dbo,reconresult,changedby,LENGTH_INCREASED,LENGTH_INCREASED,varchar(30) -> varchar(100),varchar(30),30.0,30.0,0.0,0.0,1.0,varchar(100),100.0,100.0,0.0,0.0,1.0
dbo,reconruleclause,assetclassstructid,LENGTH_INCREASED,LENGTH_INCREASED,varchar(20) -> varchar(25),varchar(20),20.0,20.0,0.0,0.0,1.0,varchar(25),25.0,25.0,0.0,0.0,1.0
dbo,reconruleclause,dpaclassstructid,LENGTH_INCREASED,LENGTH_INCREASED,varchar(20) -> varchar(25),varchar(20),20.0,20.0,0.0,0.0,1.0,varchar(25),25.0,25.0,0.0,0.0,1.0
dbo,recontask,completiondate,DATA_TYPE_CHANGED,DATA_TYPE_CHANGED|PRECISION_INCREASED|SCALE_INCREASED,datetime -> datetime2(7),datetime,NULL,8.0,23.0,3.0,1.0,datetime2(7),NULL,8.0,27.0,7.0,1.0
dbo,relatedrecord,recordkey,LENGTH_INCREASED,LENGTH_INCREASED,varchar(10) -> varchar(25),varchar(10),10.0,10.0,0.0,0.0,0.0,varchar(25),25.0,25.0,0.0,0.0,0.0
dbo,relation,classstructureid,LENGTH_INCREASED,LENGTH_INCREASED,varchar(20) -> varchar(25),varchar(20),20.0,20.0,0.0,0.0,1.0,varchar(25),25.0,25.0,0.0,0.0,1.0
dbo,relationrules,sourceclass,LENGTH_INCREASED,LENGTH_INCREASED,varchar(20) -> varchar(25),varchar(20),20.0,20.0,0.0,0.0,0.0,varchar(25),25.0,25.0,0.0,0.0,0.0
dbo,relationrules,targetclass,LENGTH_INCREASED,LENGTH_INCREASED,varchar(20) -> varchar(25),varchar(20),20.0,20.0,0.0,0.0,0.0,varchar(25),25.0,25.0,0.0,0.0,0.0
dbo,relationrulesext,sourceclass,LENGTH_INCREASED,LENGTH_INCREASED,varchar(20) -> varchar(25),varchar(20),20.0,20.0,0.0,0.0,0.0,varchar(25),25.0,25.0,0.0,0.0,0.0
dbo,relationrulesext,targetclass,LENGTH_INCREASED,LENGTH_INCREASED,varchar(20) -> varchar(25),varchar(20),20.0,20.0,0.0,0.0,0.0,varchar(25),25.0,25.0,0.0,0.0,0.0
dbo,reordermutex,insertdate,DATA_TYPE_CHANGED,DATA_TYPE_CHANGED|PRECISION_INCREASED|SCALE_INCREASED,datetime -> datetime2(7),datetime,NULL,8.0,23.0,3.0,1.0,datetime2(7),NULL,8.0,27.0,7.0,1.0
dbo,reordermutex,username,LENGTH_INCREASED,LENGTH_INCREASED,varchar(30) -> varchar(100),varchar(30),30.0,30.0,0.0,0.0,1.0,varchar(100),100.0,100.0,0.0,0.0,1.0
dbo,reorderpad,in22,DATA_TYPE_CHANGED,DATA_TYPE_CHANGED|PRECISION_INCREASED|SCALE_INCREASED,datetime -> datetime2(7),datetime,NULL,8.0,23.0,3.0,1.0,datetime2(7),NULL,8.0,27.0,7.0,1.0
dbo,reorderpad,requiredate,DATA_TYPE_CHANGED,DATA_TYPE_CHANGED|PRECISION_INCREASED|SCALE_INCREASED,datetime -> datetime2(7),datetime,NULL,8.0,23.0,3.0,1.0,datetime2(7),NULL,8.0,27.0,7.0,1.0
dbo,reorderpad,schedstart,DATA_TYPE_CHANGED,DATA_TYPE_CHANGED|PRECISION_INCREASED|SCALE_INCREASED,datetime -> datetime2(7),datetime,NULL,8.0,23.0,3.0,1.0,datetime2(7),NULL,8.0,27.0,7.0,1.0
dbo,reorderpad,targstartdate,DATA_TYPE_CHANGED,DATA_TYPE_CHANGED|PRECISION_INCREASED|SCALE_INCREASED,datetime -> datetime2(7),datetime,NULL,8.0,23.0,3.0,1.0,datetime2(7),NULL,8.0,27.0,7.0,1.0
dbo,reorderpad,requestby,LENGTH_INCREASED,LENGTH_INCREASED,varchar(30) -> varchar(100),varchar(30),30.0,30.0,0.0,0.0,1.0,varchar(100),100.0,100.0,0.0,0.0,1.0
dbo,reorderpad,usrname,LENGTH_INCREASED,LENGTH_INCREASED,varchar(30) -> varchar(100),varchar(30),30.0,30.0,0.0,0.0,0.0,varchar(100),100.0,100.0,0.0,0.0,0.0
dbo,reorderpad,wonum,LENGTH_INCREASED,LENGTH_INCREASED,varchar(10) -> varchar(25),varchar(10),10.0,10.0,0.0,0.0,1.0,varchar(25),25.0,25.0,0.0,0.0,1.0
dbo,report,cognosalias,COLUMN_ADDED,COLUMN_ADDED,new varchar(100),,,,,,,varchar(100),100.0,100.0,0.0,0.0,1.0
dbo,report,iscogdashboard,COLUMN_ADDED,COLUMN_ADDED,new smallint,,,,,,,smallint,NULL,2.0,5.0,0.0,1.0
dbo,report,lastrundate,DATA_TYPE_CHANGED,DATA_TYPE_CHANGED|PRECISION_INCREASED|SCALE_INCREASED,datetime -> datetime2(7),datetime,NULL,8.0,23.0,3.0,1.0,datetime2(7),NULL,8.0,27.0,7.0,1.0
dbo,report,lastrunby,LENGTH_INCREASED,LENGTH_INCREASED,varchar(30) -> varchar(100),varchar(30),30.0,30.0,0.0,0.0,1.0,varchar(100),100.0,100.0,0.0,0.0,1.0
dbo,report,userid,LENGTH_INCREASED,LENGTH_INCREASED,varchar(30) -> varchar(100),varchar(30),30.0,30.0,0.0,0.0,1.0,varchar(100),100.0,100.0,0.0,0.0,1.0
dbo,reportadhoc,changedate,DATA_TYPE_CHANGED,DATA_TYPE_CHANGED|PRECISION_INCREASED|SCALE_INCREASED,datetime -> datetime2(7),datetime,NULL,8.0,23.0,3.0,0.0,datetime2(7),NULL,8.0,27.0,7.0,0.0
dbo,reportattachdocs,applydate,DATA_TYPE_CHANGED,DATA_TYPE_CHANGED|PRECISION_INCREASED|SCALE_INCREASED,datetime -> datetime2(7),datetime,NULL,8.0,23.0,3.0,0.0,datetime2(7),NULL,8.0,27.0,7.0,0.0
dbo,reportattachdocs,userid,LENGTH_INCREASED,LENGTH_INCREASED,varchar(50) -> varchar(100),varchar(50),50.0,50.0,0.0,0.0,0.0,varchar(100),100.0,100.0,0.0,0.0,0.0
dbo,reportbros,applydate,DATA_TYPE_CHANGED,DATA_TYPE_CHANGED|PRECISION_INCREASED|SCALE_INCREASED,datetime -> datetime2(7),datetime,NULL,8.0,23.0,3.0,0.0,datetime2(7),NULL,8.0,27.0,7.0,0.0
dbo,reportbros,design,DATA_TYPE_CHANGED,DATA_TYPE_CHANGED,text -> varchar(max),text,NULL,16.0,0.0,0.0,1.0,varchar(max),NULL,-1.0,0.0,0.0,1.0
dbo,reportbros,resources,DATA_TYPE_CHANGED,DATA_TYPE_CHANGED,image -> varbinary(max),image,NULL,16.0,0.0,0.0,1.0,varbinary(max),NULL,-1.0,0.0,0.0,1.0
dbo,reportdesign,design,DATA_TYPE_CHANGED,DATA_TYPE_CHANGED,text -> varchar(max),text,NULL,16.0,0.0,0.0,0.0,varchar(max),NULL,-1.0,0.0,0.0,0.0
dbo,reportdesign,importeddate,DATA_TYPE_CHANGED,DATA_TYPE_CHANGED|PRECISION_INCREASED|SCALE_INCREASED,datetime -> datetime2(7),datetime,NULL,8.0,23.0,3.0,0.0,datetime2(7),NULL,8.0,27.0,7.0,0.0
dbo,reportdesign,resources,DATA_TYPE_CHANGED,DATA_TYPE_CHANGED,image -> varbinary(max),image,NULL,16.0,0.0,0.0,1.0,varbinary(max),NULL,-1.0,0.0,0.0,1.0
dbo,reportdesign,importedby,LENGTH_INCREASED,LENGTH_INCREASED,varchar(30) -> varchar(100),varchar(30),30.0,30.0,0.0,0.0,0.0,varchar(100),100.0,100.0,0.0,0.0,0.0
dbo,reporthyperlinkqueryurl,createdate,DATA_TYPE_CHANGED,DATA_TYPE_CHANGED|PRECISION_INCREASED|SCALE_INCREASED,datetime -> datetime2(7),datetime,NULL,8.0,23.0,3.0,1.0,datetime2(7),NULL,8.0,27.0,7.0,1.0
dbo,reporthyperlinkqueryurl,queryurl,DATA_TYPE_CHANGED,DATA_TYPE_CHANGED,text -> varchar(max),text,NULL,16.0,0.0,0.0,0.0,varchar(max),NULL,-1.0,0.0,0.0,0.0
dbo,reportjob,lastactivetime,DATA_TYPE_CHANGED,DATA_TYPE_CHANGED|PRECISION_INCREASED|SCALE_INCREASED,datetime -> datetime2(7),datetime,NULL,8.0,23.0,3.0,1.0,datetime2(7),NULL,8.0,27.0,7.0,1.0
dbo,reportjob,starttime,DATA_TYPE_CHANGED,DATA_TYPE_CHANGED|PRECISION_INCREASED|SCALE_INCREASED,datetime -> datetime2(7),datetime,NULL,8.0,23.0,3.0,1.0,datetime2(7),NULL,8.0,27.0,7.0,1.0
dbo,reportjob,userid,LENGTH_INCREASED,LENGTH_INCREASED,varchar(30) -> varchar(100),varchar(30),30.0,30.0,0.0,0.0,1.0,varchar(100),100.0,100.0,0.0,0.0,1.0
dbo,reportlookup,datatype,COLUMN_ADDED,COLUMN_ADDED,new varchar(50),,,,,,,varchar(50),50.0,50.0,0.0,0.0,1.0
dbo,reportoutput,createddate,DATA_TYPE_CHANGED,DATA_TYPE_CHANGED|PRECISION_INCREASED|SCALE_INCREASED,datetime -> datetime2(7),datetime,NULL,8.0,23.0,3.0,0.0,datetime2(7),NULL,8.0,27.0,7.0,0.0
dbo,reportoutput,userid,LENGTH_INCREASED,LENGTH_INCREASED,varchar(30) -> varchar(100),varchar(30),30.0,30.0,0.0,0.0,0.0,varchar(100),100.0,100.0,0.0,0.0,0.0
dbo,reportoutputauth,userid,LENGTH_INCREASED,LENGTH_INCREASED,varchar(30) -> varchar(100),varchar(30),30.0,30.0,0.0,0.0,0.0,varchar(100),100.0,100.0,0.0,0.0,0.0
dbo,reportoutputcnt,content,DATA_TYPE_CHANGED,DATA_TYPE_CHANGED,image -> varbinary(max),image,NULL,16.0,0.0,0.0,0.0,varbinary(max),NULL,-1.0,0.0,0.0,0.0
dbo,reportprocreserve,endreserve,DATA_TYPE_CHANGED,DATA_TYPE_CHANGED|PRECISION_INCREASED|SCALE_INCREASED,datetime -> datetime2(7),datetime,NULL,8.0,23.0,3.0,0.0,datetime2(7),NULL,8.0,27.0,7.0,0.0
dbo,reportprocreserve,startreserve,DATA_TYPE_CHANGED,DATA_TYPE_CHANGED|PRECISION_INCREASED|SCALE_INCREASED,datetime -> datetime2(7),datetime,NULL,8.0,23.0,3.0,0.0,datetime2(7),NULL,8.0,27.0,7.0,0.0
dbo,reportprocsched,endschedulable,DATA_TYPE_CHANGED,DATA_TYPE_CHANGED|PRECISION_INCREASED|SCALE_INCREASED,datetime -> datetime2(7),datetime,NULL,8.0,23.0,3.0,0.0,datetime2(7),NULL,8.0,27.0,7.0,0.0
dbo,reportprocsched,startschedulable,DATA_TYPE_CHANGED,DATA_TYPE_CHANGED|PRECISION_INCREASED|SCALE_INCREASED,datetime -> datetime2(7),datetime,NULL,8.0,23.0,3.0,0.0,datetime2(7),NULL,8.0,27.0,7.0,0.0
dbo,reportrunlock,locktime,DATA_TYPE_CHANGED,DATA_TYPE_CHANGED|PRECISION_INCREASED|SCALE_INCREASED,datetime -> datetime2(7),datetime,NULL,8.0,23.0,3.0,0.0,datetime2(7),NULL,8.0,27.0,7.0,0.0
dbo,reportrunqueue,submittime,DATA_TYPE_CHANGED,DATA_TYPE_CHANGED|PRECISION_INCREASED|SCALE_INCREASED,datetime -> datetime2(7),datetime,NULL,8.0,23.0,3.0,0.0,datetime2(7),NULL,8.0,27.0,7.0,0.0
dbo,reportrunqueue,userid,LENGTH_INCREASED,LENGTH_INCREASED,varchar(30) -> varchar(100),varchar(30),30.0,30.0,0.0,0.0,0.0,varchar(100),100.0,100.0,0.0,0.0,0.0
dbo,reportsched,crontaskname,LENGTH_INCREASED,LENGTH_INCREASED,varchar(30) -> varchar(50),varchar(30),30.0,30.0,0.0,0.0,0.0,varchar(50),50.0,50.0,0.0,0.0,0.0
dbo,reportsched,instancename,LENGTH_INCREASED,LENGTH_INCREASED,varchar(30) -> varchar(50),varchar(30),30.0,30.0,0.0,0.0,0.0,varchar(50),50.0,50.0,0.0,0.0,0.0
dbo,reportsched,userid,LENGTH_INCREASED,LENGTH_INCREASED,varchar(30) -> varchar(100),varchar(30),30.0,30.0,0.0,0.0,0.0,varchar(100),100.0,100.0,0.0,0.0,0.0
dbo,reportsecattkey,createdate,DATA_TYPE_CHANGED,DATA_TYPE_CHANGED|PRECISION_INCREASED|SCALE_INCREASED,datetime -> datetime2(7),datetime,NULL,8.0,23.0,3.0,1.0,datetime2(7),NULL,8.0,27.0,7.0,1.0
dbo,reportsecattkey,encodekey,DATA_TYPE_CHANGED,DATA_TYPE_CHANGED,image -> varbinary(max),image,NULL,16.0,0.0,0.0,1.0,varbinary(max),NULL,-1.0,0.0,0.0,1.0
dbo,reportusagelog,enddate,DATA_TYPE_CHANGED,DATA_TYPE_CHANGED|PRECISION_INCREASED|SCALE_INCREASED,datetime -> datetime2(7),datetime,NULL,8.0,23.0,3.0,0.0,datetime2(7),NULL,8.0,27.0,7.0,0.0
dbo,reportusagelog,enterdate,DATA_TYPE_CHANGED,DATA_TYPE_CHANGED|PRECISION_INCREASED|SCALE_INCREASED,datetime -> datetime2(7),datetime,NULL,8.0,23.0,3.0,0.0,datetime2(7),NULL,8.0,27.0,7.0,0.0
dbo,reportusagelog,startdate,DATA_TYPE_CHANGED,DATA_TYPE_CHANGED|PRECISION_INCREASED|SCALE_INCREASED,datetime -> datetime2(7),datetime,NULL,8.0,23.0,3.0,0.0,datetime2(7),NULL,8.0,27.0,7.0,0.0
dbo,reportusagelog,userid,LENGTH_INCREASED,LENGTH_INCREASED,varchar(30) -> varchar(100),varchar(30),30.0,30.0,0.0,0.0,0.0,varchar(100),100.0,100.0,0.0,0.0,0.0
dbo,reportwhere,createdate,DATA_TYPE_CHANGED,DATA_TYPE_CHANGED|PRECISION_INCREASED|SCALE_INCREASED,datetime -> datetime2(7),datetime,NULL,8.0,23.0,3.0,1.0,datetime2(7),NULL,8.0,27.0,7.0,1.0
dbo,reportwhere,qbrdisplaywhere,DATA_TYPE_CHANGED,DATA_TYPE_CHANGED,text -> varchar(max),text,NULL,16.0,0.0,0.0,1.0,varchar(max),NULL,-1.0,0.0,0.0,1.0
dbo,reportwhere,whereparam,DATA_TYPE_CHANGED,DATA_TYPE_CHANGED,text -> varchar(max),text,NULL,16.0,0.0,0.0,0.0,varchar(max),NULL,-1.0,0.0,0.0,0.0
dbo,reportwhere,userid,LENGTH_INCREASED,LENGTH_INCREASED,varchar(30) -> varchar(100),varchar(30),30.0,30.0,0.0,0.0,0.0,varchar(100),100.0,100.0,0.0,0.0,0.0
dbo,requestlog,msgdata,DATA_TYPE_CHANGED,DATA_TYPE_CHANGED,text -> varchar(max),text,NULL,16.0,0.0,0.0,1.0,varchar(max),NULL,-1.0,0.0,0.0,1.0
dbo,requestlog,reqtime,DATA_TYPE_CHANGED,DATA_TYPE_CHANGED|PRECISION_INCREASED|SCALE_INCREASED,datetime -> datetime2(7),datetime,NULL,8.0,23.0,3.0,0.0,datetime2(7),NULL,8.0,27.0,7.0,0.0
dbo,requestlog,userid,LENGTH_INCREASED,LENGTH_INCREASED,varchar(50) -> varchar(100),varchar(50),50.0,50.0,0.0,0.0,1.0,varchar(100),100.0,100.0,0.0,0.0,1.0
dbo,restsysaction,userdefined,COLUMN_ADDED,COLUMN_ADDED,new smallint,,,,,,,smallint,NULL,2.0,5.0,0.0,0.0
dbo,rfq,changedate,DATA_TYPE_CHANGED,DATA_TYPE_CHANGED|PRECISION_INCREASED|SCALE_INCREASED,datetime -> datetime2(7),datetime,NULL,8.0,23.0,3.0,0.0,datetime2(7),NULL,8.0,27.0,7.0,0.0
dbo,rfq,closeondate,DATA_TYPE_CHANGED,DATA_TYPE_CHANGED|PRECISION_INCREASED|SCALE_INCREASED,datetime -> datetime2(7),datetime,NULL,8.0,23.0,3.0,1.0,datetime2(7),NULL,8.0,27.0,7.0,1.0
dbo,rfq,enterdate,DATA_TYPE_CHANGED,DATA_TYPE_CHANGED|PRECISION_INCREASED|SCALE_INCREASED,datetime -> datetime2(7),datetime,NULL,8.0,23.0,3.0,1.0,datetime2(7),NULL,8.0,27.0,7.0,1.0
dbo,rfq,printdate,DATA_TYPE_CHANGED,DATA_TYPE_CHANGED|PRECISION_INCREASED|SCALE_INCREASED,datetime -> datetime2(7),datetime,NULL,8.0,23.0,3.0,1.0,datetime2(7),NULL,8.0,27.0,7.0,1.0
dbo,rfq,replydate,DATA_TYPE_CHANGED,DATA_TYPE_CHANGED|PRECISION_INCREASED|SCALE_INCREASED,datetime -> datetime2(7),datetime,NULL,8.0,23.0,3.0,1.0,datetime2(7),NULL,8.0,27.0,7.0,1.0
dbo,rfq,requireddate,DATA_TYPE_CHANGED,DATA_TYPE_CHANGED|PRECISION_INCREASED|SCALE_INCREASED,datetime -> datetime2(7),datetime,NULL,8.0,23.0,3.0,1.0,datetime2(7),NULL,8.0,27.0,7.0,1.0
dbo,rfq,rfq7,DATA_TYPE_CHANGED,DATA_TYPE_CHANGED|PRECISION_INCREASED|SCALE_INCREASED,datetime -> datetime2(7),datetime,NULL,8.0,23.0,3.0,1.0,datetime2(7),NULL,8.0,27.0,7.0,1.0
dbo,rfq,statusdate,DATA_TYPE_CHANGED,DATA_TYPE_CHANGED|PRECISION_INCREASED|SCALE_INCREASED,datetime -> datetime2(7),datetime,NULL,8.0,23.0,3.0,0.0,datetime2(7),NULL,8.0,27.0,7.0,0.0
dbo,rfq,billtoattn,LENGTH_INCREASED,LENGTH_INCREASED,varchar(30) -> varchar(100),varchar(30),30.0,30.0,0.0,0.0,1.0,varchar(100),100.0,100.0,0.0,0.0,1.0
dbo,rfq,changeby,LENGTH_INCREASED,LENGTH_INCREASED,varchar(30) -> varchar(100),varchar(30),30.0,30.0,0.0,0.0,0.0,varchar(100),100.0,100.0,0.0,0.0,0.0
dbo,rfq,enterby,LENGTH_INCREASED,LENGTH_INCREASED,varchar(30) -> varchar(100),varchar(30),30.0,30.0,0.0,0.0,1.0,varchar(100),100.0,100.0,0.0,0.0,1.0
dbo,rfq,purchaseagent,LENGTH_INCREASED,LENGTH_INCREASED,varchar(30) -> varchar(100),varchar(30),30.0,30.0,0.0,0.0,1.0,varchar(100),100.0,100.0,0.0,0.0,1.0
dbo,rfq,replytoattn,LENGTH_INCREASED,LENGTH_INCREASED,varchar(30) -> varchar(100),varchar(30),30.0,30.0,0.0,0.0,1.0,varchar(100),100.0,100.0,0.0,0.0,1.0
dbo,rfq,requestedby,LENGTH_INCREASED,LENGTH_INCREASED,varchar(30) -> varchar(100),varchar(30),30.0,30.0,0.0,0.0,1.0,varchar(100),100.0,100.0,0.0,0.0,1.0
dbo,rfq,shiptoattn,LENGTH_INCREASED,LENGTH_INCREASED,varchar(30) -> varchar(100),varchar(30),30.0,30.0,0.0,0.0,1.0,varchar(100),100.0,100.0,0.0,0.0,1.0
dbo,rfqline,awarddate,DATA_TYPE_CHANGED,DATA_TYPE_CHANGED|PRECISION_INCREASED|SCALE_INCREASED,datetime -> datetime2(7),datetime,NULL,8.0,23.0,3.0,1.0,datetime2(7),NULL,8.0,27.0,7.0,1.0
dbo,rfqline,enterdate,DATA_TYPE_CHANGED,DATA_TYPE_CHANGED|PRECISION_INCREASED|SCALE_INCREASED,datetime -> datetime2(7),datetime,NULL,8.0,23.0,3.0,0.0,datetime2(7),NULL,8.0,27.0,7.0,0.0
dbo,rfqline,reqdeliverydate,DATA_TYPE_CHANGED,DATA_TYPE_CHANGED|PRECISION_INCREASED|SCALE_INCREASED,datetime -> datetime2(7),datetime,NULL,8.0,23.0,3.0,1.0,datetime2(7),NULL,8.0,27.0,7.0,1.0
dbo,rfqline,rfqlin4,DATA_TYPE_CHANGED,DATA_TYPE_CHANGED|PRECISION_INCREASED|SCALE_INCREASED,datetime -> datetime2(7),datetime,NULL,8.0,23.0,3.0,1.0,datetime2(7),NULL,8.0,27.0,7.0,1.0
dbo,rfqline,classstructureid,LENGTH_INCREASED,LENGTH_INCREASED,varchar(20) -> varchar(25),varchar(20),20.0,20.0,0.0,0.0,1.0,varchar(25),25.0,25.0,0.0,0.0,1.0
dbo,rfqline,enterby,LENGTH_INCREASED,LENGTH_INCREASED,varchar(30) -> varchar(100),varchar(30),30.0,30.0,0.0,0.0,0.0,varchar(100),100.0,100.0,0.0,0.0,0.0
dbo,rfqline,refwo,LENGTH_INCREASED,LENGTH_INCREASED,varchar(10) -> varchar(25),varchar(10),10.0,10.0,0.0,0.0,1.0,varchar(25),25.0,25.0,0.0,0.0,1.0
dbo,rfqline,requestedby,LENGTH_INCREASED,LENGTH_INCREASED,varchar(30) -> varchar(100),varchar(30),30.0,30.0,0.0,0.0,1.0,varchar(100),100.0,100.0,0.0,0.0,1.0
dbo,rfqline,supervisor,LENGTH_INCREASED,LENGTH_INCREASED,varchar(30) -> varchar(100),varchar(30),30.0,30.0,0.0,0.0,1.0,varchar(100),100.0,100.0,0.0,0.0,1.0
dbo,rfqstatus,changedate,DATA_TYPE_CHANGED,DATA_TYPE_CHANGED|PRECISION_INCREASED|SCALE_INCREASED,datetime -> datetime2(7),datetime,NULL,8.0,23.0,3.0,0.0,datetime2(7),NULL,8.0,27.0,7.0,0.0
dbo,rfqstatus,changeby,LENGTH_INCREASED,LENGTH_INCREASED,varchar(30) -> varchar(100),varchar(30),30.0,30.0,0.0,0.0,0.0,varchar(100),100.0,100.0,0.0,0.0,0.0
dbo,rfqvendor,exchangedate,DATA_TYPE_CHANGED,DATA_TYPE_CHANGED|PRECISION_INCREASED|SCALE_INCREASED,datetime -> datetime2(7),datetime,NULL,8.0,23.0,3.0,1.0,datetime2(7),NULL,8.0,27.0,7.0,1.0
dbo,rfqvendor,replieddate,DATA_TYPE_CHANGED,DATA_TYPE_CHANGED|PRECISION_INCREASED|SCALE_INCREASED,datetime -> datetime2(7),datetime,NULL,8.0,23.0,3.0,1.0,datetime2(7),NULL,8.0,27.0,7.0,1.0
dbo,route_stop,rts4,DATA_TYPE_CHANGED,DATA_TYPE_CHANGED|PRECISION_INCREASED|SCALE_INCREASED,datetime -> datetime2(7),datetime,NULL,8.0,23.0,3.0,1.0,datetime2(7),NULL,8.0,27.0,7.0,1.0
dbo,routes,status,COLUMN_ADDED,COLUMN_ADDED,new varchar(12),,,,,,,varchar(12),12.0,12.0,0.0,0.0,1.0
dbo,safetylexicon,sl03,DATA_TYPE_CHANGED,DATA_TYPE_CHANGED|PRECISION_INCREASED|SCALE_INCREASED,datetime -> datetime2(7),datetime,NULL,8.0,23.0,3.0,1.0,datetime2(7),NULL,8.0,27.0,7.0,1.0
dbo,safetyplan,changedate,DATA_TYPE_CHANGED,DATA_TYPE_CHANGED|PRECISION_INCREASED|SCALE_INCREASED,datetime -> datetime2(7),datetime,NULL,8.0,23.0,3.0,0.0,datetime2(7),NULL,8.0,27.0,7.0,0.0
dbo,safetyplan,changeby,LENGTH_INCREASED,LENGTH_INCREASED,varchar(30) -> varchar(100),varchar(30),30.0,30.0,0.0,0.0,0.0,varchar(100),100.0,100.0,0.0,0.0,0.0
dbo,scconfig,userid,LENGTH_INCREASED,LENGTH_INCREASED,varchar(30) -> varchar(100),varchar(30),30.0,30.0,0.0,0.0,1.0,varchar(100),100.0,100.0,0.0,0.0,1.0
dbo,schedule,enddate,DATA_TYPE_CHANGED,DATA_TYPE_CHANGED|PRECISION_INCREASED|SCALE_INCREASED,datetime -> datetime2(7),datetime,NULL,8.0,23.0,3.0,1.0,datetime2(7),NULL,8.0,27.0,7.0,1.0
dbo,schedule,startdate,DATA_TYPE_CHANGED,DATA_TYPE_CHANGED|PRECISION_INCREASED|SCALE_INCREASED,datetime -> datetime2(7),datetime,NULL,8.0,23.0,3.0,1.0,datetime2(7),NULL,8.0,27.0,7.0,1.0
dbo,schtooltip,template,DATA_TYPE_CHANGED,DATA_TYPE_CHANGED,text -> varchar(max),text,NULL,16.0,0.0,0.0,1.0,varchar(max),NULL,-1.0,0.0,0.0,1.0
dbo,sctemplate,createdon,DATA_TYPE_CHANGED,DATA_TYPE_CHANGED|PRECISION_INCREASED|SCALE_INCREASED,datetime -> datetime2(7),datetime,NULL,8.0,23.0,3.0,1.0,datetime2(7),NULL,8.0,27.0,7.0,1.0
dbo,sctemplate,presentation,DATA_TYPE_CHANGED,DATA_TYPE_CHANGED,text -> varchar(max),text,NULL,16.0,0.0,0.0,1.0,varchar(max),NULL,-1.0,0.0,0.0,1.0
dbo,serversession,servertimestamp,DATA_TYPE_CHANGED,DATA_TYPE_CHANGED|PRECISION_INCREASED|SCALE_INCREASED,datetime -> datetime2(7),datetime,NULL,8.0,23.0,3.0,1.0,datetime2(7),NULL,8.0,27.0,7.0,1.0
dbo,serversession,starttime,DATA_TYPE_CHANGED,DATA_TYPE_CHANGED|PRECISION_INCREASED|SCALE_INCREASED,datetime -> datetime2(7),datetime,NULL,8.0,23.0,3.0,0.0,datetime2(7),NULL,8.0,27.0,7.0,0.0
dbo,serviceaddress,geometry,COLUMN_DROPPED,COLUMN_DROPPED,was image,image,NULL,16.0,0.0,0.0,1.0,,,,,,
dbo,serviceaddress,plussgeojson,COLUMN_DROPPED,COLUMN_DROPPED,was text,text,NULL,16.0,0.0,0.0,1.0,,,,,,
dbo,serviceaddress,addresscode,LENGTH_INCREASED,LENGTH_INCREASED,varchar(12) -> varchar(25),varchar(12),12.0,12.0,0.0,0.0,0.0,varchar(25),25.0,25.0,0.0,0.0,0.0
dbo,serviceaddress,parent,LENGTH_INCREASED,LENGTH_INCREASED,varchar(12) -> varchar(25),varchar(12),12.0,12.0,0.0,0.0,1.0,varchar(25),25.0,25.0,0.0,0.0,1.0
dbo,servrectrans,inspresultnum,COLUMN_ADDED,COLUMN_ADDED,new varchar(12),,,,,,,varchar(12),12.0,12.0,0.0,0.0,1.0
dbo,servrectrans,changedate,DATA_TYPE_CHANGED,DATA_TYPE_CHANGED|PRECISION_INCREASED|SCALE_INCREASED,datetime -> datetime2(7),datetime,NULL,8.0,23.0,3.0,1.0,datetime2(7),NULL,8.0,27.0,7.0,1.0
dbo,servrectrans,enterdate,DATA_TYPE_CHANGED,DATA_TYPE_CHANGED|PRECISION_INCREASED|SCALE_INCREASED,datetime -> datetime2(7),datetime,NULL,8.0,23.0,3.0,0.0,datetime2(7),NULL,8.0,27.0,7.0,0.0
dbo,servrectrans,pluspcustcurdate,DATA_TYPE_CHANGED,DATA_TYPE_CHANGED|PRECISION_INCREASED|SCALE_INCREASED,datetime -> datetime2(7),datetime,NULL,8.0,23.0,3.0,1.0,datetime2(7),NULL,8.0,27.0,7.0,1.0
dbo,servrectrans,transdate,DATA_TYPE_CHANGED,DATA_TYPE_CHANGED|PRECISION_INCREASED|SCALE_INCREASED,datetime -> datetime2(7),datetime,NULL,8.0,23.0,3.0,0.0,datetime2(7),NULL,8.0,27.0,7.0,0.0
dbo,servrectrans,changeby,LENGTH_INCREASED,LENGTH_INCREASED,varchar(30) -> varchar(100),varchar(30),30.0,30.0,0.0,0.0,1.0,varchar(100),100.0,100.0,0.0,0.0,1.0
dbo,servrectrans,enterby,LENGTH_INCREASED,LENGTH_INCREASED,varchar(30) -> varchar(100),varchar(30),30.0,30.0,0.0,0.0,0.0,varchar(100),100.0,100.0,0.0,0.0,0.0
dbo,servrectrans,refwo,LENGTH_INCREASED,LENGTH_INCREASED,varchar(10) -> varchar(25),varchar(10),10.0,10.0,0.0,0.0,1.0,varchar(25),25.0,25.0,0.0,0.0,1.0
dbo,sets,enterdate,DATA_TYPE_CHANGED,DATA_TYPE_CHANGED|PRECISION_INCREASED|SCALE_INCREASED,datetime -> datetime2(7),datetime,NULL,8.0,23.0,3.0,0.0,datetime2(7),NULL,8.0,27.0,7.0,0.0
dbo,sets,enterby,LENGTH_INCREASED,LENGTH_INCREASED,varchar(30) -> varchar(100),varchar(30),30.0,30.0,0.0,0.0,0.0,varchar(100),100.0,100.0,0.0,0.0,0.0
dbo,sfwlicense,expdate,DATA_TYPE_CHANGED,DATA_TYPE_CHANGED|PRECISION_INCREASED|SCALE_INCREASED,datetime -> datetime2(7),datetime,NULL,8.0,23.0,3.0,1.0,datetime2(7),NULL,8.0,27.0,7.0,1.0
dbo,sfwlicense,startdate,DATA_TYPE_CHANGED,DATA_TYPE_CHANGED|PRECISION_INCREASED|SCALE_INCREASED,datetime -> datetime2(7),datetime,NULL,8.0,23.0,3.0,1.0,datetime2(7),NULL,8.0,27.0,7.0,1.0
dbo,sfwline,renewaldate,DATA_TYPE_CHANGED,DATA_TYPE_CHANGED|PRECISION_INCREASED|SCALE_INCREASED,datetime -> datetime2(7),datetime,NULL,8.0,23.0,3.0,1.0,datetime2(7),NULL,8.0,27.0,7.0,1.0
dbo,shiftpatternday,endtime,DATA_TYPE_CHANGED,DATA_TYPE_CHANGED|PRECISION_INCREASED|SCALE_INCREASED,datetime -> datetime2(7),datetime,NULL,8.0,23.0,3.0,1.0,datetime2(7),NULL,8.0,27.0,7.0,1.0
dbo,shiftpatternday,starttime,DATA_TYPE_CHANGED,DATA_TYPE_CHANGED|PRECISION_INCREASED|SCALE_INCREASED,datetime -> datetime2(7),datetime,NULL,8.0,23.0,3.0,1.0,datetime2(7),NULL,8.0,27.0,7.0,1.0
dbo,shipment,enterdate,DATA_TYPE_CHANGED,DATA_TYPE_CHANGED|PRECISION_INCREASED|SCALE_INCREASED,datetime -> datetime2(7),datetime,NULL,8.0,23.0,3.0,1.0,datetime2(7),NULL,8.0,27.0,7.0,1.0
dbo,shipment,expreceiptdate,DATA_TYPE_CHANGED,DATA_TYPE_CHANGED|PRECISION_INCREASED|SCALE_INCREASED,datetime -> datetime2(7),datetime,NULL,8.0,23.0,3.0,1.0,datetime2(7),NULL,8.0,27.0,7.0,1.0
dbo,shipment,shipdate,DATA_TYPE_CHANGED,DATA_TYPE_CHANGED|PRECISION_INCREASED|SCALE_INCREASED,datetime -> datetime2(7),datetime,NULL,8.0,23.0,3.0,0.0,datetime2(7),NULL,8.0,27.0,7.0,0.0
dbo,shipment,enterby,LENGTH_INCREASED,LENGTH_INCREASED,varchar(30) -> varchar(100),varchar(30),30.0,30.0,0.0,0.0,1.0,varchar(100),100.0,100.0,0.0,0.0,1.0
dbo,shipment,shiptoattn,LENGTH_INCREASED,LENGTH_INCREASED,varchar(30) -> varchar(100),varchar(30),30.0,30.0,0.0,0.0,1.0,varchar(100),100.0,100.0,0.0,0.0,1.0
dbo,site,changedate,DATA_TYPE_CHANGED,DATA_TYPE_CHANGED|PRECISION_INCREASED|SCALE_INCREASED,datetime -> datetime2(7),datetime,NULL,8.0,23.0,3.0,0.0,datetime2(7),NULL,8.0,27.0,7.0,0.0
dbo,site,enterdate,DATA_TYPE_CHANGED,DATA_TYPE_CHANGED|PRECISION_INCREASED|SCALE_INCREASED,datetime -> datetime2(7),datetime,NULL,8.0,23.0,3.0,1.0,datetime2(7),NULL,8.0,27.0,7.0,1.0
dbo,site,changeby,LENGTH_INCREASED,LENGTH_INCREASED,varchar(30) -> varchar(100),varchar(30),30.0,30.0,0.0,0.0,0.0,varchar(100),100.0,100.0,0.0,0.0,0.0
dbo,site,contact,LENGTH_INCREASED,LENGTH_INCREASED,varchar(30) -> varchar(100),varchar(30),30.0,30.0,0.0,0.0,1.0,varchar(100),100.0,100.0,0.0,0.0,1.0
dbo,site,enterby,LENGTH_INCREASED,LENGTH_INCREASED,varchar(30) -> varchar(100),varchar(30),30.0,30.0,0.0,0.0,1.0,varchar(100),100.0,100.0,0.0,0.0,1.0
dbo,skdaction,iconcfg,DATA_TYPE_CHANGED,DATA_TYPE_CHANGED,text -> varchar(max),text,NULL,16.0,0.0,0.0,1.0,varchar(max),NULL,-1.0,0.0,0.0,1.0
dbo,skdactivity,isemergency,COLUMN_ADDED,COLUMN_ADDED,new smallint,,,,,,,smallint,NULL,2.0,5.0,0.0,1.0
dbo,skdactivity,earlyfinish,DATA_TYPE_CHANGED,DATA_TYPE_CHANGED|PRECISION_INCREASED|SCALE_INCREASED,datetime -> datetime2(7),datetime,NULL,8.0,23.0,3.0,1.0,datetime2(7),NULL,8.0,27.0,7.0,1.0
dbo,skdactivity,earlystart,DATA_TYPE_CHANGED,DATA_TYPE_CHANGED|PRECISION_INCREASED|SCALE_INCREASED,datetime -> datetime2(7),datetime,NULL,8.0,23.0,3.0,1.0,datetime2(7),NULL,8.0,27.0,7.0,1.0
dbo,skdactivity,endtime,DATA_TYPE_CHANGED,DATA_TYPE_CHANGED|PRECISION_INCREASED|SCALE_INCREASED,datetime -> datetime2(7),datetime,NULL,8.0,23.0,3.0,1.0,datetime2(7),NULL,8.0,27.0,7.0,1.0
dbo,skdactivity,fnlconstraint,DATA_TYPE_CHANGED,DATA_TYPE_CHANGED|PRECISION_INCREASED|SCALE_INCREASED,datetime -> datetime2(7),datetime,NULL,8.0,23.0,3.0,1.0,datetime2(7),NULL,8.0,27.0,7.0,1.0
dbo,skdactivity,latefinish,DATA_TYPE_CHANGED,DATA_TYPE_CHANGED|PRECISION_INCREASED|SCALE_INCREASED,datetime -> datetime2(7),datetime,NULL,8.0,23.0,3.0,1.0,datetime2(7),NULL,8.0,27.0,7.0,1.0
dbo,skdactivity,latestart,DATA_TYPE_CHANGED,DATA_TYPE_CHANGED|PRECISION_INCREASED|SCALE_INCREASED,datetime -> datetime2(7),datetime,NULL,8.0,23.0,3.0,1.0,datetime2(7),NULL,8.0,27.0,7.0,1.0
dbo,skdactivity,sneconstraint,DATA_TYPE_CHANGED,DATA_TYPE_CHANGED|PRECISION_INCREASED|SCALE_INCREASED,datetime -> datetime2(7),datetime,NULL,8.0,23.0,3.0,1.0,datetime2(7),NULL,8.0,27.0,7.0,1.0
dbo,skdactivity,starttime,DATA_TYPE_CHANGED,DATA_TYPE_CHANGED|PRECISION_INCREASED|SCALE_INCREASED,datetime -> datetime2(7),datetime,NULL,8.0,23.0,3.0,1.0,datetime2(7),NULL,8.0,27.0,7.0,1.0
dbo,skdactivity,targcompdate,DATA_TYPE_CHANGED,DATA_TYPE_CHANGED|PRECISION_INCREASED|SCALE_INCREASED,datetime -> datetime2(7),datetime,NULL,8.0,23.0,3.0,1.0,datetime2(7),NULL,8.0,27.0,7.0,1.0
dbo,skdactivity,targstartdate,DATA_TYPE_CHANGED,DATA_TYPE_CHANGED|PRECISION_INCREASED|SCALE_INCREASED,datetime -> datetime2(7),datetime,NULL,8.0,23.0,3.0,1.0,datetime2(7),NULL,8.0,27.0,7.0,1.0
dbo,skdactivity,supervisor,LENGTH_INCREASED,LENGTH_INCREASED,varchar(30) -> varchar(100),varchar(30),30.0,30.0,0.0,0.0,1.0,varchar(100),100.0,100.0,0.0,0.0,1.0
dbo,skdactivityqbe,endtime,DATA_TYPE_CHANGED,DATA_TYPE_CHANGED|PRECISION_INCREASED|SCALE_INCREASED,datetime -> datetime2(7),datetime,NULL,8.0,23.0,3.0,1.0,datetime2(7),NULL,8.0,27.0,7.0,1.0
dbo,skdactivityqbe,starttime,DATA_TYPE_CHANGED,DATA_TYPE_CHANGED|PRECISION_INCREASED|SCALE_INCREASED,datetime -> datetime2(7),datetime,NULL,8.0,23.0,3.0,1.0,datetime2(7),NULL,8.0,27.0,7.0,1.0
dbo,skdactivityqbe,targcompdate,DATA_TYPE_CHANGED,DATA_TYPE_CHANGED|PRECISION_INCREASED|SCALE_INCREASED,datetime -> datetime2(7),datetime,NULL,8.0,23.0,3.0,1.0,datetime2(7),NULL,8.0,27.0,7.0,1.0
dbo,skdactivityqbe,targstartdate,DATA_TYPE_CHANGED,DATA_TYPE_CHANGED|PRECISION_INCREASED|SCALE_INCREASED,datetime -> datetime2(7),datetime,NULL,8.0,23.0,3.0,1.0,datetime2(7),NULL,8.0,27.0,7.0,1.0
dbo,skdactivityqbe,lead,LENGTH_INCREASED,LENGTH_INCREASED,varchar(30) -> varchar(100),varchar(30),30.0,30.0,0.0,0.0,1.0,varchar(100),100.0,100.0,0.0,0.0,1.0
dbo,skdactivityqbe,owner,LENGTH_INCREASED,LENGTH_INCREASED,varchar(30) -> varchar(100),varchar(30),30.0,30.0,0.0,0.0,1.0,varchar(100),100.0,100.0,0.0,0.0,1.0
dbo,skdactivityqbe,supervisor,LENGTH_INCREASED,LENGTH_INCREASED,varchar(30) -> varchar(100),varchar(30),30.0,30.0,0.0,0.0,1.0,varchar(100),100.0,100.0,0.0,0.0,1.0
dbo,skdactivityqbe,wonum,LENGTH_INCREASED,LENGTH_INCREASED,varchar(10) -> varchar(25),varchar(10),10.0,10.0,0.0,0.0,1.0,varchar(25),25.0,25.0,0.0,0.0,1.0
dbo,skdcapacityplanparam,cskdmaterial,COLUMN_ADDED,COLUMN_ADDED,new smallint,,,,,,,smallint,NULL,2.0,5.0,0.0,0.0
dbo,skdcapacityplanparam,cskdtool,COLUMN_ADDED,COLUMN_ADDED,new smallint,,,,,,,smallint,NULL,2.0,5.0,0.0,0.0
dbo,skdcapacityplanparam,updatecronvalues,COLUMN_ADDED,COLUMN_ADDED,new smallint,,,,,,,smallint,NULL,2.0,5.0,0.0,0.0
dbo,skdcapacityplanparam,venddate,DATA_TYPE_CHANGED,DATA_TYPE_CHANGED|PRECISION_INCREASED|SCALE_INCREASED,datetime -> datetime2(7),datetime,NULL,8.0,23.0,3.0,1.0,datetime2(7),NULL,8.0,27.0,7.0,1.0
dbo,skdcapacityplanparam,vstartdate,DATA_TYPE_CHANGED,DATA_TYPE_CHANGED|PRECISION_INCREASED|SCALE_INCREASED,datetime -> datetime2(7),datetime,NULL,8.0,23.0,3.0,1.0,datetime2(7),NULL,8.0,27.0,7.0,1.0
dbo,skdcompliance,enddate,DATA_TYPE_CHANGED,DATA_TYPE_CHANGED|PRECISION_INCREASED|SCALE_INCREASED,datetime -> datetime2(7),datetime,NULL,8.0,23.0,3.0,1.0,datetime2(7),NULL,8.0,27.0,7.0,1.0
dbo,skdcompliance,startdate,DATA_TYPE_CHANGED,DATA_TYPE_CHANGED|PRECISION_INCREASED|SCALE_INCREASED,datetime -> datetime2(7),datetime,NULL,8.0,23.0,3.0,1.0,datetime2(7),NULL,8.0,27.0,7.0,1.0
dbo,skdcompliance,useridfinish,LENGTH_INCREASED,LENGTH_INCREASED,varchar(30) -> varchar(100),varchar(30),30.0,30.0,0.0,0.0,1.0,varchar(100),100.0,100.0,0.0,0.0,1.0
dbo,skdcompliance,useridstart,LENGTH_INCREASED,LENGTH_INCREASED,varchar(30) -> varchar(100),varchar(30),30.0,30.0,0.0,0.0,1.0,varchar(100),100.0,100.0,0.0,0.0,1.0
dbo,skdcompliancewolist,schedfinish,DATA_TYPE_CHANGED,DATA_TYPE_CHANGED|PRECISION_INCREASED|SCALE_INCREASED,datetime -> datetime2(7),datetime,NULL,8.0,23.0,3.0,1.0,datetime2(7),NULL,8.0,27.0,7.0,1.0
dbo,skdcompliancewolist,schedfinishend,DATA_TYPE_CHANGED,DATA_TYPE_CHANGED|PRECISION_INCREASED|SCALE_INCREASED,datetime -> datetime2(7),datetime,NULL,8.0,23.0,3.0,1.0,datetime2(7),NULL,8.0,27.0,7.0,1.0
dbo,skdcompliancewolist,schedstart,DATA_TYPE_CHANGED,DATA_TYPE_CHANGED|PRECISION_INCREASED|SCALE_INCREASED,datetime -> datetime2(7),datetime,NULL,8.0,23.0,3.0,1.0,datetime2(7),NULL,8.0,27.0,7.0,1.0
dbo,skdcompliancewolist,schedstartend,DATA_TYPE_CHANGED,DATA_TYPE_CHANGED|PRECISION_INCREASED|SCALE_INCREASED,datetime -> datetime2(7),datetime,NULL,8.0,23.0,3.0,1.0,datetime2(7),NULL,8.0,27.0,7.0,1.0
dbo,skdcompliancewolist,parent,LENGTH_INCREASED,LENGTH_INCREASED,varchar(10) -> varchar(25),varchar(10),10.0,10.0,0.0,0.0,1.0,varchar(25),25.0,25.0,0.0,0.0,1.0
dbo,skdcompliancewolist,useridfinish,LENGTH_INCREASED,LENGTH_INCREASED,varchar(30) -> varchar(100),varchar(30),30.0,30.0,0.0,0.0,1.0,varchar(100),100.0,100.0,0.0,0.0,1.0
dbo,skdcompliancewolist,useridstart,LENGTH_INCREASED,LENGTH_INCREASED,varchar(30) -> varchar(100),varchar(30),30.0,30.0,0.0,0.0,1.0,varchar(100),100.0,100.0,0.0,0.0,1.0
dbo,skdcompliancewolist,wonum,LENGTH_INCREASED,LENGTH_INCREASED,varchar(10) -> varchar(25),varchar(10),10.0,10.0,0.0,0.0,1.0,varchar(25),25.0,25.0,0.0,0.0,1.0
dbo,skdconstraint,maxleadlaghours,COLUMN_ADDED,COLUMN_ADDED,"new decimal(18,2)",,,,,,,"decimal(18,2)",NULL,9.0,18.0,2.0,1.0
dbo,skdconstraint,optionalrel,COLUMN_ADDED,COLUMN_ADDED,new smallint,,,,,,,smallint,NULL,2.0,5.0,0.0,0.0
dbo,skdconstraint,useleadlagasshift,COLUMN_ADDED,COLUMN_ADDED,new smallint,,,,,,,smallint,NULL,2.0,5.0,0.0,0.0
dbo,skdcost,createdate,DATA_TYPE_CHANGED,DATA_TYPE_CHANGED|PRECISION_INCREASED|SCALE_INCREASED,datetime -> datetime2(7),datetime,NULL,8.0,23.0,3.0,1.0,datetime2(7),NULL,8.0,27.0,7.0,1.0
dbo,skdcost,endweekdate,DATA_TYPE_CHANGED,DATA_TYPE_CHANGED|PRECISION_INCREASED|SCALE_INCREASED,datetime -> datetime2(7),datetime,NULL,8.0,23.0,3.0,1.0,datetime2(7),NULL,8.0,27.0,7.0,1.0
dbo,skdcost,startweekdate,DATA_TYPE_CHANGED,DATA_TYPE_CHANGED|PRECISION_INCREASED|SCALE_INCREASED,datetime -> datetime2(7),datetime,NULL,8.0,23.0,3.0,1.0,datetime2(7),NULL,8.0,27.0,7.0,1.0
dbo,skdcosttemp,endweekdate,DATA_TYPE_CHANGED,DATA_TYPE_CHANGED|PRECISION_INCREASED|SCALE_INCREASED,datetime -> datetime2(7),datetime,NULL,8.0,23.0,3.0,1.0,datetime2(7),NULL,8.0,27.0,7.0,1.0
dbo,skdcosttemp,startweekdate,DATA_TYPE_CHANGED,DATA_TYPE_CHANGED|PRECISION_INCREASED|SCALE_INCREASED,datetime -> datetime2(7),datetime,NULL,8.0,23.0,3.0,1.0,datetime2(7),NULL,8.0,27.0,7.0,1.0
dbo,skddatavaloption,valdate,DATA_TYPE_CHANGED,DATA_TYPE_CHANGED|PRECISION_INCREASED|SCALE_INCREASED,datetime -> datetime2(7),datetime,NULL,8.0,23.0,3.0,1.0,datetime2(7),NULL,8.0,27.0,7.0,1.0
dbo,skdemavailres,changedate,DATA_TYPE_CHANGED,DATA_TYPE_CHANGED|PRECISION_INCREASED|SCALE_INCREASED,datetime -> datetime2(7),datetime,NULL,8.0,23.0,3.0,1.0,datetime2(7),NULL,8.0,27.0,7.0,1.0
dbo,skdemavailres,changeby,LENGTH_INCREASED,LENGTH_INCREASED,varchar(30) -> varchar(100),varchar(30),30.0,30.0,0.0,0.0,1.0,varchar(100),100.0,100.0,0.0,0.0,1.0
dbo,skdemavailres,curwonum,LENGTH_INCREASED,LENGTH_INCREASED,varchar(10) -> varchar(25),varchar(10),10.0,10.0,0.0,0.0,1.0,varchar(25),25.0,25.0,0.0,0.0,1.0
dbo,skdgvpref,propertydata,DATA_TYPE_CHANGED,DATA_TYPE_CHANGED,image -> varbinary(max),image,NULL,16.0,0.0,0.0,1.0,varbinary(max),NULL,-1.0,0.0,0.0,1.0
dbo,skdgvpref,visiblestart,DATA_TYPE_CHANGED,DATA_TYPE_CHANGED|PRECISION_INCREASED|SCALE_INCREASED,datetime -> datetime2(7),datetime,NULL,8.0,23.0,3.0,0.0,datetime2(7),NULL,8.0,27.0,7.0,0.0
dbo,skdgvpref,userid,LENGTH_INCREASED,LENGTH_INCREASED,varchar(30) -> varchar(100),varchar(30),30.0,30.0,0.0,0.0,0.0,varchar(100),100.0,100.0,0.0,0.0,0.0
dbo,skdlaborhrs,createdate,DATA_TYPE_CHANGED,DATA_TYPE_CHANGED|PRECISION_INCREASED|SCALE_INCREASED,datetime -> datetime2(7),datetime,NULL,8.0,23.0,3.0,1.0,datetime2(7),NULL,8.0,27.0,7.0,1.0
dbo,skdlaborhrs,daily,DATA_TYPE_CHANGED,DATA_TYPE_CHANGED|PRECISION_INCREASED|SCALE_INCREASED,datetime -> datetime2(7),datetime,NULL,8.0,23.0,3.0,1.0,datetime2(7),NULL,8.0,27.0,7.0,1.0
dbo,skdlaborhrs,startweekdate,DATA_TYPE_CHANGED,DATA_TYPE_CHANGED|PRECISION_INCREASED|SCALE_INCREASED,datetime -> datetime2(7),datetime,NULL,8.0,23.0,3.0,1.0,datetime2(7),NULL,8.0,27.0,7.0,1.0
dbo,skdlaborhrstemp,createdate,DATA_TYPE_CHANGED,DATA_TYPE_CHANGED|PRECISION_INCREASED|SCALE_INCREASED,datetime -> datetime2(7),datetime,NULL,8.0,23.0,3.0,1.0,datetime2(7),NULL,8.0,27.0,7.0,1.0
dbo,skdlaborhrstemp,daily,DATA_TYPE_CHANGED,DATA_TYPE_CHANGED|PRECISION_INCREASED|SCALE_INCREASED,datetime -> datetime2(7),datetime,NULL,8.0,23.0,3.0,1.0,datetime2(7),NULL,8.0,27.0,7.0,1.0
dbo,skdlaborhrstemp,starttime,DATA_TYPE_CHANGED,DATA_TYPE_CHANGED|PRECISION_INCREASED|SCALE_INCREASED,datetime -> datetime2(7),datetime,NULL,8.0,23.0,3.0,1.0,datetime2(7),NULL,8.0,27.0,7.0,1.0
dbo,skdlaborhrstemp,startweekdate,DATA_TYPE_CHANGED,DATA_TYPE_CHANGED|PRECISION_INCREASED|SCALE_INCREASED,datetime -> datetime2(7),datetime,NULL,8.0,23.0,3.0,1.0,datetime2(7),NULL,8.0,27.0,7.0,1.0
dbo,skdlabormodparam,cskdmaterial,COLUMN_ADDED,COLUMN_ADDED,new smallint,,,,,,,smallint,NULL,2.0,5.0,0.0,0.0
dbo,skdlabormodparam,cskdtool,COLUMN_ADDED,COLUMN_ADDED,new smallint,,,,,,,smallint,NULL,2.0,5.0,0.0,0.0
dbo,skdlabormodparam,updatecronvalues,COLUMN_ADDED,COLUMN_ADDED,new smallint,,,,,,,smallint,NULL,2.0,5.0,0.0,0.0
dbo,skdodmemsg,isdest,COLUMN_ADDED,COLUMN_ADDED,new smallint,,,,,,,smallint,NULL,2.0,5.0,0.0,1.0
dbo,skdodmemsg,message,DATA_TYPE_CHANGED,DATA_TYPE_CHANGED,text -> varchar(max),text,NULL,16.0,0.0,0.0,0.0,varchar(max),NULL,-1.0,0.0,0.0,0.0
dbo,skdodmerun,isdest,COLUMN_ADDED,COLUMN_ADDED,new smallint,,,,,,,smallint,NULL,2.0,5.0,0.0,1.0
dbo,skdodmerun,iser,COLUMN_ADDED,COLUMN_ADDED,new smallint,,,,,,,smallint,NULL,2.0,5.0,0.0,1.0
dbo,skdodmerun,model,COLUMN_ADDED,COLUMN_ADDED,new varchar(256),,,,,,,varchar(256),256.0,256.0,0.0,0.0,1.0
dbo,skdodmerun,modeltype,COLUMN_ADDED,COLUMN_ADDED,new varchar(20),,,,,,,varchar(20),20.0,20.0,0.0,0.0,1.0
dbo,skdodmerun,modelversion,COLUMN_ADDED,COLUMN_ADDED,new int,,,,,,,int,NULL,4.0,10.0,0.0,1.0
dbo,skdodmerun,endtime,DATA_TYPE_CHANGED,DATA_TYPE_CHANGED|PRECISION_INCREASED|SCALE_INCREASED,datetime -> datetime2(7),datetime,NULL,8.0,23.0,3.0,1.0,datetime2(7),NULL,8.0,27.0,7.0,1.0
dbo,skdodmerun,starttime,DATA_TYPE_CHANGED,DATA_TYPE_CHANGED|PRECISION_INCREASED|SCALE_INCREASED,datetime -> datetime2(7),datetime,NULL,8.0,23.0,3.0,1.0,datetime2(7),NULL,8.0,27.0,7.0,1.0
dbo,skdodmerun,odmeuser,LENGTH_INCREASED,LENGTH_INCREASED,varchar(30) -> varchar(100),varchar(30),30.0,30.0,0.0,0.0,1.0,varchar(100),100.0,100.0,0.0,0.0,1.0
dbo,skdodmeunscheduledtask,msgtype,COLUMN_ADDED,COLUMN_ADDED,new varchar(62),,,,,,,varchar(62),62.0,62.0,0.0,0.0,1.0
dbo,skdopascpskpi,schedulingissues,COLUMN_ADDED,COLUMN_ADDED,new int,,,,,,,int,NULL,4.0,10.0,0.0,1.0
dbo,skdopascpsparam,cskdmaterial,COLUMN_ADDED,COLUMN_ADDED,new smallint,,,,,,,smallint,NULL,2.0,5.0,0.0,0.0
dbo,skdopascpsparam,cskdtool,COLUMN_ADDED,COLUMN_ADDED,new smallint,,,,,,,smallint,NULL,2.0,5.0,0.0,0.0
dbo,skdopascpsparam,updatecronvalues,COLUMN_ADDED,COLUMN_ADDED,new smallint,,,,,,,smallint,NULL,2.0,5.0,0.0,0.0
dbo,skdopascpsparam,currentdate,DATA_TYPE_CHANGED,DATA_TYPE_CHANGED|PRECISION_INCREASED|SCALE_INCREASED,datetime -> datetime2(7),datetime,NULL,8.0,23.0,3.0,1.0,datetime2(7),NULL,8.0,27.0,7.0,1.0
dbo,skdopascpsstatus,objectivegaps,COLUMN_ADDED,COLUMN_ADDED,new varchar(250),,,,,,,varchar(250),250.0,250.0,0.0,0.0,1.0
dbo,skdopascpsstatus,bestsolutiondate,DATA_TYPE_CHANGED,DATA_TYPE_CHANGED|PRECISION_INCREASED|SCALE_INCREASED,datetime -> datetime2(7),datetime,NULL,8.0,23.0,3.0,1.0,datetime2(7),NULL,8.0,27.0,7.0,1.0
dbo,skdopascpsstatus,solveenddate,DATA_TYPE_CHANGED,DATA_TYPE_CHANGED|PRECISION_INCREASED|SCALE_INCREASED,datetime -> datetime2(7),datetime,NULL,8.0,23.0,3.0,1.0,datetime2(7),NULL,8.0,27.0,7.0,1.0
dbo,skdopascpsstatus,solvestartdate,DATA_TYPE_CHANGED,DATA_TYPE_CHANGED|PRECISION_INCREASED|SCALE_INCREASED,datetime -> datetime2(7),datetime,NULL,8.0,23.0,3.0,1.0,datetime2(7),NULL,8.0,27.0,7.0,1.0
dbo,skdorigindestmatrix,changedate,DATA_TYPE_CHANGED,DATA_TYPE_CHANGED|PRECISION_INCREASED|SCALE_INCREASED,datetime -> datetime2(7),datetime,NULL,8.0,23.0,3.0,1.0,datetime2(7),NULL,8.0,27.0,7.0,1.0
dbo,skdorigindestmatrix,changeby,LENGTH_INCREASED,LENGTH_INCREASED,varchar(30) -> varchar(100),varchar(30),30.0,30.0,0.0,0.0,1.0,varchar(100),100.0,100.0,0.0,0.0,1.0
dbo,skdorigindestmatrix,fromserviceaddress,LENGTH_INCREASED,LENGTH_INCREASED,varchar(12) -> varchar(25),varchar(12),12.0,12.0,0.0,0.0,1.0,varchar(25),25.0,25.0,0.0,0.0,1.0
dbo,skdorigindestmatrix,toserviceaddress,LENGTH_INCREASED,LENGTH_INCREASED,varchar(12) -> varchar(25),varchar(12),12.0,12.0,0.0,0.0,1.0,varchar(25),25.0,25.0,0.0,0.0,1.0
dbo,skdoverrideavail,itemsetid,COLUMN_ADDED,COLUMN_ADDED,new varchar(10),,,,,,,varchar(10),10.0,10.0,0.0,0.0,1.0
dbo,skdoverrideavail,enddate,DATA_TYPE_CHANGED,DATA_TYPE_CHANGED|PRECISION_INCREASED|SCALE_INCREASED,datetime -> datetime2(7),datetime,NULL,8.0,23.0,3.0,1.0,datetime2(7),NULL,8.0,27.0,7.0,1.0
dbo,skdoverrideavail,startdate,DATA_TYPE_CHANGED,DATA_TYPE_CHANGED|PRECISION_INCREASED|SCALE_INCREASED,datetime -> datetime2(7),datetime,NULL,8.0,23.0,3.0,1.0,datetime2(7),NULL,8.0,27.0,7.0,1.0
dbo,skdpmfocost,createdate,DATA_TYPE_CHANGED,DATA_TYPE_CHANGED|PRECISION_INCREASED|SCALE_INCREASED,datetime -> datetime2(7),datetime,NULL,8.0,23.0,3.0,1.0,datetime2(7),NULL,8.0,27.0,7.0,1.0
dbo,skdpmfocost,endweekdate,DATA_TYPE_CHANGED,DATA_TYPE_CHANGED|PRECISION_INCREASED|SCALE_INCREASED,datetime -> datetime2(7),datetime,NULL,8.0,23.0,3.0,1.0,datetime2(7),NULL,8.0,27.0,7.0,1.0
dbo,skdpmfocost,startweekdate,DATA_TYPE_CHANGED,DATA_TYPE_CHANGED|PRECISION_INCREASED|SCALE_INCREASED,datetime -> datetime2(7),datetime,NULL,8.0,23.0,3.0,1.0,datetime2(7),NULL,8.0,27.0,7.0,1.0
dbo,skdpmfocosttemp,endweekdate,DATA_TYPE_CHANGED,DATA_TYPE_CHANGED|PRECISION_INCREASED|SCALE_INCREASED,datetime -> datetime2(7),datetime,NULL,8.0,23.0,3.0,1.0,datetime2(7),NULL,8.0,27.0,7.0,1.0
dbo,skdpmfocosttemp,startweekdate,DATA_TYPE_CHANGED,DATA_TYPE_CHANGED|PRECISION_INCREASED|SCALE_INCREASED,datetime -> datetime2(7),datetime,NULL,8.0,23.0,3.0,1.0,datetime2(7),NULL,8.0,27.0,7.0,1.0
dbo,skdpmforecast,changedate,DATA_TYPE_CHANGED,DATA_TYPE_CHANGED|PRECISION_INCREASED|SCALE_INCREASED,datetime -> datetime2(7),datetime,NULL,8.0,23.0,3.0,1.0,datetime2(7),NULL,8.0,27.0,7.0,1.0
dbo,skdpmforecast,createdate,DATA_TYPE_CHANGED,DATA_TYPE_CHANGED|PRECISION_INCREASED|SCALE_INCREASED,datetime -> datetime2(7),datetime,NULL,8.0,23.0,3.0,1.0,datetime2(7),NULL,8.0,27.0,7.0,1.0
dbo,skdpmforecast,forecastdate,DATA_TYPE_CHANGED,DATA_TYPE_CHANGED|PRECISION_INCREASED|SCALE_INCREASED,datetime -> datetime2(7),datetime,NULL,8.0,23.0,3.0,1.0,datetime2(7),NULL,8.0,27.0,7.0,1.0
dbo,skdpmforecast,newdate,DATA_TYPE_CHANGED,DATA_TYPE_CHANGED|PRECISION_INCREASED|SCALE_INCREASED,datetime -> datetime2(7),datetime,NULL,8.0,23.0,3.0,1.0,datetime2(7),NULL,8.0,27.0,7.0,1.0
dbo,skdpmforecast,changeby,LENGTH_INCREASED,LENGTH_INCREASED,varchar(30) -> varchar(100),varchar(30),30.0,30.0,0.0,0.0,1.0,varchar(100),100.0,100.0,0.0,0.0,1.0
dbo,skdpmforecast,createby,LENGTH_INCREASED,LENGTH_INCREASED,varchar(30) -> varchar(100),varchar(30),30.0,30.0,0.0,0.0,1.0,varchar(100),100.0,100.0,0.0,0.0,1.0
dbo,skdpmforecastjp,changedate,DATA_TYPE_CHANGED,DATA_TYPE_CHANGED|PRECISION_INCREASED|SCALE_INCREASED,datetime -> datetime2(7),datetime,NULL,8.0,23.0,3.0,1.0,datetime2(7),NULL,8.0,27.0,7.0,1.0
dbo,skdpmforecastjp,createdate,DATA_TYPE_CHANGED,DATA_TYPE_CHANGED|PRECISION_INCREASED|SCALE_INCREASED,datetime -> datetime2(7),datetime,NULL,8.0,23.0,3.0,1.0,datetime2(7),NULL,8.0,27.0,7.0,1.0
dbo,skdpmforecastjp,changeby,LENGTH_INCREASED,LENGTH_INCREASED,varchar(30) -> varchar(100),varchar(30),30.0,30.0,0.0,0.0,1.0,varchar(100),100.0,100.0,0.0,0.0,1.0
dbo,skdpmforecastjp,createby,LENGTH_INCREASED,LENGTH_INCREASED,varchar(30) -> varchar(100),varchar(30),30.0,30.0,0.0,0.0,1.0,varchar(100),100.0,100.0,0.0,0.0,1.0
dbo,skdproject,directives,COLUMN_ADDED,COLUMN_ADDED,new varchar(254),,,,,,,varchar(254),254.0,254.0,0.0,0.0,1.0
dbo,skdproject,isautoschedule,COLUMN_ADDED,COLUMN_ADDED,new smallint,,,,,,,smallint,NULL,2.0,5.0,0.0,0.0
dbo,skdproject,actendtime,DATA_TYPE_CHANGED,DATA_TYPE_CHANGED|PRECISION_INCREASED|SCALE_INCREASED,datetime -> datetime2(7),datetime,NULL,8.0,23.0,3.0,1.0,datetime2(7),NULL,8.0,27.0,7.0,1.0
dbo,skdproject,actstarttime,DATA_TYPE_CHANGED,DATA_TYPE_CHANGED|PRECISION_INCREASED|SCALE_INCREASED,datetime -> datetime2(7),datetime,NULL,8.0,23.0,3.0,1.0,datetime2(7),NULL,8.0,27.0,7.0,1.0
dbo,skdproject,calenddate,DATA_TYPE_CHANGED,DATA_TYPE_CHANGED|PRECISION_INCREASED|SCALE_INCREASED,datetime -> datetime2(7),datetime,NULL,8.0,23.0,3.0,1.0,datetime2(7),NULL,8.0,27.0,7.0,1.0
dbo,skdproject,calstartdate,DATA_TYPE_CHANGED,DATA_TYPE_CHANGED|PRECISION_INCREASED|SCALE_INCREASED,datetime -> datetime2(7),datetime,NULL,8.0,23.0,3.0,1.0,datetime2(7),NULL,8.0,27.0,7.0,1.0
dbo,skdproject,changedate,DATA_TYPE_CHANGED,DATA_TYPE_CHANGED|PRECISION_INCREASED|SCALE_INCREASED,datetime -> datetime2(7),datetime,NULL,8.0,23.0,3.0,0.0,datetime2(7),NULL,8.0,27.0,7.0,0.0
dbo,skdproject,committime,DATA_TYPE_CHANGED,DATA_TYPE_CHANGED|PRECISION_INCREASED|SCALE_INCREASED,datetime -> datetime2(7),datetime,NULL,8.0,23.0,3.0,1.0,datetime2(7),NULL,8.0,27.0,7.0,1.0
dbo,skdproject,cpsoptztime,DATA_TYPE_CHANGED,DATA_TYPE_CHANGED|PRECISION_INCREASED|SCALE_INCREASED,datetime -> datetime2(7),datetime,NULL,8.0,23.0,3.0,1.0,datetime2(7),NULL,8.0,27.0,7.0,1.0
dbo,skdproject,createdate,DATA_TYPE_CHANGED,DATA_TYPE_CHANGED|PRECISION_INCREASED|SCALE_INCREASED,datetime -> datetime2(7),datetime,NULL,8.0,23.0,3.0,0.0,datetime2(7),NULL,8.0,27.0,7.0,0.0
dbo,skdproject,enddate,DATA_TYPE_CHANGED,DATA_TYPE_CHANGED|PRECISION_INCREASED|SCALE_INCREASED,datetime -> datetime2(7),datetime,NULL,8.0,23.0,3.0,1.0,datetime2(7),NULL,8.0,27.0,7.0,1.0
dbo,skdproject,enddateacm,DATA_TYPE_CHANGED,DATA_TYPE_CHANGED|PRECISION_INCREASED|SCALE_INCREASED,datetime -> datetime2(7),datetime,NULL,8.0,23.0,3.0,0.0,datetime2(7),NULL,8.0,27.0,7.0,0.0
dbo,skdproject,lastpublishdate,DATA_TYPE_CHANGED,DATA_TYPE_CHANGED|PRECISION_INCREASED|SCALE_INCREASED,datetime -> datetime2(7),datetime,NULL,8.0,23.0,3.0,1.0,datetime2(7),NULL,8.0,27.0,7.0,1.0
dbo,skdproject,pcacthrslm,DATA_TYPE_CHANGED,DATA_TYPE_CHANGED|PRECISION_INCREASED|SCALE_INCREASED,datetime -> datetime2(7),datetime,NULL,8.0,23.0,3.0,1.0,datetime2(7),NULL,8.0,27.0,7.0,1.0
dbo,skdproject,pcphyslm,DATA_TYPE_CHANGED,DATA_TYPE_CHANGED|PRECISION_INCREASED|SCALE_INCREASED,datetime -> datetime2(7),datetime,NULL,8.0,23.0,3.0,1.0,datetime2(7),NULL,8.0,27.0,7.0,1.0
dbo,skdproject,pctaskcomplm,DATA_TYPE_CHANGED,DATA_TYPE_CHANGED|PRECISION_INCREASED|SCALE_INCREASED,datetime -> datetime2(7),datetime,NULL,8.0,23.0,3.0,1.0,datetime2(7),NULL,8.0,27.0,7.0,1.0
dbo,skdproject,prevactendtime,DATA_TYPE_CHANGED,DATA_TYPE_CHANGED|PRECISION_INCREASED|SCALE_INCREASED,datetime -> datetime2(7),datetime,NULL,8.0,23.0,3.0,1.0,datetime2(7),NULL,8.0,27.0,7.0,1.0
dbo,skdproject,prevactstarttime,DATA_TYPE_CHANGED,DATA_TYPE_CHANGED|PRECISION_INCREASED|SCALE_INCREASED,datetime -> datetime2(7),datetime,NULL,8.0,23.0,3.0,1.0,datetime2(7),NULL,8.0,27.0,7.0,1.0
dbo,skdproject,savetime,DATA_TYPE_CHANGED,DATA_TYPE_CHANGED|PRECISION_INCREASED|SCALE_INCREASED,datetime -> datetime2(7),datetime,NULL,8.0,23.0,3.0,1.0,datetime2(7),NULL,8.0,27.0,7.0,1.0
dbo,skdproject,skdcompend,DATA_TYPE_CHANGED,DATA_TYPE_CHANGED|PRECISION_INCREASED|SCALE_INCREASED,datetime -> datetime2(7),datetime,NULL,8.0,23.0,3.0,1.0,datetime2(7),NULL,8.0,27.0,7.0,1.0
dbo,skdproject,skdcomplaststart,DATA_TYPE_CHANGED,DATA_TYPE_CHANGED|PRECISION_INCREASED|SCALE_INCREASED,datetime -> datetime2(7),datetime,NULL,8.0,23.0,3.0,1.0,datetime2(7),NULL,8.0,27.0,7.0,1.0
dbo,skdproject,skdcompstart,DATA_TYPE_CHANGED,DATA_TYPE_CHANGED|PRECISION_INCREASED|SCALE_INCREASED,datetime -> datetime2(7),datetime,NULL,8.0,23.0,3.0,1.0,datetime2(7),NULL,8.0,27.0,7.0,1.0
dbo,skdproject,skdpmfocostcaldate,DATA_TYPE_CHANGED,DATA_TYPE_CHANGED|PRECISION_INCREASED|SCALE_INCREASED,datetime -> datetime2(7),datetime,NULL,8.0,23.0,3.0,1.0,datetime2(7),NULL,8.0,27.0,7.0,1.0
dbo,skdproject,startassigndate,DATA_TYPE_CHANGED,DATA_TYPE_CHANGED|PRECISION_INCREASED|SCALE_INCREASED,datetime -> datetime2(7),datetime,NULL,8.0,23.0,3.0,1.0,datetime2(7),NULL,8.0,27.0,7.0,1.0
dbo,skdproject,startdate,DATA_TYPE_CHANGED,DATA_TYPE_CHANGED|PRECISION_INCREASED|SCALE_INCREASED,datetime -> datetime2(7),datetime,NULL,8.0,23.0,3.0,1.0,datetime2(7),NULL,8.0,27.0,7.0,1.0
dbo,skdproject,startdateacm,DATA_TYPE_CHANGED,DATA_TYPE_CHANGED|PRECISION_INCREASED|SCALE_INCREASED,datetime -> datetime2(7),datetime,NULL,8.0,23.0,3.0,0.0,datetime2(7),NULL,8.0,27.0,7.0,0.0
dbo,skdproject,statusdate,DATA_TYPE_CHANGED,DATA_TYPE_CHANGED|PRECISION_INCREASED|SCALE_INCREASED,datetime -> datetime2(7),datetime,NULL,8.0,23.0,3.0,0.0,datetime2(7),NULL,8.0,27.0,7.0,0.0
dbo,skdproject,changeby,LENGTH_INCREASED,LENGTH_INCREASED,varchar(30) -> varchar(100),varchar(30),30.0,30.0,0.0,0.0,1.0,varchar(100),100.0,100.0,0.0,0.0,1.0
dbo,skdproject,commitby,LENGTH_INCREASED,LENGTH_INCREASED,varchar(30) -> varchar(100),varchar(30),30.0,30.0,0.0,0.0,1.0,varchar(100),100.0,100.0,0.0,0.0,1.0
dbo,skdproject,cpsoptzby,LENGTH_INCREASED,LENGTH_INCREASED,varchar(30) -> varchar(100),varchar(30),30.0,30.0,0.0,0.0,1.0,varchar(100),100.0,100.0,0.0,0.0,1.0
dbo,skdproject,createby,LENGTH_INCREASED,LENGTH_INCREASED,varchar(30) -> varchar(100),varchar(30),30.0,30.0,0.0,0.0,1.0,varchar(100),100.0,100.0,0.0,0.0,1.0
dbo,skdproject,publishby,LENGTH_INCREASED,LENGTH_INCREASED,varchar(30) -> varchar(100),varchar(30),30.0,30.0,0.0,0.0,1.0,varchar(100),100.0,100.0,0.0,0.0,1.0
dbo,skdproject,saveby,LENGTH_INCREASED,LENGTH_INCREASED,varchar(30) -> varchar(100),varchar(30),30.0,30.0,0.0,0.0,1.0,varchar(100),100.0,100.0,0.0,0.0,1.0
dbo,skdproject,frequency,NOW_NULLABLE,NOW_NULLABLE,int -> int,int,NULL,4.0,10.0,0.0,0.0,int,NULL,4.0,10.0,0.0,1.0
dbo,skdproject,frequnit,NOW_NULLABLE,NOW_NULLABLE,varchar(8) -> varchar(8),varchar(8),8.0,8.0,0.0,0.0,0.0,varchar(8),8.0,8.0,0.0,0.0,1.0
dbo,skdprojectemwo,description,COLUMN_ADDED,COLUMN_ADDED,new varchar(500),,,,,,,varchar(500),500.0,500.0,0.0,0.0,1.0
dbo,skdprojectemwo,emergrecommend,COLUMN_ADDED,COLUMN_ADDED,new smallint,,,,,,,smallint,NULL,2.0,5.0,0.0,0.0
dbo,skdprojectemwo,hasld,COLUMN_ADDED,COLUMN_ADDED,new smallint,,,,,,,smallint,NULL,2.0,5.0,0.0,0.0
dbo,skdprojectemwo,isdefault,COLUMN_ADDED,COLUMN_ADDED,new smallint,,,,,,,smallint,NULL,2.0,5.0,0.0,0.0
dbo,skdprojectemwo,istemplate,COLUMN_ADDED,COLUMN_ADDED,new smallint,,,,,,,smallint,NULL,2.0,5.0,0.0,0.0
dbo,skdprojectemwo,langcode,COLUMN_ADDED,COLUMN_ADDED,new varchar(4),,,,,,,varchar(4),4.0,4.0,0.0,0.0,0.0
dbo,skdprojectemwo,lastruncron,COLUMN_ADDED,COLUMN_ADDED,new smallint,,,,,,,smallint,NULL,2.0,5.0,0.0,0.0
dbo,skdprojectemwo,lastrundate,COLUMN_ADDED,COLUMN_ADDED,new datetime2(7),,,,,,,datetime2(7),NULL,8.0,27.0,7.0,1.0
dbo,skdprojectemwo,lastrunuser,COLUMN_ADDED,COLUMN_ADDED,new varchar(100),,,,,,,varchar(100),100.0,100.0,0.0,0.0,1.0
dbo,skdprojectemwo,recalcdtm,COLUMN_ADDED,COLUMN_ADDED,new smallint,,,,,,,smallint,NULL,2.0,5.0,0.0,0.0
dbo,skdprojectemwo,runstatus,COLUMN_ADDED,COLUMN_ADDED,new varchar(20),,,,,,,varchar(20),20.0,20.0,0.0,0.0,1.0
dbo,skdprojectemwo,changedate,DATA_TYPE_CHANGED,DATA_TYPE_CHANGED|PRECISION_INCREASED|SCALE_INCREASED,datetime -> datetime2(7),datetime,NULL,8.0,23.0,3.0,1.0,datetime2(7),NULL,8.0,27.0,7.0,1.0
dbo,skdprojectemwo,oncedatetime,DATA_TYPE_CHANGED,DATA_TYPE_CHANGED|PRECISION_INCREASED|SCALE_INCREASED,datetime -> datetime2(7),datetime,NULL,8.0,23.0,3.0,1.0,datetime2(7),NULL,8.0,27.0,7.0,1.0
dbo,skdprojectemwo,changeby,LENGTH_INCREASED,LENGTH_INCREASED,varchar(30) -> varchar(100),varchar(30),30.0,30.0,0.0,0.0,1.0,varchar(100),100.0,100.0,0.0,0.0,1.0
dbo,skdprojectpublish,changedate,DATA_TYPE_CHANGED,DATA_TYPE_CHANGED|PRECISION_INCREASED|SCALE_INCREASED,datetime -> datetime2(7),datetime,NULL,8.0,23.0,3.0,0.0,datetime2(7),NULL,8.0,27.0,7.0,0.0
dbo,skdprojectpublish,changeby,LENGTH_INCREASED,LENGTH_INCREASED,varchar(30) -> varchar(100),varchar(30),30.0,30.0,0.0,0.0,0.0,varchar(100),100.0,100.0,0.0,0.0,0.0
dbo,skdprojectscenario,changedate,DATA_TYPE_CHANGED,DATA_TYPE_CHANGED|PRECISION_INCREASED|SCALE_INCREASED,datetime -> datetime2(7),datetime,NULL,8.0,23.0,3.0,1.0,datetime2(7),NULL,8.0,27.0,7.0,1.0
dbo,skdprojectscenario,lastrundate,DATA_TYPE_CHANGED,DATA_TYPE_CHANGED|PRECISION_INCREASED|SCALE_INCREASED,datetime -> datetime2(7),datetime,NULL,8.0,23.0,3.0,1.0,datetime2(7),NULL,8.0,27.0,7.0,1.0
dbo,skdprojectscenario,oncedatetime,DATA_TYPE_CHANGED,DATA_TYPE_CHANGED|PRECISION_INCREASED|SCALE_INCREASED,datetime -> datetime2(7),datetime,NULL,8.0,23.0,3.0,1.0,datetime2(7),NULL,8.0,27.0,7.0,1.0
dbo,skdprojectscenario,changeby,LENGTH_INCREASED,LENGTH_INCREASED,varchar(30) -> varchar(100),varchar(30),30.0,30.0,0.0,0.0,1.0,varchar(100),100.0,100.0,0.0,0.0,1.0
dbo,skdprojectscenario,lastrunuser,LENGTH_INCREASED,LENGTH_INCREASED,varchar(30) -> varchar(100),varchar(30),30.0,30.0,0.0,0.0,1.0,varchar(100),100.0,100.0,0.0,0.0,1.0
dbo,skdprojectstatus,changedate,DATA_TYPE_CHANGED,DATA_TYPE_CHANGED|PRECISION_INCREASED|SCALE_INCREASED,datetime -> datetime2(7),datetime,NULL,8.0,23.0,3.0,0.0,datetime2(7),NULL,8.0,27.0,7.0,0.0
dbo,skdprojectstatus,changeby,LENGTH_INCREASED,LENGTH_INCREASED,varchar(30) -> varchar(100),varchar(30),30.0,30.0,0.0,0.0,0.0,varchar(100),100.0,100.0,0.0,0.0,0.0
dbo,skdreslevelparam,cskdmaterial,COLUMN_ADDED,COLUMN_ADDED,new smallint,,,,,,,smallint,NULL,2.0,5.0,0.0,0.0
dbo,skdreslevelparam,cskdtool,COLUMN_ADDED,COLUMN_ADDED,new smallint,,,,,,,smallint,NULL,2.0,5.0,0.0,0.0
dbo,skdreslevelparam,updatecronvalues,COLUMN_ADDED,COLUMN_ADDED,new smallint,,,,,,,smallint,NULL,2.0,5.0,0.0,0.0
dbo,skdreslevelparam,vstartdate,DATA_TYPE_CHANGED,DATA_TYPE_CHANGED|PRECISION_INCREASED|SCALE_INCREASED,datetime -> datetime2(7),datetime,NULL,8.0,23.0,3.0,1.0,datetime2(7),NULL,8.0,27.0,7.0,1.0
dbo,skdscenrunkpi,kpidate,COLUMN_ADDED,COLUMN_ADDED,new datetime2(7),,,,,,,datetime2(7),NULL,8.0,27.0,7.0,1.0
dbo,skdscenrunkpi,kpiresourceid,COLUMN_ADDED,COLUMN_ADDED,new varchar(200),,,,,,,varchar(200),200.0,200.0,0.0,0.0,1.0
dbo,skdspatialparam,cskdmaterial,COLUMN_ADDED,COLUMN_ADDED,new smallint,,,,,,,smallint,NULL,2.0,5.0,0.0,0.0
dbo,skdspatialparam,cskdtool,COLUMN_ADDED,COLUMN_ADDED,new smallint,,,,,,,smallint,NULL,2.0,5.0,0.0,0.0
dbo,skdspatialparam,recalcdtm,COLUMN_ADDED,COLUMN_ADDED,new smallint,,,,,,,smallint,NULL,2.0,5.0,0.0,1.0
dbo,skdspatialparam,updatecronvalues,COLUMN_ADDED,COLUMN_ADDED,new smallint,,,,,,,smallint,NULL,2.0,5.0,0.0,0.0
dbo,skdstate,state,DATA_TYPE_CHANGED,DATA_TYPE_CHANGED,image -> varbinary(max),image,NULL,16.0,0.0,0.0,0.0,varbinary(max),NULL,-1.0,0.0,0.0,0.0
dbo,skdstate,userid,LENGTH_INCREASED,LENGTH_INCREASED,varchar(30) -> varchar(100),varchar(30),30.0,30.0,0.0,0.0,0.0,varchar(100),100.0,100.0,0.0,0.0,0.0
dbo,skdtemplates,modified,DATA_TYPE_CHANGED,DATA_TYPE_CHANGED|PRECISION_INCREASED|SCALE_INCREASED,datetime -> datetime2(7),datetime,NULL,8.0,23.0,3.0,0.0,datetime2(7),NULL,8.0,27.0,7.0,0.0
dbo,skdtemplates,template,DATA_TYPE_CHANGED,DATA_TYPE_CHANGED,text -> varchar(max),text,NULL,16.0,0.0,0.0,0.0,varchar(max),NULL,-1.0,0.0,0.0,0.0
dbo,skdtemplates,userid,LENGTH_INCREASED,LENGTH_INCREASED,varchar(30) -> varchar(100),varchar(30),30.0,30.0,0.0,0.0,0.0,varchar(100),100.0,100.0,0.0,0.0,0.0
dbo,skdusage,lastsaved,DATA_TYPE_CHANGED,DATA_TYPE_CHANGED|PRECISION_INCREASED|SCALE_INCREASED,datetime -> datetime2(7),datetime,NULL,8.0,23.0,3.0,1.0,datetime2(7),NULL,8.0,27.0,7.0,1.0
dbo,skdusage,wonum,LENGTH_INCREASED,LENGTH_INCREASED,varchar(10) -> varchar(25),varchar(10),10.0,10.0,0.0,0.0,0.0,varchar(25),25.0,25.0,0.0,0.0,0.0
dbo,skduserprop,userid,LENGTH_INCREASED,LENGTH_INCREASED,varchar(30) -> varchar(100),varchar(30),30.0,30.0,0.0,0.0,0.0,varchar(100),100.0,100.0,0.0,0.0,0.0
dbo,skdwobreakinout,wonum,LENGTH_INCREASED,LENGTH_INCREASED,varchar(10) -> varchar(25),varchar(10),10.0,10.0,0.0,0.0,0.0,varchar(25),25.0,25.0,0.0,0.0,0.0
dbo,skdworkplanextcap,enddate,DATA_TYPE_CHANGED,DATA_TYPE_CHANGED|PRECISION_INCREASED|SCALE_INCREASED,datetime -> datetime2(7),datetime,NULL,8.0,23.0,3.0,1.0,datetime2(7),NULL,8.0,27.0,7.0,1.0
dbo,skdworkplanextcap,startdate,DATA_TYPE_CHANGED,DATA_TYPE_CHANGED|PRECISION_INCREASED|SCALE_INCREASED,datetime -> datetime2(7),datetime,NULL,8.0,23.0,3.0,1.0,datetime2(7),NULL,8.0,27.0,7.0,1.0
dbo,slaassetloc,assettype,LENGTH_INCREASED,LENGTH_INCREASED,varchar(15) -> varchar(50),varchar(15),15.0,15.0,0.0,0.0,1.0,varchar(50),50.0,50.0,0.0,0.0,1.0
dbo,slarecords,contactdate,DATA_TYPE_CHANGED,DATA_TYPE_CHANGED|PRECISION_INCREASED|SCALE_INCREASED,datetime -> datetime2(7),datetime,NULL,8.0,23.0,3.0,1.0,datetime2(7),NULL,8.0,27.0,7.0,1.0
dbo,slarecords,pluspdeliverydate,DATA_TYPE_CHANGED,DATA_TYPE_CHANGED|PRECISION_INCREASED|SCALE_INCREASED,datetime -> datetime2(7),datetime,NULL,8.0,23.0,3.0,1.0,datetime2(7),NULL,8.0,27.0,7.0,1.0
dbo,slarecords,resolutiondate,DATA_TYPE_CHANGED,DATA_TYPE_CHANGED|PRECISION_INCREASED|SCALE_INCREASED,datetime -> datetime2(7),datetime,NULL,8.0,23.0,3.0,1.0,datetime2(7),NULL,8.0,27.0,7.0,1.0
dbo,slarecords,responsedate,DATA_TYPE_CHANGED,DATA_TYPE_CHANGED|PRECISION_INCREASED|SCALE_INCREASED,datetime -> datetime2(7),datetime,NULL,8.0,23.0,3.0,1.0,datetime2(7),NULL,8.0,27.0,7.0,1.0
dbo,slroute,slroutedate,DATA_TYPE_CHANGED,DATA_TYPE_CHANGED|PRECISION_INCREASED|SCALE_INCREASED,datetime -> datetime2(7),datetime,NULL,8.0,23.0,3.0,1.0,datetime2(7),NULL,8.0,27.0,7.0,1.0
dbo,sms,personid,LENGTH_INCREASED,LENGTH_INCREASED,varchar(30) -> varchar(100),varchar(30),30.0,30.0,0.0,0.0,0.0,varchar(100),100.0,100.0,0.0,0.0,0.0
dbo,solution,changedate,DATA_TYPE_CHANGED,DATA_TYPE_CHANGED|PRECISION_INCREASED|SCALE_INCREASED,datetime -> datetime2(7),datetime,NULL,8.0,23.0,3.0,0.0,datetime2(7),NULL,8.0,27.0,7.0,0.0
dbo,solution,statusdate,DATA_TYPE_CHANGED,DATA_TYPE_CHANGED|PRECISION_INCREASED|SCALE_INCREASED,datetime -> datetime2(7),datetime,NULL,8.0,23.0,3.0,1.0,datetime2(7),NULL,8.0,27.0,7.0,1.0
dbo,solution,changeby,LENGTH_INCREASED,LENGTH_INCREASED,varchar(30) -> varchar(100),varchar(30),30.0,30.0,0.0,0.0,0.0,varchar(100),100.0,100.0,0.0,0.0,0.0
dbo,solution,classstructureid,LENGTH_INCREASED,LENGTH_INCREASED,varchar(20) -> varchar(25),varchar(20),20.0,20.0,0.0,0.0,1.0,varchar(25),25.0,25.0,0.0,0.0,1.0
dbo,solutionspec,changedate,DATA_TYPE_CHANGED,DATA_TYPE_CHANGED|PRECISION_INCREASED|SCALE_INCREASED,datetime -> datetime2(7),datetime,NULL,8.0,23.0,3.0,1.0,datetime2(7),NULL,8.0,27.0,7.0,1.0
dbo,solutionspec,changeby,LENGTH_INCREASED,LENGTH_INCREASED,varchar(30) -> varchar(100),varchar(30),30.0,30.0,0.0,0.0,1.0,varchar(100),100.0,100.0,0.0,0.0,1.0
dbo,solutionspec,classstructureid,LENGTH_INCREASED,LENGTH_INCREASED,varchar(20) -> varchar(25),varchar(20),20.0,20.0,0.0,0.0,1.0,varchar(25),25.0,25.0,0.0,0.0,1.0
dbo,solutionstatus,changedate,DATA_TYPE_CHANGED,DATA_TYPE_CHANGED|PRECISION_INCREASED|SCALE_INCREASED,datetime -> datetime2(7),datetime,NULL,8.0,23.0,3.0,0.0,datetime2(7),NULL,8.0,27.0,7.0,0.0
dbo,solutionstatus,changeby,LENGTH_INCREASED,LENGTH_INCREASED,varchar(30) -> varchar(100),varchar(30),30.0,30.0,0.0,0.0,0.0,varchar(100),100.0,100.0,0.0,0.0,0.0
dbo,sparepart,plusctpsparepartid,COLUMN_ADDED,COLUMN_ADDED,new bigint,,,,,,,bigint,NULL,8.0,19.0,0.0,1.0
dbo,statemanager,content,DATA_TYPE_CHANGED,DATA_TYPE_CHANGED,text -> varchar(max),text,NULL,16.0,0.0,0.0,0.0,varchar(max),NULL,-1.0,0.0,0.0,0.0
dbo,statemanager,userid,LENGTH_INCREASED,LENGTH_INCREASED,varchar(30) -> varchar(100),varchar(30),30.0,30.0,0.0,0.0,0.0,varchar(100),100.0,100.0,0.0,0.0,0.0
dbo,statemanager,statemanagerid,NOW_NOT_NULL,NOW_NOT_NULL,bigint -> bigint,bigint,NULL,8.0,19.0,0.0,1.0,bigint,NULL,8.0,19.0,0.0,0.0
dbo,tableexttplt,blob1,DATA_TYPE_CHANGED,DATA_TYPE_CHANGED,image -> varbinary(max),image,NULL,16.0,0.0,0.0,1.0,varbinary(max),NULL,-1.0,0.0,0.0,1.0
dbo,tableexttplt,clob1,DATA_TYPE_CHANGED,DATA_TYPE_CHANGED,text -> varchar(max),text,NULL,16.0,0.0,0.0,1.0,varchar(max),NULL,-1.0,0.0,0.0,1.0
dbo,tableexttplt,date1,DATA_TYPE_CHANGED,DATA_TYPE_CHANGED|PRECISION_INCREASED|SCALE_INCREASED,datetime -> datetime2(7),datetime,NULL,8.0,23.0,3.0,1.0,datetime2(7),NULL,8.0,27.0,7.0,1.0
dbo,tableexttplt,date10,DATA_TYPE_CHANGED,DATA_TYPE_CHANGED|PRECISION_INCREASED|SCALE_INCREASED,datetime -> datetime2(7),datetime,NULL,8.0,23.0,3.0,1.0,datetime2(7),NULL,8.0,27.0,7.0,1.0
dbo,tableexttplt,date2,DATA_TYPE_CHANGED,DATA_TYPE_CHANGED|PRECISION_INCREASED|SCALE_INCREASED,datetime -> datetime2(7),datetime,NULL,8.0,23.0,3.0,1.0,datetime2(7),NULL,8.0,27.0,7.0,1.0
dbo,tableexttplt,date3,DATA_TYPE_CHANGED,DATA_TYPE_CHANGED|PRECISION_INCREASED|SCALE_INCREASED,datetime -> datetime2(7),datetime,NULL,8.0,23.0,3.0,1.0,datetime2(7),NULL,8.0,27.0,7.0,1.0
dbo,tableexttplt,date4,DATA_TYPE_CHANGED,DATA_TYPE_CHANGED|PRECISION_INCREASED|SCALE_INCREASED,datetime -> datetime2(7),datetime,NULL,8.0,23.0,3.0,1.0,datetime2(7),NULL,8.0,27.0,7.0,1.0
dbo,tableexttplt,date5,DATA_TYPE_CHANGED,DATA_TYPE_CHANGED|PRECISION_INCREASED|SCALE_INCREASED,datetime -> datetime2(7),datetime,NULL,8.0,23.0,3.0,1.0,datetime2(7),NULL,8.0,27.0,7.0,1.0
dbo,tableexttplt,date6,DATA_TYPE_CHANGED,DATA_TYPE_CHANGED|PRECISION_INCREASED|SCALE_INCREASED,datetime -> datetime2(7),datetime,NULL,8.0,23.0,3.0,1.0,datetime2(7),NULL,8.0,27.0,7.0,1.0
dbo,tableexttplt,date7,DATA_TYPE_CHANGED,DATA_TYPE_CHANGED|PRECISION_INCREASED|SCALE_INCREASED,datetime -> datetime2(7),datetime,NULL,8.0,23.0,3.0,1.0,datetime2(7),NULL,8.0,27.0,7.0,1.0
dbo,tableexttplt,date8,DATA_TYPE_CHANGED,DATA_TYPE_CHANGED|PRECISION_INCREASED|SCALE_INCREASED,datetime -> datetime2(7),datetime,NULL,8.0,23.0,3.0,1.0,datetime2(7),NULL,8.0,27.0,7.0,1.0
dbo,tableexttplt,date9,DATA_TYPE_CHANGED,DATA_TYPE_CHANGED|PRECISION_INCREASED|SCALE_INCREASED,datetime -> datetime2(7),datetime,NULL,8.0,23.0,3.0,1.0,datetime2(7),NULL,8.0,27.0,7.0,1.0
dbo,taglock,tl07,DATA_TYPE_CHANGED,DATA_TYPE_CHANGED|PRECISION_INCREASED|SCALE_INCREASED,datetime -> datetime2(7),datetime,NULL,8.0,23.0,3.0,1.0,datetime2(7),NULL,8.0,27.0,7.0,1.0
dbo,tagout,tag06,DATA_TYPE_CHANGED,DATA_TYPE_CHANGED|PRECISION_INCREASED|SCALE_INCREASED,datetime -> datetime2(7),datetime,NULL,8.0,23.0,3.0,1.0,datetime2(7),NULL,8.0,27.0,7.0,1.0
dbo,tamitdpahwm,changedate,DATA_TYPE_CHANGED,DATA_TYPE_CHANGED|PRECISION_INCREASED|SCALE_INCREASED,datetime -> datetime2(7),datetime,NULL,8.0,23.0,3.0,1.0,datetime2(7),NULL,8.0,27.0,7.0,1.0
dbo,tamitdpahwm,createdate,DATA_TYPE_CHANGED,DATA_TYPE_CHANGED|PRECISION_INCREASED|SCALE_INCREASED,datetime -> datetime2(7),datetime,NULL,8.0,23.0,3.0,1.0,datetime2(7),NULL,8.0,27.0,7.0,1.0
dbo,tamitdpahwm,enddate,DATA_TYPE_CHANGED,DATA_TYPE_CHANGED|PRECISION_INCREASED|SCALE_INCREASED,datetime -> datetime2(7),datetime,NULL,8.0,23.0,3.0,1.0,datetime2(7),NULL,8.0,27.0,7.0,1.0
dbo,tamitdpahwm,sigdate,DATA_TYPE_CHANGED,DATA_TYPE_CHANGED|PRECISION_INCREASED|SCALE_INCREASED,datetime -> datetime2(7),datetime,NULL,8.0,23.0,3.0,1.0,datetime2(7),NULL,8.0,27.0,7.0,1.0
dbo,tamitdpahwm,startdate,DATA_TYPE_CHANGED,DATA_TYPE_CHANGED|PRECISION_INCREASED|SCALE_INCREASED,datetime -> datetime2(7),datetime,NULL,8.0,23.0,3.0,1.0,datetime2(7),NULL,8.0,27.0,7.0,1.0
dbo,tamitdpahwm,changeby,LENGTH_INCREASED,LENGTH_INCREASED,varchar(30) -> varchar(100),varchar(30),30.0,30.0,0.0,0.0,1.0,varchar(100),100.0,100.0,0.0,0.0,1.0
dbo,tamitswprtnum,deletedate,DATA_TYPE_CHANGED,DATA_TYPE_CHANGED|PRECISION_INCREASED|SCALE_INCREASED,datetime -> datetime2(7),datetime,NULL,8.0,23.0,3.0,1.0,datetime2(7),NULL,8.0,27.0,7.0,1.0
dbo,taskscheduler,lastend,DATA_TYPE_CHANGED,DATA_TYPE_CHANGED|PRECISION_INCREASED|SCALE_INCREASED,datetime -> datetime2(7),datetime,NULL,8.0,23.0,3.0,1.0,datetime2(7),NULL,8.0,27.0,7.0,1.0
dbo,taskscheduler,lastrun,DATA_TYPE_CHANGED,DATA_TYPE_CHANGED|PRECISION_INCREASED|SCALE_INCREASED,datetime -> datetime2(7),datetime,NULL,8.0,23.0,3.0,1.0,datetime2(7),NULL,8.0,27.0,7.0,1.0
dbo,taskscheduler,servertimestamp,DATA_TYPE_CHANGED,DATA_TYPE_CHANGED|PRECISION_INCREASED|SCALE_INCREASED,datetime -> datetime2(7),datetime,NULL,8.0,23.0,3.0,0.0,datetime2(7),NULL,8.0,27.0,7.0,0.0
dbo,tax,changedate,DATA_TYPE_CHANGED,DATA_TYPE_CHANGED|PRECISION_INCREASED|SCALE_INCREASED,datetime -> datetime2(7),datetime,NULL,8.0,23.0,3.0,0.0,datetime2(7),NULL,8.0,27.0,7.0,0.0
dbo,tax,effective,DATA_TYPE_CHANGED,DATA_TYPE_CHANGED|PRECISION_INCREASED|SCALE_INCREASED,datetime -> datetime2(7),datetime,NULL,8.0,23.0,3.0,0.0,datetime2(7),NULL,8.0,27.0,7.0,0.0
dbo,tax,changeby,LENGTH_INCREASED,LENGTH_INCREASED,varchar(30) -> varchar(100),varchar(30),30.0,30.0,0.0,0.0,0.0,varchar(100),100.0,100.0,0.0,0.0,0.0
dbo,taxtype,changedate,DATA_TYPE_CHANGED,DATA_TYPE_CHANGED|PRECISION_INCREASED|SCALE_INCREASED,datetime -> datetime2(7),datetime,NULL,8.0,23.0,3.0,0.0,datetime2(7),NULL,8.0,27.0,7.0,0.0
dbo,taxtype,changeby,LENGTH_INCREASED,LENGTH_INCREASED,varchar(30) -> varchar(100),varchar(30),30.0,30.0,0.0,0.0,0.0,varchar(100),100.0,100.0,0.0,0.0,0.0
dbo,templatestatus,changedate,DATA_TYPE_CHANGED,DATA_TYPE_CHANGED|PRECISION_INCREASED|SCALE_INCREASED,datetime -> datetime2(7),datetime,NULL,8.0,23.0,3.0,1.0,datetime2(7),NULL,8.0,27.0,7.0,1.0
dbo,templatestatus,changeby,LENGTH_INCREASED,LENGTH_INCREASED,varchar(30) -> varchar(100),varchar(30),30.0,30.0,0.0,0.0,1.0,varchar(100),100.0,100.0,0.0,0.0,1.0
dbo,ticket,hassafetyhazard,COLUMN_ADDED,COLUMN_ADDED,new smallint,,,,,,,smallint,NULL,2.0,5.0,0.0,0.0
dbo,ticket,measurementid,COLUMN_ADDED,COLUMN_ADDED,new bigint,,,,,,,bigint,NULL,8.0,19.0,0.0,1.0
dbo,ticket,origfromalert,COLUMN_ADDED,COLUMN_ADDED,new smallint,,,,,,,smallint,NULL,2.0,5.0,0.0,0.0
dbo,ticket,tagname,COLUMN_ADDED,COLUMN_ADDED,new varchar(100),,,,,,,varchar(100),100.0,100.0,0.0,0.0,1.0
dbo,ticket,geometry,COLUMN_DROPPED,COLUMN_DROPPED,was image,image,NULL,16.0,0.0,0.0,1.0,,,,,,
dbo,ticket,plussgeojson,COLUMN_DROPPED,COLUMN_DROPPED,was text,text,NULL,16.0,0.0,0.0,1.0,,,,,,
dbo,ticket,actualcontactdate,DATA_TYPE_CHANGED,DATA_TYPE_CHANGED|PRECISION_INCREASED|SCALE_INCREASED,datetime -> datetime2(7),datetime,NULL,8.0,23.0,3.0,1.0,datetime2(7),NULL,8.0,27.0,7.0,1.0
dbo,ticket,actualfinish,DATA_TYPE_CHANGED,DATA_TYPE_CHANGED|PRECISION_INCREASED|SCALE_INCREASED,datetime -> datetime2(7),datetime,NULL,8.0,23.0,3.0,1.0,datetime2(7),NULL,8.0,27.0,7.0,1.0
dbo,ticket,actualstart,DATA_TYPE_CHANGED,DATA_TYPE_CHANGED|PRECISION_INCREASED|SCALE_INCREASED,datetime -> datetime2(7),datetime,NULL,8.0,23.0,3.0,1.0,datetime2(7),NULL,8.0,27.0,7.0,1.0
dbo,ticket,affecteddate,DATA_TYPE_CHANGED,DATA_TYPE_CHANGED|PRECISION_INCREASED|SCALE_INCREASED,datetime -> datetime2(7),datetime,NULL,8.0,23.0,3.0,1.0,datetime2(7),NULL,8.0,27.0,7.0,1.0
dbo,ticket,changedate,DATA_TYPE_CHANGED,DATA_TYPE_CHANGED|PRECISION_INCREASED|SCALE_INCREASED,datetime -> datetime2(7),datetime,NULL,8.0,23.0,3.0,0.0,datetime2(7),NULL,8.0,27.0,7.0,0.0
dbo,ticket,isknownerrordate,DATA_TYPE_CHANGED,DATA_TYPE_CHANGED|PRECISION_INCREASED|SCALE_INCREASED,datetime -> datetime2(7),datetime,NULL,8.0,23.0,3.0,1.0,datetime2(7),NULL,8.0,27.0,7.0,1.0
dbo,ticket,pluspactdeliverydate,DATA_TYPE_CHANGED,DATA_TYPE_CHANGED|PRECISION_INCREASED|SCALE_INCREASED,datetime -> datetime2(7),datetime,NULL,8.0,23.0,3.0,1.0,datetime2(7),NULL,8.0,27.0,7.0,1.0
dbo,ticket,plusprepairdate,DATA_TYPE_CHANGED,DATA_TYPE_CHANGED|PRECISION_INCREASED|SCALE_INCREASED,datetime -> datetime2(7),datetime,NULL,8.0,23.0,3.0,1.0,datetime2(7),NULL,8.0,27.0,7.0,1.0
dbo,ticket,plusptargdeliverydate,DATA_TYPE_CHANGED,DATA_TYPE_CHANGED|PRECISION_INCREASED|SCALE_INCREASED,datetime -> datetime2(7),datetime,NULL,8.0,23.0,3.0,1.0,datetime2(7),NULL,8.0,27.0,7.0,1.0
dbo,ticket,reportdate,DATA_TYPE_CHANGED,DATA_TYPE_CHANGED|PRECISION_INCREASED|SCALE_INCREASED,datetime -> datetime2(7),datetime,NULL,8.0,23.0,3.0,1.0,datetime2(7),NULL,8.0,27.0,7.0,1.0
dbo,ticket,statusdate,DATA_TYPE_CHANGED,DATA_TYPE_CHANGED|PRECISION_INCREASED|SCALE_INCREASED,datetime -> datetime2(7),datetime,NULL,8.0,23.0,3.0,0.0,datetime2(7),NULL,8.0,27.0,7.0,0.0
dbo,ticket,targetcontactdate,DATA_TYPE_CHANGED,DATA_TYPE_CHANGED|PRECISION_INCREASED|SCALE_INCREASED,datetime -> datetime2(7),datetime,NULL,8.0,23.0,3.0,1.0,datetime2(7),NULL,8.0,27.0,7.0,1.0
dbo,ticket,targetfinish,DATA_TYPE_CHANGED,DATA_TYPE_CHANGED|PRECISION_INCREASED|SCALE_INCREASED,datetime -> datetime2(7),datetime,NULL,8.0,23.0,3.0,1.0,datetime2(7),NULL,8.0,27.0,7.0,1.0
dbo,ticket,targetstart,DATA_TYPE_CHANGED,DATA_TYPE_CHANGED|PRECISION_INCREASED|SCALE_INCREASED,datetime -> datetime2(7),datetime,NULL,8.0,23.0,3.0,1.0,datetime2(7),NULL,8.0,27.0,7.0,1.0
dbo,ticket,affectedperson,LENGTH_INCREASED,LENGTH_INCREASED,varchar(62) -> varchar(82),varchar(62),62.0,62.0,0.0,0.0,1.0,varchar(82),82.0,82.0,0.0,0.0,1.0
dbo,ticket,changeby,LENGTH_INCREASED,LENGTH_INCREASED,varchar(30) -> varchar(100),varchar(30),30.0,30.0,0.0,0.0,0.0,varchar(100),100.0,100.0,0.0,0.0,0.0
dbo,ticket,classstructureid,LENGTH_INCREASED,LENGTH_INCREASED,varchar(20) -> varchar(25),varchar(20),20.0,20.0,0.0,0.0,1.0,varchar(25),25.0,25.0,0.0,0.0,1.0
dbo,ticket,owner,LENGTH_INCREASED,LENGTH_INCREASED,varchar(30) -> varchar(100),varchar(30),30.0,30.0,0.0,0.0,1.0,varchar(100),100.0,100.0,0.0,0.0,1.0
dbo,ticket,reportedby,LENGTH_INCREASED,LENGTH_INCREASED,varchar(62) -> varchar(82),varchar(62),62.0,62.0,0.0,0.0,1.0,varchar(82),82.0,82.0,0.0,0.0,1.0
dbo,ticket,supervisor,LENGTH_INCREASED,LENGTH_INCREASED,varchar(30) -> varchar(100),varchar(30),30.0,30.0,0.0,0.0,1.0,varchar(100),100.0,100.0,0.0,0.0,1.0
dbo,ticketspec,anywhererefid,COLUMN_ADDED,COLUMN_ADDED,new bigint,,,,,,,bigint,NULL,8.0,19.0,0.0,1.0
dbo,ticketspec,changedate,DATA_TYPE_CHANGED,DATA_TYPE_CHANGED|PRECISION_INCREASED|SCALE_INCREASED,datetime -> datetime2(7),datetime,NULL,8.0,23.0,3.0,0.0,datetime2(7),NULL,8.0,27.0,7.0,0.0
dbo,ticketspec,datevalue,DATA_TYPE_CHANGED,DATA_TYPE_CHANGED|PRECISION_INCREASED|SCALE_INCREASED,datetime -> datetime2(7),datetime,NULL,8.0,23.0,3.0,1.0,datetime2(7),NULL,8.0,27.0,7.0,1.0
dbo,ticketspec,changeby,LENGTH_INCREASED,LENGTH_INCREASED,varchar(30) -> varchar(100),varchar(30),30.0,30.0,0.0,0.0,0.0,varchar(100),100.0,100.0,0.0,0.0,0.0
dbo,ticketspec,classstructureid,LENGTH_INCREASED,LENGTH_INCREASED,varchar(20) -> varchar(25),varchar(20),20.0,20.0,0.0,0.0,0.0,varchar(25),25.0,25.0,0.0,0.0,0.0
dbo,timezonerule,changedate,DATA_TYPE_CHANGED,DATA_TYPE_CHANGED|PRECISION_INCREASED|SCALE_INCREASED,datetime -> datetime2(7),datetime,NULL,8.0,23.0,3.0,0.0,datetime2(7),NULL,8.0,27.0,7.0,0.0
dbo,timezonerule,changeby,LENGTH_INCREASED,LENGTH_INCREASED,varchar(30) -> varchar(100),varchar(30),30.0,30.0,0.0,0.0,1.0,varchar(100),100.0,100.0,0.0,0.0,1.0
dbo,tkownerhistory,owndate,DATA_TYPE_CHANGED,DATA_TYPE_CHANGED|PRECISION_INCREASED|SCALE_INCREASED,datetime -> datetime2(7),datetime,NULL,8.0,23.0,3.0,1.0,datetime2(7),NULL,8.0,27.0,7.0,1.0
dbo,tkownerhistory,owner,LENGTH_INCREASED,LENGTH_INCREASED,varchar(30) -> varchar(100),varchar(30),30.0,30.0,0.0,0.0,1.0,varchar(100),100.0,100.0,0.0,0.0,1.0
dbo,tkownerhistory,ownerchangeby,LENGTH_INCREASED,LENGTH_INCREASED,varchar(30) -> varchar(100),varchar(30),30.0,30.0,0.0,0.0,1.0,varchar(100),100.0,100.0,0.0,0.0,1.0
dbo,tkserviceaddress,geometry,COLUMN_DROPPED,COLUMN_DROPPED,was image,image,NULL,16.0,0.0,0.0,1.0,,,,,,
dbo,tkserviceaddress,saddresscode,LENGTH_INCREASED,LENGTH_INCREASED,varchar(12) -> varchar(25),varchar(12),12.0,12.0,0.0,0.0,1.0,varchar(25),25.0,25.0,0.0,0.0,1.0
dbo,tkstatus,changedate,DATA_TYPE_CHANGED,DATA_TYPE_CHANGED|PRECISION_INCREASED|SCALE_INCREASED,datetime -> datetime2(7),datetime,NULL,8.0,23.0,3.0,0.0,datetime2(7),NULL,8.0,27.0,7.0,0.0
dbo,tkstatus,changeby,LENGTH_INCREASED,LENGTH_INCREASED,varchar(30) -> varchar(100),varchar(30),30.0,30.0,0.0,0.0,0.0,varchar(100),100.0,100.0,0.0,0.0,0.0
dbo,tktemplate,statusdate,DATA_TYPE_CHANGED,DATA_TYPE_CHANGED|PRECISION_INCREASED|SCALE_INCREASED,datetime -> datetime2(7),datetime,NULL,8.0,23.0,3.0,1.0,datetime2(7),NULL,8.0,27.0,7.0,1.0
dbo,tktemplate,classstructureid,LENGTH_INCREASED,LENGTH_INCREASED,varchar(20) -> varchar(25),varchar(20),20.0,20.0,0.0,0.0,1.0,varchar(25),25.0,25.0,0.0,0.0,1.0
dbo,tktemplate,owner,LENGTH_INCREASED,LENGTH_INCREASED,varchar(30) -> varchar(100),varchar(30),30.0,30.0,0.0,0.0,1.0,varchar(100),100.0,100.0,0.0,0.0,1.0
dbo,tktemplatespec,changedate,DATA_TYPE_CHANGED,DATA_TYPE_CHANGED|PRECISION_INCREASED|SCALE_INCREASED,datetime -> datetime2(7),datetime,NULL,8.0,23.0,3.0,1.0,datetime2(7),NULL,8.0,27.0,7.0,1.0
dbo,tktemplatespec,datevalue,DATA_TYPE_CHANGED,DATA_TYPE_CHANGED|PRECISION_INCREASED|SCALE_INCREASED,datetime -> datetime2(7),datetime,NULL,8.0,23.0,3.0,1.0,datetime2(7),NULL,8.0,27.0,7.0,1.0
dbo,tktemplatespec,changeby,LENGTH_INCREASED,LENGTH_INCREASED,varchar(30) -> varchar(100),varchar(30),30.0,30.0,0.0,0.0,1.0,varchar(100),100.0,100.0,0.0,0.0,1.0
dbo,tktemplatespec,classstructureid,LENGTH_INCREASED,LENGTH_INCREASED,varchar(20) -> varchar(25),varchar(20),20.0,20.0,0.0,0.0,1.0,varchar(25),25.0,25.0,0.0,0.0,1.0
dbo,tktempltactivity,classstructureid,LENGTH_INCREASED,LENGTH_INCREASED,varchar(20) -> varchar(25),varchar(20),20.0,20.0,0.0,0.0,1.0,varchar(25),25.0,25.0,0.0,0.0,1.0
dbo,tktempltactivity,owner,LENGTH_INCREASED,LENGTH_INCREASED,varchar(30) -> varchar(100),varchar(30),30.0,30.0,0.0,0.0,1.0,varchar(100),100.0,100.0,0.0,0.0,1.0
dbo,tktempltactyspec,changedate,DATA_TYPE_CHANGED,DATA_TYPE_CHANGED|PRECISION_INCREASED|SCALE_INCREASED,datetime -> datetime2(7),datetime,NULL,8.0,23.0,3.0,1.0,datetime2(7),NULL,8.0,27.0,7.0,1.0
dbo,tktempltactyspec,datevalue,DATA_TYPE_CHANGED,DATA_TYPE_CHANGED|PRECISION_INCREASED|SCALE_INCREASED,datetime -> datetime2(7),datetime,NULL,8.0,23.0,3.0,1.0,datetime2(7),NULL,8.0,27.0,7.0,1.0
dbo,tktempltactyspec,changeby,LENGTH_INCREASED,LENGTH_INCREASED,varchar(30) -> varchar(100),varchar(30),30.0,30.0,0.0,0.0,1.0,varchar(100),100.0,100.0,0.0,0.0,1.0
dbo,tktempltactyspec,classstructureid,LENGTH_INCREASED,LENGTH_INCREASED,varchar(20) -> varchar(25),varchar(20),20.0,20.0,0.0,0.0,1.0,varchar(25),25.0,25.0,0.0,0.0,1.0
dbo,tloamdpahwm,enddate,DATA_TYPE_CHANGED,DATA_TYPE_CHANGED|PRECISION_INCREASED|SCALE_INCREASED,datetime -> datetime2(7),datetime,NULL,8.0,23.0,3.0,0.0,datetime2(7),NULL,8.0,27.0,7.0,0.0
dbo,tloamdpahwm,lastmodified,DATA_TYPE_CHANGED,DATA_TYPE_CHANGED|PRECISION_INCREASED|SCALE_INCREASED,datetime -> datetime2(7),datetime,NULL,8.0,23.0,3.0,1.0,datetime2(7),NULL,8.0,27.0,7.0,1.0
dbo,tloamdpahwm,sigdate,DATA_TYPE_CHANGED,DATA_TYPE_CHANGED|PRECISION_INCREASED|SCALE_INCREASED,datetime -> datetime2(7),datetime,NULL,8.0,23.0,3.0,1.0,datetime2(7),NULL,8.0,27.0,7.0,1.0
dbo,tloamdpahwm,startdate,DATA_TYPE_CHANGED,DATA_TYPE_CHANGED|PRECISION_INCREASED|SCALE_INCREASED,datetime -> datetime2(7),datetime,NULL,8.0,23.0,3.0,0.0,datetime2(7),NULL,8.0,27.0,7.0,0.0
dbo,tloamfsnrunstatus,endtime,DATA_TYPE_CHANGED,DATA_TYPE_CHANGED|PRECISION_INCREASED|SCALE_INCREASED,datetime -> datetime2(7),datetime,NULL,8.0,23.0,3.0,1.0,datetime2(7),NULL,8.0,27.0,7.0,1.0
dbo,tloamfsnrunstatus,starttime,DATA_TYPE_CHANGED,DATA_TYPE_CHANGED|PRECISION_INCREASED|SCALE_INCREASED,datetime -> datetime2(7),datetime,NULL,8.0,23.0,3.0,1.0,datetime2(7),NULL,8.0,27.0,7.0,1.0
dbo,tloamprmdflt,classstructureid,LENGTH_INCREASED,LENGTH_INCREASED,varchar(20) -> varchar(25),varchar(20),20.0,20.0,0.0,0.0,1.0,varchar(25),25.0,25.0,0.0,0.0,1.0
dbo,tloamsoftware,deletedate,DATA_TYPE_CHANGED,DATA_TYPE_CHANGED|PRECISION_INCREASED|SCALE_INCREASED,datetime -> datetime2(7),datetime,NULL,8.0,23.0,3.0,1.0,datetime2(7),NULL,8.0,27.0,7.0,1.0
dbo,tloamswcatalog,createddate,DATA_TYPE_CHANGED,DATA_TYPE_CHANGED|PRECISION_INCREASED|SCALE_INCREASED,datetime -> datetime2(7),datetime,NULL,8.0,23.0,3.0,1.0,datetime2(7),NULL,8.0,27.0,7.0,1.0
dbo,tloamswcatalog,lastmodification,DATA_TYPE_CHANGED,DATA_TYPE_CHANGED|PRECISION_INCREASED|SCALE_INCREASED,datetime -> datetime2(7),datetime,NULL,8.0,23.0,3.0,1.0,datetime2(7),NULL,8.0,27.0,7.0,1.0
dbo,tloamswrel,deletedate,DATA_TYPE_CHANGED,DATA_TYPE_CHANGED|PRECISION_INCREASED|SCALE_INCREASED,datetime -> datetime2(7),datetime,NULL,8.0,23.0,3.0,1.0,datetime2(7),NULL,8.0,27.0,7.0,1.0
dbo,tokenlicense,createdate,DATA_TYPE_CHANGED,DATA_TYPE_CHANGED|PRECISION_INCREASED|SCALE_INCREASED,datetime -> datetime2(7),datetime,NULL,8.0,23.0,3.0,1.0,datetime2(7),NULL,8.0,27.0,7.0,1.0
dbo,tokenlicense,statusdate,DATA_TYPE_CHANGED,DATA_TYPE_CHANGED|PRECISION_INCREASED|SCALE_INCREASED,datetime -> datetime2(7),datetime,NULL,8.0,23.0,3.0,1.0,datetime2(7),NULL,8.0,27.0,7.0,1.0
dbo,tokenlicense,updatedate,DATA_TYPE_CHANGED,DATA_TYPE_CHANGED|PRECISION_INCREASED|SCALE_INCREASED,datetime -> datetime2(7),datetime,NULL,8.0,23.0,3.0,1.0,datetime2(7),NULL,8.0,27.0,7.0,1.0
dbo,tokenlicsigopts,maxprodid,LENGTH_INCREASED,LENGTH_INCREASED,varchar(15) -> varchar(30),varchar(15),15.0,15.0,0.0,0.0,1.0,varchar(30),30.0,30.0,0.0,0.0,1.0
dbo,tokenlicstatus,changedate,DATA_TYPE_CHANGED,DATA_TYPE_CHANGED|PRECISION_INCREASED|SCALE_INCREASED,datetime -> datetime2(7),datetime,NULL,8.0,23.0,3.0,1.0,datetime2(7),NULL,8.0,27.0,7.0,1.0
dbo,tokenlictypestatus,maxprodid,LENGTH_INCREASED,LENGTH_INCREASED,varchar(15) -> varchar(30),varchar(15),15.0,15.0,0.0,0.0,0.0,varchar(30),30.0,30.0,0.0,0.0,0.0
dbo,tokenlicusers,updatedate,DATA_TYPE_CHANGED,DATA_TYPE_CHANGED|PRECISION_INCREASED|SCALE_INCREASED,datetime -> datetime2(7),datetime,NULL,8.0,23.0,3.0,1.0,datetime2(7),NULL,8.0,27.0,7.0,1.0
dbo,tokenlicusers,maxprodid,LENGTH_INCREASED,LENGTH_INCREASED,varchar(15) -> varchar(30),varchar(15),15.0,15.0,0.0,0.0,1.0,varchar(30),30.0,30.0,0.0,0.0,1.0
dbo,tokenlicusers,userid,LENGTH_INCREASED,LENGTH_INCREASED,varchar(30) -> varchar(100),varchar(30),30.0,30.0,0.0,0.0,1.0,varchar(100),100.0,100.0,0.0,0.0,1.0
dbo,tooltrans,enterdate,DATA_TYPE_CHANGED,DATA_TYPE_CHANGED|PRECISION_INCREASED|SCALE_INCREASED,datetime -> datetime2(7),datetime,NULL,8.0,23.0,3.0,0.0,datetime2(7),NULL,8.0,27.0,7.0,0.0
dbo,tooltrans,pluscduedate,DATA_TYPE_CHANGED,DATA_TYPE_CHANGED|PRECISION_INCREASED|SCALE_INCREASED,datetime -> datetime2(7),datetime,NULL,8.0,23.0,3.0,1.0,datetime2(7),NULL,8.0,27.0,7.0,1.0
dbo,tooltrans,pluscexpirydate,DATA_TYPE_CHANGED,DATA_TYPE_CHANGED|PRECISION_INCREASED|SCALE_INCREASED,datetime -> datetime2(7),datetime,NULL,8.0,23.0,3.0,1.0,datetime2(7),NULL,8.0,27.0,7.0,1.0
dbo,tooltrans,plusctoolusedate,DATA_TYPE_CHANGED,DATA_TYPE_CHANGED|PRECISION_INCREASED|SCALE_INCREASED,datetime -> datetime2(7),datetime,NULL,8.0,23.0,3.0,1.0,datetime2(7),NULL,8.0,27.0,7.0,1.0
dbo,tooltrans,pluspcustcurdate,DATA_TYPE_CHANGED,DATA_TYPE_CHANGED|PRECISION_INCREASED|SCALE_INCREASED,datetime -> datetime2(7),datetime,NULL,8.0,23.0,3.0,1.0,datetime2(7),NULL,8.0,27.0,7.0,1.0
dbo,tooltrans,transdate,DATA_TYPE_CHANGED,DATA_TYPE_CHANGED|PRECISION_INCREASED|SCALE_INCREASED,datetime -> datetime2(7),datetime,NULL,8.0,23.0,3.0,0.0,datetime2(7),NULL,8.0,27.0,7.0,0.0
dbo,tooltrans,enterby,LENGTH_INCREASED,LENGTH_INCREASED,varchar(30) -> varchar(100),varchar(30),30.0,30.0,0.0,0.0,0.0,varchar(100),100.0,100.0,0.0,0.0,0.0
dbo,tooltrans,plusctechnician,LENGTH_INCREASED,LENGTH_INCREASED,varchar(30) -> varchar(100),varchar(30),30.0,30.0,0.0,0.0,1.0,varchar(100),100.0,100.0,0.0,0.0,1.0
dbo,tooltrans,refwo,LENGTH_INCREASED,LENGTH_INCREASED,varchar(10) -> varchar(25),varchar(10),10.0,10.0,0.0,0.0,1.0,varchar(25),25.0,25.0,0.0,0.0,1.0
dbo,userdevice,changedate,DATA_TYPE_CHANGED,DATA_TYPE_CHANGED|PRECISION_INCREASED|SCALE_INCREASED,datetime -> datetime2(7),datetime,NULL,8.0,23.0,3.0,1.0,datetime2(7),NULL,8.0,27.0,7.0,1.0
dbo,userdevice,username,LENGTH_INCREASED,LENGTH_INCREASED,varchar(30) -> varchar(100),varchar(30),30.0,30.0,0.0,0.0,0.0,varchar(100),100.0,100.0,0.0,0.0,0.0
dbo,usernotificationpoint,username,LENGTH_INCREASED,LENGTH_INCREASED,varchar(30) -> varchar(100),varchar(30),30.0,30.0,0.0,0.0,0.0,varchar(100),100.0,100.0,0.0,0.0,0.0
dbo,userpref,userid,LENGTH_INCREASED,LENGTH_INCREASED,varchar(30) -> varchar(100),varchar(30),30.0,30.0,0.0,0.0,0.0,varchar(100),100.0,100.0,0.0,0.0,0.0
dbo,userpurgl,userid,LENGTH_INCREASED,LENGTH_INCREASED,varchar(30) -> varchar(100),varchar(30),30.0,30.0,0.0,0.0,0.0,varchar(100),100.0,100.0,0.0,0.0,0.0
dbo,userquery,lastcalculateddate,DATA_TYPE_CHANGED,DATA_TYPE_CHANGED|PRECISION_INCREASED|SCALE_INCREASED,datetime -> datetime2(7),datetime,NULL,8.0,23.0,3.0,1.0,datetime2(7),NULL,8.0,27.0,7.0,1.0
dbo,userquery,owner,LENGTH_INCREASED,LENGTH_INCREASED,varchar(30) -> varchar(100),varchar(30),30.0,30.0,0.0,0.0,0.0,varchar(100),100.0,100.0,0.0,0.0,0.0
dbo,userquery,userid,LENGTH_INCREASED,LENGTH_INCREASED,varchar(30) -> varchar(100),varchar(30),30.0,30.0,0.0,0.0,0.0,varchar(100),100.0,100.0,0.0,0.0,0.0
dbo,usertourtracker,userid,LENGTH_INCREASED,LENGTH_INCREASED,varchar(30) -> varchar(100),varchar(30),30.0,30.0,0.0,0.0,0.0,varchar(100),100.0,100.0,0.0,0.0,0.0
dbo,vendorstatus,statusdate,DATA_TYPE_CHANGED,DATA_TYPE_CHANGED|PRECISION_INCREASED|SCALE_INCREASED,datetime -> datetime2(7),datetime,NULL,8.0,23.0,3.0,0.0,datetime2(7),NULL,8.0,27.0,7.0,0.0
dbo,viewmanager,createdate,COLUMN_ADDED,COLUMN_ADDED,new datetime2(7),,,,,,,datetime2(7),NULL,8.0,27.0,7.0,1.0
dbo,viewmanager,description,COLUMN_ADDED,COLUMN_ADDED,new varchar(200),,,,,,,varchar(200),200.0,200.0,0.0,0.0,1.0
dbo,viewmanager,parent,COLUMN_ADDED,COLUMN_ADDED,new varchar(25),,,,,,,varchar(25),25.0,25.0,0.0,0.0,1.0
dbo,viewmanager,viewtype,COLUMN_ADDED,COLUMN_ADDED,new varchar(10),,,,,,,varchar(10),10.0,10.0,0.0,0.0,0.0
dbo,viewmanager,content,DATA_TYPE_CHANGED,DATA_TYPE_CHANGED,text -> varchar(max),text,NULL,16.0,0.0,0.0,0.0,varchar(max),NULL,-1.0,0.0,0.0,0.0
dbo,viewmanager,userid,LENGTH_INCREASED,LENGTH_INCREASED,varchar(30) -> varchar(100),varchar(30),30.0,30.0,0.0,0.0,0.0,varchar(100),100.0,100.0,0.0,0.0,0.0
dbo,viewmanager,viewmanagerid,NOW_NOT_NULL,NOW_NOT_NULL,bigint -> bigint,bigint,NULL,8.0,19.0,0.0,1.0,bigint,NULL,8.0,19.0,0.0,0.0
dbo,warrantyasset,assettype,LENGTH_INCREASED,LENGTH_INCREASED,varchar(25) -> varchar(50),varchar(25),25.0,25.0,0.0,0.0,1.0,varchar(50),50.0,50.0,0.0,0.0,1.0
dbo,watsonvrimg,enterdate,DATA_TYPE_CHANGED,DATA_TYPE_CHANGED|PRECISION_INCREASED|SCALE_INCREASED,datetime -> datetime2(7),datetime,NULL,8.0,23.0,3.0,1.0,datetime2(7),NULL,8.0,27.0,7.0,1.0
dbo,watsonvrimg,image,DATA_TYPE_CHANGED,DATA_TYPE_CHANGED,image -> varbinary(max),image,NULL,16.0,0.0,0.0,1.0,varbinary(max),NULL,-1.0,0.0,0.0,1.0
dbo,weatheralertimpact,timestamp,DATA_TYPE_CHANGED,DATA_TYPE_CHANGED|PRECISION_INCREASED|SCALE_INCREASED,datetime -> datetime2(7),datetime,NULL,8.0,23.0,3.0,1.0,datetime2(7),NULL,8.0,27.0,7.0,1.0
dbo,weatherassetsub,ownerid,LENGTH_INCREASED,LENGTH_INCREASED,varchar(30) -> varchar(100),varchar(30),30.0,30.0,0.0,0.0,1.0,varchar(100),100.0,100.0,0.0,0.0,1.0
dbo,weathercfg,createdate,DATA_TYPE_CHANGED,DATA_TYPE_CHANGED|PRECISION_INCREASED|SCALE_INCREASED,datetime -> datetime2(7),datetime,NULL,8.0,23.0,3.0,0.0,datetime2(7),NULL,8.0,27.0,7.0,0.0
dbo,weathercfg,createby,LENGTH_INCREASED,LENGTH_INCREASED,varchar(30) -> varchar(100),varchar(30),30.0,30.0,0.0,0.0,1.0,varchar(100),100.0,100.0,0.0,0.0,1.0
dbo,weatherendpoint,username,LENGTH_INCREASED,LENGTH_INCREASED,varchar(50) -> varchar(100),varchar(50),50.0,50.0,0.0,0.0,1.0,varchar(100),100.0,100.0,0.0,0.0,1.0
dbo,weatherusage,lastcalldate,DATA_TYPE_CHANGED,DATA_TYPE_CHANGED|PRECISION_INCREASED|SCALE_INCREASED,datetime -> datetime2(7),datetime,NULL,8.0,23.0,3.0,1.0,datetime2(7),NULL,8.0,27.0,7.0,1.0
dbo,wfactivation,createdate,DATA_TYPE_CHANGED,DATA_TYPE_CHANGED|PRECISION_INCREASED|SCALE_INCREASED,datetime -> datetime2(7),datetime,NULL,8.0,23.0,3.0,1.0,datetime2(7),NULL,8.0,27.0,7.0,1.0
dbo,wfactivation,createby,LENGTH_INCREASED,LENGTH_INCREASED,varchar(30) -> varchar(100),varchar(30),30.0,30.0,0.0,0.0,1.0,varchar(100),100.0,100.0,0.0,0.0,1.0
dbo,wfassignment,duedate,DATA_TYPE_CHANGED,DATA_TYPE_CHANGED|PRECISION_INCREASED|SCALE_INCREASED,datetime -> datetime2(7),datetime,NULL,8.0,23.0,3.0,1.0,datetime2(7),NULL,8.0,27.0,7.0,1.0
dbo,wfassignment,startdate,DATA_TYPE_CHANGED,DATA_TYPE_CHANGED|PRECISION_INCREASED|SCALE_INCREASED,datetime -> datetime2(7),datetime,NULL,8.0,23.0,3.0,1.0,datetime2(7),NULL,8.0,27.0,7.0,1.0
dbo,wfassignment,assigncode,LENGTH_INCREASED,LENGTH_INCREASED,varchar(30) -> varchar(100),varchar(30),30.0,30.0,0.0,0.0,1.0,varchar(100),100.0,100.0,0.0,0.0,1.0
dbo,wfassignment,origperson,LENGTH_INCREASED,LENGTH_INCREASED,varchar(30) -> varchar(100),varchar(30),30.0,30.0,0.0,0.0,1.0,varchar(100),100.0,100.0,0.0,0.0,1.0
dbo,wfinstance,currtaskstarttime,DATA_TYPE_CHANGED,DATA_TYPE_CHANGED|PRECISION_INCREASED|SCALE_INCREASED,datetime -> datetime2(7),datetime,NULL,8.0,23.0,3.0,0.0,datetime2(7),NULL,8.0,27.0,7.0,0.0
dbo,wfinstance,starttime,DATA_TYPE_CHANGED,DATA_TYPE_CHANGED|PRECISION_INCREASED|SCALE_INCREASED,datetime -> datetime2(7),datetime,NULL,8.0,23.0,3.0,0.0,datetime2(7),NULL,8.0,27.0,7.0,0.0
dbo,wfinstance,originator,LENGTH_INCREASED,LENGTH_INCREASED,varchar(30) -> varchar(100),varchar(30),30.0,30.0,0.0,0.0,0.0,varchar(100),100.0,100.0,0.0,0.0,0.0
dbo,wfprocess,intobjectname,COLUMN_ADDED,COLUMN_ADDED,new varchar(30),,,,,,,varchar(30),30.0,30.0,0.0,0.0,1.0
dbo,wfprocess,templatename,COLUMN_ADDED,COLUMN_ADDED,new varchar(50),,,,,,,varchar(50),50.0,50.0,0.0,0.0,1.0
dbo,wfprocess,changedate,DATA_TYPE_CHANGED,DATA_TYPE_CHANGED|PRECISION_INCREASED|SCALE_INCREASED,datetime -> datetime2(7),datetime,NULL,8.0,23.0,3.0,1.0,datetime2(7),NULL,8.0,27.0,7.0,1.0
dbo,wfprocess,changeby,LENGTH_INCREASED,LENGTH_INCREASED,varchar(30) -> varchar(100),varchar(30),30.0,30.0,0.0,0.0,1.0,varchar(100),100.0,100.0,0.0,0.0,1.0
dbo,wfrevision,synchronizedate,DATA_TYPE_CHANGED,DATA_TYPE_CHANGED|PRECISION_INCREASED|SCALE_INCREASED,datetime -> datetime2(7),datetime,NULL,8.0,23.0,3.0,1.0,datetime2(7),NULL,8.0,27.0,7.0,1.0
dbo,wfrevision,synchronizeby,LENGTH_INCREASED,LENGTH_INCREASED,varchar(30) -> varchar(100),varchar(30),30.0,30.0,0.0,0.0,1.0,varchar(100),100.0,100.0,0.0,0.0,1.0
dbo,wftransaction,transdate,DATA_TYPE_CHANGED,DATA_TYPE_CHANGED|PRECISION_INCREASED|SCALE_INCREASED,datetime -> datetime2(7),datetime,NULL,8.0,23.0,3.0,0.0,datetime2(7),NULL,8.0,27.0,7.0,0.0
dbo,wftransaction,personid,LENGTH_INCREASED,LENGTH_INCREASED,varchar(30) -> varchar(100),varchar(30),30.0,30.0,0.0,0.0,1.0,varchar(100),100.0,100.0,0.0,0.0,1.0
dbo,wmassigntmp,endtime,DATA_TYPE_CHANGED,DATA_TYPE_CHANGED|PRECISION_INCREASED|SCALE_INCREASED,datetime -> datetime2(7),datetime,NULL,8.0,23.0,3.0,1.0,datetime2(7),NULL,8.0,27.0,7.0,1.0
dbo,wmassigntmp,scheduledate,DATA_TYPE_CHANGED,DATA_TYPE_CHANGED|PRECISION_INCREASED|SCALE_INCREASED,datetime -> datetime2(7),datetime,NULL,8.0,23.0,3.0,1.0,datetime2(7),NULL,8.0,27.0,7.0,1.0
dbo,wmassigntmp,starttime,DATA_TYPE_CHANGED,DATA_TYPE_CHANGED|PRECISION_INCREASED|SCALE_INCREASED,datetime -> datetime2(7),datetime,NULL,8.0,23.0,3.0,1.0,datetime2(7),NULL,8.0,27.0,7.0,1.0
dbo,wmassigntmp,wonum,LENGTH_INCREASED,LENGTH_INCREASED,varchar(10) -> varchar(25),varchar(10),10.0,10.0,0.0,0.0,1.0,varchar(25),25.0,25.0,0.0,0.0,1.0
dbo,woancestor,ancestor,LENGTH_INCREASED,LENGTH_INCREASED,varchar(10) -> varchar(25),varchar(10),10.0,10.0,0.0,0.0,0.0,varchar(25),25.0,25.0,0.0,0.0,0.0
dbo,woancestor,wonum,LENGTH_INCREASED,LENGTH_INCREASED,varchar(10) -> varchar(25),varchar(10),10.0,10.0,0.0,0.0,0.0,varchar(25),25.0,25.0,0.0,0.0,0.0
dbo,wocontract,wonum,LENGTH_INCREASED,LENGTH_INCREASED,varchar(10) -> varchar(25),varchar(10),10.0,10.0,0.0,0.0,0.0,varchar(25),25.0,25.0,0.0,0.0,0.0
dbo,wogen,pmduedate,DATA_TYPE_CHANGED,DATA_TYPE_CHANGED|PRECISION_INCREASED|SCALE_INCREASED,datetime -> datetime2(7),datetime,NULL,8.0,23.0,3.0,1.0,datetime2(7),NULL,8.0,27.0,7.0,1.0
dbo,wogen,pmextdate,DATA_TYPE_CHANGED,DATA_TYPE_CHANGED|PRECISION_INCREASED|SCALE_INCREASED,datetime -> datetime2(7),datetime,NULL,8.0,23.0,3.0,1.0,datetime2(7),NULL,8.0,27.0,7.0,1.0
dbo,wogen,pmnextduedate,DATA_TYPE_CHANGED,DATA_TYPE_CHANGED|PRECISION_INCREASED|SCALE_INCREASED,datetime -> datetime2(7),datetime,NULL,8.0,23.0,3.0,1.0,datetime2(7),NULL,8.0,27.0,7.0,1.0
dbo,wogen,rundate,DATA_TYPE_CHANGED,DATA_TYPE_CHANGED|PRECISION_INCREASED|SCALE_INCREASED,datetime -> datetime2(7),datetime,NULL,8.0,23.0,3.0,0.0,datetime2(7),NULL,8.0,27.0,7.0,0.0
dbo,wogen,targstartdate,DATA_TYPE_CHANGED,DATA_TYPE_CHANGED|PRECISION_INCREASED|SCALE_INCREASED,datetime -> datetime2(7),datetime,NULL,8.0,23.0,3.0,1.0,datetime2(7),NULL,8.0,27.0,7.0,1.0
dbo,wogen,lead,LENGTH_INCREASED,LENGTH_INCREASED,varchar(30) -> varchar(100),varchar(30),30.0,30.0,0.0,0.0,1.0,varchar(100),100.0,100.0,0.0,0.0,1.0
dbo,wogen,owner,LENGTH_INCREASED,LENGTH_INCREASED,varchar(30) -> varchar(100),varchar(30),30.0,30.0,0.0,0.0,1.0,varchar(100),100.0,100.0,0.0,0.0,1.0
dbo,wogen,parent,LENGTH_INCREASED,LENGTH_INCREASED,varchar(10) -> varchar(25),varchar(10),10.0,10.0,0.0,0.0,1.0,varchar(25),25.0,25.0,0.0,0.0,1.0
dbo,wogen,supervisor,LENGTH_INCREASED,LENGTH_INCREASED,varchar(30) -> varchar(100),varchar(30),30.0,30.0,0.0,0.0,1.0,varchar(100),100.0,100.0,0.0,0.0,1.0
dbo,wohazard,haz13,DATA_TYPE_CHANGED,DATA_TYPE_CHANGED|PRECISION_INCREASED|SCALE_INCREASED,datetime -> datetime2(7),datetime,NULL,8.0,23.0,3.0,1.0,datetime2(7),NULL,8.0,27.0,7.0,1.0
dbo,wohazard,haz14,DATA_TYPE_CHANGED,DATA_TYPE_CHANGED|PRECISION_INCREASED|SCALE_INCREASED,datetime -> datetime2(7),datetime,NULL,8.0,23.0,3.0,1.0,datetime2(7),NULL,8.0,27.0,7.0,1.0
dbo,wohazard,wonum,LENGTH_INCREASED,LENGTH_INCREASED,varchar(10) -> varchar(25),varchar(10),10.0,10.0,0.0,0.0,0.0,varchar(25),25.0,25.0,0.0,0.0,0.0
dbo,wohazardprec,wonum,LENGTH_INCREASED,LENGTH_INCREASED,varchar(10) -> varchar(25),varchar(10),10.0,10.0,0.0,0.0,0.0,varchar(25),25.0,25.0,0.0,0.0,0.0
dbo,wolockout,lck07,DATA_TYPE_CHANGED,DATA_TYPE_CHANGED|PRECISION_INCREASED|SCALE_INCREASED,datetime -> datetime2(7),datetime,NULL,8.0,23.0,3.0,1.0,datetime2(7),NULL,8.0,27.0,7.0,1.0
dbo,wolockout,wonum,LENGTH_INCREASED,LENGTH_INCREASED,varchar(10) -> varchar(25),varchar(10),10.0,10.0,0.0,0.0,0.0,varchar(25),25.0,25.0,0.0,0.0,0.0
dbo,womatstatussync,worksiteid,COLUMN_ADDED,COLUMN_ADDED,new varchar(8),,,,,,,varchar(8),8.0,8.0,0.0,0.0,1.0
dbo,wometer,pmgenreadingdate,DATA_TYPE_CHANGED,DATA_TYPE_CHANGED|PRECISION_INCREASED|SCALE_INCREASED,datetime -> datetime2(7),datetime,NULL,8.0,23.0,3.0,1.0,datetime2(7),NULL,8.0,27.0,7.0,1.0
dbo,wometer,wonum,LENGTH_INCREASED,LENGTH_INCREASED,varchar(10) -> varchar(25),varchar(10),10.0,10.0,0.0,0.0,1.0,varchar(25),25.0,25.0,0.0,0.0,1.0
dbo,woownerhistory,owndate,DATA_TYPE_CHANGED,DATA_TYPE_CHANGED|PRECISION_INCREASED|SCALE_INCREASED,datetime -> datetime2(7),datetime,NULL,8.0,23.0,3.0,0.0,datetime2(7),NULL,8.0,27.0,7.0,0.0
dbo,woownerhistory,owner,LENGTH_INCREASED,LENGTH_INCREASED,varchar(30) -> varchar(100),varchar(30),30.0,30.0,0.0,0.0,1.0,varchar(100),100.0,100.0,0.0,0.0,1.0
dbo,woownerhistory,ownerchangeby,LENGTH_INCREASED,LENGTH_INCREASED,varchar(30) -> varchar(100),varchar(30),30.0,30.0,0.0,0.0,0.0,varchar(100),100.0,100.0,0.0,0.0,0.0
dbo,woownerhistory,wonum,LENGTH_INCREASED,LENGTH_INCREASED,varchar(10) -> varchar(25),varchar(10),10.0,10.0,0.0,0.0,0.0,varchar(25),25.0,25.0,0.0,0.0,0.0
dbo,woprecaution,prec07,DATA_TYPE_CHANGED,DATA_TYPE_CHANGED|PRECISION_INCREASED|SCALE_INCREASED,datetime -> datetime2(7),datetime,NULL,8.0,23.0,3.0,1.0,datetime2(7),NULL,8.0,27.0,7.0,1.0
dbo,woprecaution,wonum,LENGTH_INCREASED,LENGTH_INCREASED,varchar(10) -> varchar(25),varchar(10),10.0,10.0,0.0,0.0,0.0,varchar(25),25.0,25.0,0.0,0.0,0.0
dbo,worelext,wonum,LENGTH_INCREASED,LENGTH_INCREASED,varchar(10) -> varchar(25),varchar(10),10.0,10.0,0.0,0.0,0.0,varchar(25),25.0,25.0,0.0,0.0,0.0
dbo,worklog,createdate,DATA_TYPE_CHANGED,DATA_TYPE_CHANGED|PRECISION_INCREASED|SCALE_INCREASED,datetime -> datetime2(7),datetime,NULL,8.0,23.0,3.0,0.0,datetime2(7),NULL,8.0,27.0,7.0,0.0
dbo,worklog,fheventdate,DATA_TYPE_CHANGED,DATA_TYPE_CHANGED|PRECISION_INCREASED|SCALE_INCREASED,datetime -> datetime2(7),datetime,NULL,8.0,23.0,3.0,1.0,datetime2(7),NULL,8.0,27.0,7.0,1.0
dbo,worklog,modifydate,DATA_TYPE_CHANGED,DATA_TYPE_CHANGED|PRECISION_INCREASED|SCALE_INCREASED,datetime -> datetime2(7),datetime,NULL,8.0,23.0,3.0,0.0,datetime2(7),NULL,8.0,27.0,7.0,0.0
dbo,worklog,pluspestenddt,DATA_TYPE_CHANGED,DATA_TYPE_CHANGED|PRECISION_INCREASED|SCALE_INCREASED,datetime -> datetime2(7),datetime,NULL,8.0,23.0,3.0,1.0,datetime2(7),NULL,8.0,27.0,7.0,1.0
dbo,worklog,pluspeststatdt,DATA_TYPE_CHANGED,DATA_TYPE_CHANGED|PRECISION_INCREASED|SCALE_INCREASED,datetime -> datetime2(7),datetime,NULL,8.0,23.0,3.0,1.0,datetime2(7),NULL,8.0,27.0,7.0,1.0
dbo,worklog,createby,LENGTH_INCREASED,LENGTH_INCREASED,varchar(30) -> varchar(100),varchar(30),30.0,30.0,0.0,0.0,0.0,varchar(100),100.0,100.0,0.0,0.0,0.0
dbo,worklog,modifyby,LENGTH_INCREASED,LENGTH_INCREASED,varchar(30) -> varchar(100),varchar(30),30.0,30.0,0.0,0.0,0.0,varchar(100),100.0,100.0,0.0,0.0,0.0
dbo,worklog,pluspeststatusr,LENGTH_INCREASED,LENGTH_INCREASED,varchar(30) -> varchar(100),varchar(30),30.0,30.0,0.0,0.0,1.0,varchar(100),100.0,100.0,0.0,0.0,1.0
dbo,workorder,ai_usefortraining,COLUMN_ADDED,COLUMN_ADDED,new smallint,,,,,,,smallint,NULL,2.0,5.0,0.0,0.0
dbo,workorder,excpttype,COLUMN_ADDED,COLUMN_ADDED,new varchar(12),,,,,,,varchar(12),12.0,12.0,0.0,0.0,1.0
dbo,workorder,isquickreported,COLUMN_ADDED,COLUMN_ADDED,new int,,,,,,,int,NULL,4.0,10.0,0.0,1.0
dbo,workorder,mrefid,COLUMN_ADDED,COLUMN_ADDED,new varchar(1000),,,,,,,varchar(1000),1000.0,1000.0,0.0,0.0,1.0
dbo,workorder,mrefrecordid,COLUMN_ADDED,COLUMN_ADDED,new varchar(50),,,,,,,varchar(50),50.0,50.0,0.0,0.0,1.0
dbo,workorder,totalworkunits,COLUMN_ADDED,COLUMN_ADDED,"new decimal(10,2)",,,,,,,"decimal(10,2)",NULL,9.0,10.0,2.0,1.0
dbo,workorder,geometry,COLUMN_DROPPED,COLUMN_DROPPED,was image,image,NULL,16.0,0.0,0.0,1.0,,,,,,
dbo,workorder,plussgeojson,COLUMN_DROPPED,COLUMN_DROPPED,was text,text,NULL,16.0,0.0,0.0,1.0,,,,,,
dbo,workorder,actfinish,DATA_TYPE_CHANGED,DATA_TYPE_CHANGED|PRECISION_INCREASED|SCALE_INCREASED,datetime -> datetime2(7),datetime,NULL,8.0,23.0,3.0,1.0,datetime2(7),NULL,8.0,27.0,7.0,1.0
dbo,workorder,actstart,DATA_TYPE_CHANGED,DATA_TYPE_CHANGED|PRECISION_INCREASED|SCALE_INCREASED,datetime -> datetime2(7),datetime,NULL,8.0,23.0,3.0,1.0,datetime2(7),NULL,8.0,27.0,7.0,1.0
dbo,workorder,availstatusdate,DATA_TYPE_CHANGED,DATA_TYPE_CHANGED|PRECISION_INCREASED|SCALE_INCREASED,datetime -> datetime2(7),datetime,NULL,8.0,23.0,3.0,1.0,datetime2(7),NULL,8.0,27.0,7.0,1.0
dbo,workorder,changedate,DATA_TYPE_CHANGED,DATA_TYPE_CHANGED|PRECISION_INCREASED|SCALE_INCREASED,datetime -> datetime2(7),datetime,NULL,8.0,23.0,3.0,1.0,datetime2(7),NULL,8.0,27.0,7.0,1.0
dbo,workorder,faildate,DATA_TYPE_CHANGED,DATA_TYPE_CHANGED|PRECISION_INCREASED|SCALE_INCREASED,datetime -> datetime2(7),datetime,NULL,8.0,23.0,3.0,1.0,datetime2(7),NULL,8.0,27.0,7.0,1.0
dbo,workorder,fh_affecteddate,DATA_TYPE_CHANGED,DATA_TYPE_CHANGED|PRECISION_INCREASED|SCALE_INCREASED,datetime -> datetime2(7),datetime,NULL,8.0,23.0,3.0,1.0,datetime2(7),NULL,8.0,27.0,7.0,1.0
dbo,workorder,fhcompdate,DATA_TYPE_CHANGED,DATA_TYPE_CHANGED|PRECISION_INCREASED|SCALE_INCREASED,datetime -> datetime2(7),datetime,NULL,8.0,23.0,3.0,1.0,datetime2(7),NULL,8.0,27.0,7.0,1.0
dbo,workorder,fhonsitedate,DATA_TYPE_CHANGED,DATA_TYPE_CHANGED|PRECISION_INCREASED|SCALE_INCREASED,datetime -> datetime2(7),datetime,NULL,8.0,23.0,3.0,1.0,datetime2(7),NULL,8.0,27.0,7.0,1.0
dbo,workorder,fhrespondeddate,DATA_TYPE_CHANGED,DATA_TYPE_CHANGED|PRECISION_INCREASED|SCALE_INCREASED,datetime -> datetime2(7),datetime,NULL,8.0,23.0,3.0,1.0,datetime2(7),NULL,8.0,27.0,7.0,1.0
dbo,workorder,fnlconstraint,DATA_TYPE_CHANGED,DATA_TYPE_CHANGED|PRECISION_INCREASED|SCALE_INCREASED,datetime -> datetime2(7),datetime,NULL,8.0,23.0,3.0,1.0,datetime2(7),NULL,8.0,27.0,7.0,1.0
dbo,workorder,lastcopylinkdate,DATA_TYPE_CHANGED,DATA_TYPE_CHANGED|PRECISION_INCREASED|SCALE_INCREASED,datetime -> datetime2(7),datetime,NULL,8.0,23.0,3.0,1.0,datetime2(7),NULL,8.0,27.0,7.0,1.0
dbo,workorder,measuredate,DATA_TYPE_CHANGED,DATA_TYPE_CHANGED|PRECISION_INCREASED|SCALE_INCREASED,datetime -> datetime2(7),datetime,NULL,8.0,23.0,3.0,1.0,datetime2(7),NULL,8.0,27.0,7.0,1.0
dbo,workorder,pcpchangedate,DATA_TYPE_CHANGED,DATA_TYPE_CHANGED|PRECISION_INCREASED|SCALE_INCREASED,datetime -> datetime2(7),datetime,NULL,8.0,23.0,3.0,1.0,datetime2(7),NULL,8.0,27.0,7.0,1.0
dbo,workorder,pluscnextdate,DATA_TYPE_CHANGED,DATA_TYPE_CHANGED|PRECISION_INCREASED|SCALE_INCREASED,datetime -> datetime2(7),datetime,NULL,8.0,23.0,3.0,1.0,datetime2(7),NULL,8.0,27.0,7.0,1.0
dbo,workorder,pluscoverduedate,DATA_TYPE_CHANGED,DATA_TYPE_CHANGED|PRECISION_INCREASED|SCALE_INCREASED,datetime -> datetime2(7),datetime,NULL,8.0,23.0,3.0,1.0,datetime2(7),NULL,8.0,27.0,7.0,1.0
dbo,workorder,pluspactdeliverydate,DATA_TYPE_CHANGED,DATA_TYPE_CHANGED|PRECISION_INCREASED|SCALE_INCREASED,datetime -> datetime2(7),datetime,NULL,8.0,23.0,3.0,1.0,datetime2(7),NULL,8.0,27.0,7.0,1.0
dbo,workorder,plusptargdeliverydate,DATA_TYPE_CHANGED,DATA_TYPE_CHANGED|PRECISION_INCREASED|SCALE_INCREASED,datetime -> datetime2(7),datetime,NULL,8.0,23.0,3.0,1.0,datetime2(7),NULL,8.0,27.0,7.0,1.0
dbo,workorder,pmduedate,DATA_TYPE_CHANGED,DATA_TYPE_CHANGED|PRECISION_INCREASED|SCALE_INCREASED,datetime -> datetime2(7),datetime,NULL,8.0,23.0,3.0,1.0,datetime2(7),NULL,8.0,27.0,7.0,1.0
dbo,workorder,pmextdate,DATA_TYPE_CHANGED,DATA_TYPE_CHANGED|PRECISION_INCREASED|SCALE_INCREASED,datetime -> datetime2(7),datetime,NULL,8.0,23.0,3.0,1.0,datetime2(7),NULL,8.0,27.0,7.0,1.0
dbo,workorder,pmnextduedate,DATA_TYPE_CHANGED,DATA_TYPE_CHANGED|PRECISION_INCREASED|SCALE_INCREASED,datetime -> datetime2(7),datetime,NULL,8.0,23.0,3.0,1.0,datetime2(7),NULL,8.0,27.0,7.0,1.0
dbo,workorder,reportdate,DATA_TYPE_CHANGED,DATA_TYPE_CHANGED|PRECISION_INCREASED|SCALE_INCREASED,datetime -> datetime2(7),datetime,NULL,8.0,23.0,3.0,1.0,datetime2(7),NULL,8.0,27.0,7.0,1.0
dbo,workorder,respondby,DATA_TYPE_CHANGED,DATA_TYPE_CHANGED|PRECISION_INCREASED|SCALE_INCREASED,datetime -> datetime2(7),datetime,NULL,8.0,23.0,3.0,1.0,datetime2(7),NULL,8.0,27.0,7.0,1.0
dbo,workorder,schedfinish,DATA_TYPE_CHANGED,DATA_TYPE_CHANGED|PRECISION_INCREASED|SCALE_INCREASED,datetime -> datetime2(7),datetime,NULL,8.0,23.0,3.0,1.0,datetime2(7),NULL,8.0,27.0,7.0,1.0
dbo,workorder,schedstart,DATA_TYPE_CHANGED,DATA_TYPE_CHANGED|PRECISION_INCREASED|SCALE_INCREASED,datetime -> datetime2(7),datetime,NULL,8.0,23.0,3.0,1.0,datetime2(7),NULL,8.0,27.0,7.0,1.0
dbo,workorder,sneconstraint,DATA_TYPE_CHANGED,DATA_TYPE_CHANGED|PRECISION_INCREASED|SCALE_INCREASED,datetime -> datetime2(7),datetime,NULL,8.0,23.0,3.0,1.0,datetime2(7),NULL,8.0,27.0,7.0,1.0
dbo,workorder,splanreviewdate,DATA_TYPE_CHANGED,DATA_TYPE_CHANGED|PRECISION_INCREASED|SCALE_INCREASED,datetime -> datetime2(7),datetime,NULL,8.0,23.0,3.0,1.0,datetime2(7),NULL,8.0,27.0,7.0,1.0
dbo,workorder,statusdate,DATA_TYPE_CHANGED,DATA_TYPE_CHANGED|PRECISION_INCREASED|SCALE_INCREASED,datetime -> datetime2(7),datetime,NULL,8.0,23.0,3.0,0.0,datetime2(7),NULL,8.0,27.0,7.0,0.0
dbo,workorder,targcompdate,DATA_TYPE_CHANGED,DATA_TYPE_CHANGED|PRECISION_INCREASED|SCALE_INCREASED,datetime -> datetime2(7),datetime,NULL,8.0,23.0,3.0,1.0,datetime2(7),NULL,8.0,27.0,7.0,1.0
dbo,workorder,targstartdate,DATA_TYPE_CHANGED,DATA_TYPE_CHANGED|PRECISION_INCREASED|SCALE_INCREASED,datetime -> datetime2(7),datetime,NULL,8.0,23.0,3.0,1.0,datetime2(7),NULL,8.0,27.0,7.0,1.0
dbo,workorder,wo13,DATA_TYPE_CHANGED,DATA_TYPE_CHANGED|PRECISION_INCREASED|SCALE_INCREASED,datetime -> datetime2(7),datetime,NULL,8.0,23.0,3.0,1.0,datetime2(7),NULL,8.0,27.0,7.0,1.0
dbo,workorder,woeq13,DATA_TYPE_CHANGED,DATA_TYPE_CHANGED|PRECISION_INCREASED|SCALE_INCREASED,datetime -> datetime2(7),datetime,NULL,8.0,23.0,3.0,1.0,datetime2(7),NULL,8.0,27.0,7.0,1.0
dbo,workorder,woeq6,DATA_TYPE_CHANGED,DATA_TYPE_CHANGED|PRECISION_INCREASED|SCALE_INCREASED,datetime -> datetime2(7),datetime,NULL,8.0,23.0,3.0,1.0,datetime2(7),NULL,8.0,27.0,7.0,1.0
dbo,workorder,wojp5,DATA_TYPE_CHANGED,DATA_TYPE_CHANGED|PRECISION_INCREASED|SCALE_INCREASED,datetime -> datetime2(7),datetime,NULL,8.0,23.0,3.0,1.0,datetime2(7),NULL,8.0,27.0,7.0,1.0
dbo,workorder,wol4,DATA_TYPE_CHANGED,DATA_TYPE_CHANGED|PRECISION_INCREASED|SCALE_INCREASED,datetime -> datetime2(7),datetime,NULL,8.0,23.0,3.0,1.0,datetime2(7),NULL,8.0,27.0,7.0,1.0
dbo,workorder,wolo7,DATA_TYPE_CHANGED,DATA_TYPE_CHANGED|PRECISION_INCREASED|SCALE_INCREASED,datetime -> datetime2(7),datetime,NULL,8.0,23.0,3.0,1.0,datetime2(7),NULL,8.0,27.0,7.0,1.0
dbo,workorder,worts4,DATA_TYPE_CHANGED,DATA_TYPE_CHANGED|PRECISION_INCREASED|SCALE_INCREASED,datetime -> datetime2(7),datetime,NULL,8.0,23.0,3.0,1.0,datetime2(7),NULL,8.0,27.0,7.0,1.0
dbo,workorder,changeby,LENGTH_INCREASED,LENGTH_INCREASED,varchar(30) -> varchar(100),varchar(30),30.0,30.0,0.0,0.0,1.0,varchar(100),100.0,100.0,0.0,0.0,1.0
dbo,workorder,classstructureid,LENGTH_INCREASED,LENGTH_INCREASED,varchar(20) -> varchar(25),varchar(20),20.0,20.0,0.0,0.0,1.0,varchar(25),25.0,25.0,0.0,0.0,1.0
dbo,workorder,inspector,LENGTH_INCREASED,LENGTH_INCREASED,varchar(30) -> varchar(100),varchar(30),30.0,30.0,0.0,0.0,1.0,varchar(100),100.0,100.0,0.0,0.0,1.0
dbo,workorder,lead,LENGTH_INCREASED,LENGTH_INCREASED,varchar(30) -> varchar(100),varchar(30),30.0,30.0,0.0,0.0,1.0,varchar(100),100.0,100.0,0.0,0.0,1.0
dbo,workorder,onbehalfof,LENGTH_INCREASED,LENGTH_INCREASED,varchar(62) -> varchar(82),varchar(62),62.0,62.0,0.0,0.0,1.0,varchar(82),82.0,82.0,0.0,0.0,1.0
dbo,workorder,origrecordid,LENGTH_INCREASED,LENGTH_INCREASED,varchar(10) -> varchar(25),varchar(10),10.0,10.0,0.0,0.0,1.0,varchar(25),25.0,25.0,0.0,0.0,1.0
dbo,workorder,owner,LENGTH_INCREASED,LENGTH_INCREASED,varchar(30) -> varchar(100),varchar(30),30.0,30.0,0.0,0.0,1.0,varchar(100),100.0,100.0,0.0,0.0,1.0
dbo,workorder,parent,LENGTH_INCREASED,LENGTH_INCREASED,varchar(10) -> varchar(25),varchar(10),10.0,10.0,0.0,0.0,1.0,varchar(25),25.0,25.0,0.0,0.0,1.0
dbo,workorder,pcpchangeby,LENGTH_INCREASED,LENGTH_INCREASED,varchar(30) -> varchar(100),varchar(30),30.0,30.0,0.0,0.0,1.0,varchar(100),100.0,100.0,0.0,0.0,1.0
dbo,workorder,reportedby,LENGTH_INCREASED,LENGTH_INCREASED,varchar(62) -> varchar(82),varchar(62),62.0,62.0,0.0,0.0,1.0,varchar(82),82.0,82.0,0.0,0.0,1.0
dbo,workorder,supervisor,LENGTH_INCREASED,LENGTH_INCREASED,varchar(30) -> varchar(100),varchar(30),30.0,30.0,0.0,0.0,1.0,varchar(100),100.0,100.0,0.0,0.0,1.0
dbo,workorder,wogroup,LENGTH_INCREASED,LENGTH_INCREASED,varchar(10) -> varchar(25),varchar(10),10.0,10.0,0.0,0.0,1.0,varchar(25),25.0,25.0,0.0,0.0,1.0
dbo,workorder,wonum,LENGTH_INCREASED,LENGTH_INCREASED,varchar(10) -> varchar(25),varchar(10),10.0,10.0,0.0,0.0,0.0,varchar(25),25.0,25.0,0.0,0.0,0.0
dbo,workorderspec,changedate,DATA_TYPE_CHANGED,DATA_TYPE_CHANGED|PRECISION_INCREASED|SCALE_INCREASED,datetime -> datetime2(7),datetime,NULL,8.0,23.0,3.0,0.0,datetime2(7),NULL,8.0,27.0,7.0,0.0
dbo,workorderspec,datevalue,DATA_TYPE_CHANGED,DATA_TYPE_CHANGED|PRECISION_INCREASED|SCALE_INCREASED,datetime -> datetime2(7),datetime,NULL,8.0,23.0,3.0,1.0,datetime2(7),NULL,8.0,27.0,7.0,1.0
dbo,workorderspec,changeby,LENGTH_INCREASED,LENGTH_INCREASED,varchar(30) -> varchar(100),varchar(30),30.0,30.0,0.0,0.0,0.0,varchar(100),100.0,100.0,0.0,0.0,0.0
dbo,workorderspec,classstructureid,LENGTH_INCREASED,LENGTH_INCREASED,varchar(20) -> varchar(25),varchar(20),20.0,20.0,0.0,0.0,0.0,varchar(25),25.0,25.0,0.0,0.0,0.0
dbo,workorderspec,wonum,LENGTH_INCREASED,LENGTH_INCREASED,varchar(10) -> varchar(25),varchar(10),10.0,10.0,0.0,0.0,0.0,varchar(25),25.0,25.0,0.0,0.0,0.0
dbo,workperiod,endtime,DATA_TYPE_CHANGED,DATA_TYPE_CHANGED|PRECISION_INCREASED|SCALE_INCREASED,datetime -> datetime2(7),datetime,NULL,8.0,23.0,3.0,0.0,datetime2(7),NULL,8.0,27.0,7.0,0.0
dbo,workperiod,starttime,DATA_TYPE_CHANGED,DATA_TYPE_CHANGED|PRECISION_INCREASED|SCALE_INCREASED,datetime -> datetime2(7),datetime,NULL,8.0,23.0,3.0,0.0,datetime2(7),NULL,8.0,27.0,7.0,0.0
dbo,workperiod,workdate,DATA_TYPE_CHANGED,DATA_TYPE_CHANGED|PRECISION_INCREASED|SCALE_INCREASED,datetime -> datetime2(7),datetime,NULL,8.0,23.0,3.0,0.0,datetime2(7),NULL,8.0,27.0,7.0,0.0
dbo,workscapelayout,ispublic,COLUMN_ADDED,COLUMN_ADDED,new smallint,,,,,,,smallint,NULL,2.0,5.0,0.0,0.0
dbo,workscapelayout,userdefined,COLUMN_ADDED,COLUMN_ADDED,new smallint,,,,,,,smallint,NULL,2.0,5.0,0.0,0.0
dbo,workscapelayout,owner,LENGTH_INCREASED,LENGTH_INCREASED,varchar(30) -> varchar(100),varchar(30),30.0,30.0,0.0,0.0,1.0,varchar(100),100.0,100.0,0.0,0.0,1.0
dbo,worktype,ahcondassess,COLUMN_ADDED,COLUMN_ADDED,new smallint,,,,,,,smallint,NULL,2.0,5.0,0.0,0.0
dbo,workview,reportdate,DATA_TYPE_CHANGED,DATA_TYPE_CHANGED|PRECISION_INCREASED|SCALE_INCREASED,datetime -> datetime2(7),datetime,NULL,8.0,23.0,3.0,1.0,datetime2(7),NULL,8.0,27.0,7.0,1.0
dbo,workview,targstartdate,DATA_TYPE_CHANGED,DATA_TYPE_CHANGED|PRECISION_INCREASED|SCALE_INCREASED,datetime -> datetime2(7),datetime,NULL,8.0,23.0,3.0,1.0,datetime2(7),NULL,8.0,27.0,7.0,1.0
dbo,workview,affectedperson,LENGTH_INCREASED,LENGTH_INCREASED,varchar(62) -> varchar(82),varchar(62),62.0,62.0,0.0,0.0,1.0,varchar(82),82.0,82.0,0.0,0.0,1.0
dbo,workview,affectedpersonname,LENGTH_INCREASED,LENGTH_INCREASED,varchar(62) -> varchar(82),varchar(62),62.0,62.0,0.0,0.0,1.0,varchar(82),82.0,82.0,0.0,0.0,1.0
dbo,workview,owner,LENGTH_INCREASED,LENGTH_INCREASED,varchar(30) -> varchar(100),varchar(30),30.0,30.0,0.0,0.0,1.0,varchar(100),100.0,100.0,0.0,0.0,1.0
dbo,workview,recordkey,LENGTH_INCREASED,LENGTH_INCREASED,varchar(10) -> varchar(25),varchar(10),10.0,10.0,0.0,0.0,0.0,varchar(25),25.0,25.0,0.0,0.0,0.0
dbo,workview,reportedby,LENGTH_INCREASED,LENGTH_INCREASED,varchar(62) -> varchar(82),varchar(62),62.0,62.0,0.0,0.0,1.0,varchar(82),82.0,82.0,0.0,0.0,1.0
dbo,workview,reportedbyname,LENGTH_INCREASED,LENGTH_INCREASED,varchar(62) -> varchar(82),varchar(62),62.0,62.0,0.0,0.0,1.0,varchar(82),82.0,82.0,0.0,0.0,1.0
dbo,wosafetylink,wosl03,DATA_TYPE_CHANGED,DATA_TYPE_CHANGED|PRECISION_INCREASED|SCALE_INCREASED,datetime -> datetime2(7),datetime,NULL,8.0,23.0,3.0,1.0,datetime2(7),NULL,8.0,27.0,7.0,1.0
dbo,wosafetylink,wonum,LENGTH_INCREASED,LENGTH_INCREASED,varchar(10) -> varchar(25),varchar(10),10.0,10.0,0.0,0.0,0.0,varchar(25),25.0,25.0,0.0,0.0,0.0
dbo,wosafetyplan,changedate,DATA_TYPE_CHANGED,DATA_TYPE_CHANGED|PRECISION_INCREASED|SCALE_INCREASED,datetime -> datetime2(7),datetime,NULL,8.0,23.0,3.0,0.0,datetime2(7),NULL,8.0,27.0,7.0,0.0
dbo,wosafetyplan,changeby,LENGTH_INCREASED,LENGTH_INCREASED,varchar(30) -> varchar(100),varchar(30),30.0,30.0,0.0,0.0,0.0,varchar(100),100.0,100.0,0.0,0.0,0.0
dbo,wosafetyplan,wonum,LENGTH_INCREASED,LENGTH_INCREASED,varchar(10) -> varchar(25),varchar(10),10.0,10.0,0.0,0.0,0.0,varchar(25),25.0,25.0,0.0,0.0,0.0
dbo,woserviceaddress,geometry,COLUMN_DROPPED,COLUMN_DROPPED,was image,image,NULL,16.0,0.0,0.0,1.0,,,,,,
dbo,woserviceaddress,saddresscode,LENGTH_INCREASED,LENGTH_INCREASED,varchar(12) -> varchar(25),varchar(12),12.0,12.0,0.0,0.0,1.0,varchar(25),25.0,25.0,0.0,0.0,1.0
dbo,woserviceaddress,wonum,LENGTH_INCREASED,LENGTH_INCREASED,varchar(10) -> varchar(25),varchar(10),10.0,10.0,0.0,0.0,1.0,varchar(25),25.0,25.0,0.0,0.0,1.0
dbo,wostatus,changedate,DATA_TYPE_CHANGED,DATA_TYPE_CHANGED|PRECISION_INCREASED|SCALE_INCREASED,datetime -> datetime2(7),datetime,NULL,8.0,23.0,3.0,0.0,datetime2(7),NULL,8.0,27.0,7.0,0.0
dbo,wostatus,changeby,LENGTH_INCREASED,LENGTH_INCREASED,varchar(30) -> varchar(100),varchar(30),30.0,30.0,0.0,0.0,0.0,varchar(100),100.0,100.0,0.0,0.0,0.0
dbo,wostatus,parent,LENGTH_INCREASED,LENGTH_INCREASED,varchar(10) -> varchar(25),varchar(10),10.0,10.0,0.0,0.0,1.0,varchar(25),25.0,25.0,0.0,0.0,1.0
dbo,wostatus,wonum,LENGTH_INCREASED,LENGTH_INCREASED,varchar(10) -> varchar(25),varchar(10),10.0,10.0,0.0,0.0,0.0,varchar(25),25.0,25.0,0.0,0.0,0.0
dbo,wotaglock,tl07,DATA_TYPE_CHANGED,DATA_TYPE_CHANGED|PRECISION_INCREASED|SCALE_INCREASED,datetime -> datetime2(7),datetime,NULL,8.0,23.0,3.0,1.0,datetime2(7),NULL,8.0,27.0,7.0,1.0
dbo,wotaglock,wonum,LENGTH_INCREASED,LENGTH_INCREASED,varchar(10) -> varchar(25),varchar(10),10.0,10.0,0.0,0.0,0.0,varchar(25),25.0,25.0,0.0,0.0,0.0
dbo,wotagout,tag06,DATA_TYPE_CHANGED,DATA_TYPE_CHANGED|PRECISION_INCREASED|SCALE_INCREASED,datetime -> datetime2(7),datetime,NULL,8.0,23.0,3.0,1.0,datetime2(7),NULL,8.0,27.0,7.0,1.0
dbo,wotagout,wonum,LENGTH_INCREASED,LENGTH_INCREASED,varchar(10) -> varchar(25),varchar(10),10.0,10.0,0.0,0.0,0.0,varchar(25),25.0,25.0,0.0,0.0,0.0
dbo,wotaskrelation,maxleadlaghours,COLUMN_ADDED,COLUMN_ADDED,"new decimal(18,2)",,,,,,,"decimal(18,2)",NULL,9.0,18.0,2.0,1.0
dbo,wotaskrelation,optionalrel,COLUMN_ADDED,COLUMN_ADDED,new smallint,,,,,,,smallint,NULL,2.0,5.0,0.0,0.0
dbo,wotaskrelation,useleadlagasshift,COLUMN_ADDED,COLUMN_ADDED,new smallint,,,,,,,smallint,NULL,2.0,5.0,0.0,0.0
dbo,wotaskrelation,predrefwonum,LENGTH_INCREASED,LENGTH_INCREASED,varchar(10) -> varchar(25),varchar(10),10.0,10.0,0.0,0.0,0.0,varchar(25),25.0,25.0,0.0,0.0,0.0
dbo,wotaskrelation,predwonum,LENGTH_INCREASED,LENGTH_INCREASED,varchar(10) -> varchar(25),varchar(10),10.0,10.0,0.0,0.0,0.0,varchar(25),25.0,25.0,0.0,0.0,0.0
dbo,wotaskrelation,wonum,LENGTH_INCREASED,LENGTH_INCREASED,varchar(10) -> varchar(25),varchar(10),10.0,10.0,0.0,0.0,0.0,varchar(25),25.0,25.0,0.0,0.0,0.0
dbo,woweatheralert,expiredate,DATA_TYPE_CHANGED,DATA_TYPE_CHANGED|PRECISION_INCREASED|SCALE_INCREASED,datetime -> datetime2(7),datetime,NULL,8.0,23.0,3.0,1.0,datetime2(7),NULL,8.0,27.0,7.0,1.0
dbo,woweatheralert,startdate,DATA_TYPE_CHANGED,DATA_TYPE_CHANGED|PRECISION_INCREASED|SCALE_INCREASED,datetime -> datetime2(7),datetime,NULL,8.0,23.0,3.0,1.0,datetime2(7),NULL,8.0,27.0,7.0,1.0
dbo,woweatheralert,wonum,LENGTH_INCREASED,LENGTH_INCREASED,varchar(10) -> varchar(25),varchar(10),10.0,10.0,0.0,0.0,0.0,varchar(25),25.0,25.0,0.0,0.0,0.0
dbo,wpitem,requiredate,DATA_TYPE_CHANGED,DATA_TYPE_CHANGED|PRECISION_INCREASED|SCALE_INCREASED,datetime -> datetime2(7),datetime,NULL,8.0,23.0,3.0,1.0,datetime2(7),NULL,8.0,27.0,7.0,1.0
dbo,wpitem,requestby,LENGTH_INCREASED,LENGTH_INCREASED,varchar(30) -> varchar(100),varchar(30),30.0,30.0,0.0,0.0,1.0,varchar(100),100.0,100.0,0.0,0.0,1.0
dbo,wpitem,wonum,LENGTH_INCREASED,LENGTH_INCREASED,varchar(10) -> varchar(25),varchar(10),10.0,10.0,0.0,0.0,0.0,varchar(25),25.0,25.0,0.0,0.0,0.0
dbo,wplabor,qualmet,COLUMN_ADDED,COLUMN_ADDED,new varchar(12),,,,,,,varchar(12),12.0,12.0,0.0,0.0,1.0
dbo,wplabor,plusprequiredate,DATA_TYPE_CHANGED,DATA_TYPE_CHANGED|PRECISION_INCREASED|SCALE_INCREASED,datetime -> datetime2(7),datetime,NULL,8.0,23.0,3.0,1.0,datetime2(7),NULL,8.0,27.0,7.0,1.0
dbo,wplabor,wpl2,DATA_TYPE_CHANGED,DATA_TYPE_CHANGED|PRECISION_INCREASED|SCALE_INCREASED,datetime -> datetime2(7),datetime,NULL,8.0,23.0,3.0,1.0,datetime2(7),NULL,8.0,27.0,7.0,1.0
dbo,wplabor,wonum,LENGTH_INCREASED,LENGTH_INCREASED,varchar(10) -> varchar(25),varchar(10),10.0,10.0,0.0,0.0,0.0,varchar(25),25.0,25.0,0.0,0.0,0.0
dbo,z_mif_asset_add,estendoflife,DATA_TYPE_CHANGED,DATA_TYPE_CHANGED|PRECISION_INCREASED|SCALE_INCREASED,datetime -> datetime2(7),datetime,NULL,8.0,23.0,3.0,1.0,datetime2(7),NULL,8.0,27.0,7.0,1.0
dbo,z_mif_asset_add,installdate,DATA_TYPE_CHANGED,DATA_TYPE_CHANGED|PRECISION_INCREASED|SCALE_INCREASED,datetime -> datetime2(7),datetime,NULL,8.0,23.0,3.0,1.0,datetime2(7),NULL,8.0,27.0,7.0,1.0
dbo,z_mif_asset_add,warrantyexpdate,DATA_TYPE_CHANGED,DATA_TYPE_CHANGED|PRECISION_INCREASED|SCALE_INCREASED,datetime -> datetime2(7),datetime,NULL,8.0,23.0,3.0,1.0,datetime2(7),NULL,8.0,27.0,7.0,1.0
dbo,z_mif_asset_add,z_commissioned,DATA_TYPE_CHANGED,DATA_TYPE_CHANGED|PRECISION_INCREASED|SCALE_INCREASED,datetime -> datetime2(7),datetime,NULL,8.0,23.0,3.0,1.0,datetime2(7),NULL,8.0,27.0,7.0,1.0
dbo,z_mif_asset_add,z_conditiondate,DATA_TYPE_CHANGED,DATA_TYPE_CHANGED|PRECISION_INCREASED|SCALE_INCREASED,datetime -> datetime2(7),datetime,NULL,8.0,23.0,3.0,1.0,datetime2(7),NULL,8.0,27.0,7.0,1.0
dbo,z_mif_asset_add,z_decomdate,DATA_TYPE_CHANGED,DATA_TYPE_CHANGED|PRECISION_INCREASED|SCALE_INCREASED,datetime -> datetime2(7),datetime,NULL,8.0,23.0,3.0,1.0,datetime2(7),NULL,8.0,27.0,7.0,1.0
dbo,z_mif_asset_add,z_manufacturedate,DATA_TYPE_CHANGED,DATA_TYPE_CHANGED|PRECISION_INCREASED|SCALE_INCREASED,datetime -> datetime2(7),datetime,NULL,8.0,23.0,3.0,1.0,datetime2(7),NULL,8.0,27.0,7.0,1.0
dbo,z_mif_asset_add,z_sourcesysts,DATA_TYPE_CHANGED,DATA_TYPE_CHANGED|PRECISION_INCREASED|SCALE_INCREASED,datetime -> datetime2(7),datetime,NULL,8.0,23.0,3.0,1.0,datetime2(7),NULL,8.0,27.0,7.0,1.0
dbo,z_mif_asset_add,assettype,LENGTH_INCREASED,LENGTH_INCREASED,varchar(25) -> varchar(50),varchar(25),25.0,25.0,0.0,0.0,1.0,varchar(50),50.0,50.0,0.0,0.0,1.0
dbo,z_mif_asset_add,classstructureid,LENGTH_INCREASED,LENGTH_INCREASED,varchar(20) -> varchar(25),varchar(20),20.0,20.0,0.0,0.0,1.0,varchar(25),25.0,25.0,0.0,0.0,1.0
dbo,z_mif_asset_update,estendoflife,DATA_TYPE_CHANGED,DATA_TYPE_CHANGED|PRECISION_INCREASED|SCALE_INCREASED,datetime -> datetime2(7),datetime,NULL,8.0,23.0,3.0,1.0,datetime2(7),NULL,8.0,27.0,7.0,1.0
dbo,z_mif_asset_update,installdate,DATA_TYPE_CHANGED,DATA_TYPE_CHANGED|PRECISION_INCREASED|SCALE_INCREASED,datetime -> datetime2(7),datetime,NULL,8.0,23.0,3.0,1.0,datetime2(7),NULL,8.0,27.0,7.0,1.0
dbo,z_mif_asset_update,warrantyexpdate,DATA_TYPE_CHANGED,DATA_TYPE_CHANGED|PRECISION_INCREASED|SCALE_INCREASED,datetime -> datetime2(7),datetime,NULL,8.0,23.0,3.0,1.0,datetime2(7),NULL,8.0,27.0,7.0,1.0
dbo,z_mif_asset_update,z_commissioned,DATA_TYPE_CHANGED,DATA_TYPE_CHANGED|PRECISION_INCREASED|SCALE_INCREASED,datetime -> datetime2(7),datetime,NULL,8.0,23.0,3.0,1.0,datetime2(7),NULL,8.0,27.0,7.0,1.0
dbo,z_mif_asset_update,z_conditiondate,DATA_TYPE_CHANGED,DATA_TYPE_CHANGED|PRECISION_INCREASED|SCALE_INCREASED,datetime -> datetime2(7),datetime,NULL,8.0,23.0,3.0,1.0,datetime2(7),NULL,8.0,27.0,7.0,1.0
dbo,z_mif_asset_update,z_decomdate,DATA_TYPE_CHANGED,DATA_TYPE_CHANGED|PRECISION_INCREASED|SCALE_INCREASED,datetime -> datetime2(7),datetime,NULL,8.0,23.0,3.0,1.0,datetime2(7),NULL,8.0,27.0,7.0,1.0
dbo,z_mif_asset_update,z_manufacturedate,DATA_TYPE_CHANGED,DATA_TYPE_CHANGED|PRECISION_INCREASED|SCALE_INCREASED,datetime -> datetime2(7),datetime,NULL,8.0,23.0,3.0,1.0,datetime2(7),NULL,8.0,27.0,7.0,1.0
dbo,z_mif_asset_update,z_sourcesysts,DATA_TYPE_CHANGED,DATA_TYPE_CHANGED|PRECISION_INCREASED|SCALE_INCREASED,datetime -> datetime2(7),datetime,NULL,8.0,23.0,3.0,1.0,datetime2(7),NULL,8.0,27.0,7.0,1.0
dbo,z_mif_asset_update,assettype,LENGTH_INCREASED,LENGTH_INCREASED,varchar(25) -> varchar(50),varchar(25),25.0,25.0,0.0,0.0,1.0,varchar(50),50.0,50.0,0.0,0.0,1.0
dbo,z_mif_asset_update,classstructureid,LENGTH_INCREASED,LENGTH_INCREASED,varchar(20) -> varchar(25),varchar(20),20.0,20.0,0.0,0.0,1.0,varchar(25),25.0,25.0,0.0,0.0,1.0
dbo,z_mif_doclinks,documentdata,DATA_TYPE_CHANGED,DATA_TYPE_CHANGED,image -> varbinary(max),image,NULL,16.0,0.0,0.0,1.0,varbinary(max),NULL,-1.0,0.0,0.0,1.0
dbo,z_mif_invbalances,adjustedphyscntdate,DATA_TYPE_CHANGED,DATA_TYPE_CHANGED|PRECISION_INCREASED|SCALE_INCREASED,datetime -> datetime2(7),datetime,NULL,8.0,23.0,3.0,1.0,datetime2(7),NULL,8.0,27.0,7.0,1.0
dbo,z_mif_wo_add,description_longdescription,DATA_TYPE_CHANGED,DATA_TYPE_CHANGED,text -> varchar(max),text,NULL,16.0,0.0,0.0,1.0,varchar(max),NULL,-1.0,0.0,0.0,1.0
dbo,z_mif_wo_add,fh_affecteddate,DATA_TYPE_CHANGED,DATA_TYPE_CHANGED|PRECISION_INCREASED|SCALE_INCREASED,datetime -> datetime2(7),datetime,NULL,8.0,23.0,3.0,1.0,datetime2(7),NULL,8.0,27.0,7.0,1.0
dbo,z_mif_wo_add,reportdate,DATA_TYPE_CHANGED,DATA_TYPE_CHANGED|PRECISION_INCREASED|SCALE_INCREASED,datetime -> datetime2(7),datetime,NULL,8.0,23.0,3.0,1.0,datetime2(7),NULL,8.0,27.0,7.0,1.0
dbo,z_mif_wo_add,targcompdate,DATA_TYPE_CHANGED,DATA_TYPE_CHANGED|PRECISION_INCREASED|SCALE_INCREASED,datetime -> datetime2(7),datetime,NULL,8.0,23.0,3.0,1.0,datetime2(7),NULL,8.0,27.0,7.0,1.0
dbo,z_mif_wo_add,targstartdate,DATA_TYPE_CHANGED,DATA_TYPE_CHANGED|PRECISION_INCREASED|SCALE_INCREASED,datetime -> datetime2(7),datetime,NULL,8.0,23.0,3.0,1.0,datetime2(7),NULL,8.0,27.0,7.0,1.0
dbo,z_mif_wo_add,classstructureid,LENGTH_INCREASED,LENGTH_INCREASED,varchar(20) -> varchar(25),varchar(20),20.0,20.0,0.0,0.0,1.0,varchar(25),25.0,25.0,0.0,0.0,1.0
dbo,z_mif_wo_add,onbehalfof,LENGTH_INCREASED,LENGTH_INCREASED,varchar(62) -> varchar(82),varchar(62),62.0,62.0,0.0,0.0,1.0,varchar(82),82.0,82.0,0.0,0.0,1.0
dbo,z_mif_wo_add,origrecordid,LENGTH_INCREASED,LENGTH_INCREASED,varchar(10) -> varchar(25),varchar(10),10.0,10.0,0.0,0.0,1.0,varchar(25),25.0,25.0,0.0,0.0,1.0
dbo,z_mif_wo_add,parent,LENGTH_INCREASED,LENGTH_INCREASED,varchar(10) -> varchar(25),varchar(10),10.0,10.0,0.0,0.0,1.0,varchar(25),25.0,25.0,0.0,0.0,1.0
dbo,z_mif_wo_add,wonum,LENGTH_INCREASED,LENGTH_INCREASED,varchar(10) -> varchar(25),varchar(10),10.0,10.0,0.0,0.0,1.0,varchar(25),25.0,25.0,0.0,0.0,1.0
dbo,z_mif_wo_sa_add,description_longdescription,DATA_TYPE_CHANGED,DATA_TYPE_CHANGED,text -> varchar(max),text,NULL,16.0,0.0,0.0,1.0,varchar(max),NULL,-1.0,0.0,0.0,1.0
dbo,z_mif_wo_sa_add,fh_affecteddate,DATA_TYPE_CHANGED,DATA_TYPE_CHANGED|PRECISION_INCREASED|SCALE_INCREASED,datetime -> datetime2(7),datetime,NULL,8.0,23.0,3.0,1.0,datetime2(7),NULL,8.0,27.0,7.0,1.0
dbo,z_mif_wo_sa_add,reportdate,DATA_TYPE_CHANGED,DATA_TYPE_CHANGED|PRECISION_INCREASED|SCALE_INCREASED,datetime -> datetime2(7),datetime,NULL,8.0,23.0,3.0,1.0,datetime2(7),NULL,8.0,27.0,7.0,1.0
dbo,z_mif_wo_sa_add,targcompdate,DATA_TYPE_CHANGED,DATA_TYPE_CHANGED|PRECISION_INCREASED|SCALE_INCREASED,datetime -> datetime2(7),datetime,NULL,8.0,23.0,3.0,1.0,datetime2(7),NULL,8.0,27.0,7.0,1.0
dbo,z_mif_wo_sa_add,targstartdate,DATA_TYPE_CHANGED,DATA_TYPE_CHANGED|PRECISION_INCREASED|SCALE_INCREASED,datetime -> datetime2(7),datetime,NULL,8.0,23.0,3.0,1.0,datetime2(7),NULL,8.0,27.0,7.0,1.0
dbo,z_mif_wo_sa_add,classstructureid,LENGTH_INCREASED,LENGTH_INCREASED,varchar(20) -> varchar(25),varchar(20),20.0,20.0,0.0,0.0,1.0,varchar(25),25.0,25.0,0.0,0.0,1.0
dbo,z_mif_wo_sa_add,onbehalfof,LENGTH_INCREASED,LENGTH_INCREASED,varchar(62) -> varchar(82),varchar(62),62.0,62.0,0.0,0.0,1.0,varchar(82),82.0,82.0,0.0,0.0,1.0
dbo,z_mif_wo_sa_add,origrecordid,LENGTH_INCREASED,LENGTH_INCREASED,varchar(10) -> varchar(25),varchar(10),10.0,10.0,0.0,0.0,1.0,varchar(25),25.0,25.0,0.0,0.0,1.0
dbo,z_mif_wo_sa_add,parent,LENGTH_INCREASED,LENGTH_INCREASED,varchar(10) -> varchar(25),varchar(10),10.0,10.0,0.0,0.0,1.0,varchar(25),25.0,25.0,0.0,0.0,1.0
dbo,z_mif_wo_sa_add,saddresscode,LENGTH_INCREASED,LENGTH_INCREASED,varchar(12) -> varchar(25),varchar(12),12.0,12.0,0.0,0.0,1.0,varchar(25),25.0,25.0,0.0,0.0,1.0
dbo,z_mif_wo_sa_add,wonum,LENGTH_INCREASED,LENGTH_INCREASED,varchar(10) -> varchar(25),varchar(10),10.0,10.0,0.0,0.0,1.0,varchar(25),25.0,25.0,0.0,0.0,1.0
dbo,z_mif_wo_sa_add,wsa_wonum,LENGTH_INCREASED,LENGTH_INCREASED,varchar(10) -> varchar(25),varchar(10),10.0,10.0,0.0,0.0,1.0,varchar(25),25.0,25.0,0.0,0.0,1.0
